sample_id,category,split_role,label,defect_type,image_path,mask_path
00078838ad7ec1e3b7dd3876,capsule,fit,0,good,capsule/train/good/104.png,
00095671a535f9f9cb78751d,transistor,fit,0,good,transistor/train/good/037.png,
000d24848c2a6ac1079cc4fa,carpet,final_test,1,thread,carpet/test/thread/008.png,carpet/ground_truth/thread/008_mask.png
0027067f43afcc83c796809b,bottle,final_test,0,good,bottle/test/good/016.png,
003421d5fe80523352059969,toothbrush,fit,0,good,toothbrush/train/good/006.png,
004df60231c9120ac553f5c5,tile,fit,0,good,tile/train/good/040.png,
004e0ba41d920eb80736dd72,leather,fit,0,good,leather/train/good/214.png,
005eb881a6bbb9849508a421,tile,final_test,1,oil,tile/test/oil/016.png,tile/ground_truth/oil/016_mask.png
005f003894301f374a92ed49,grid,final_test,1,bent,grid/test/bent/003.png,grid/ground_truth/bent/003_mask.png
0062139588b3a75635885041,transistor,fit,0,good,transistor/train/good/093.png,
00a78f8a990472adc15aaa5d,capsule,selection,1,faulty_imprint,capsule/test/faulty_imprint/010.png,capsule/ground_truth/faulty_imprint/010_mask.png
00c26b5ee2671e01f182ae4e,cable,final_test,1,cable_swap,cable/test/cable_swap/005.png,cable/ground_truth/cable_swap/005_mask.png
00e4f5f0020e93a0da5a323d,leather,fit,0,good,leather/train/good/147.png,
00eaa4c6211a55720cf02c20,metal_nut,calibration_normal,0,good,metal_nut/train/good/191.png,
00ecaac90e7c19e6e6639f0a,pill,fit,0,good,pill/train/good/120.png,
00fad09c87763ae1c1ec4f91,leather,fit,0,good,leather/train/good/207.png,
00fb6ec3db9650464da8b9a7,grid,fit,0,good,grid/train/good/218.png,
011dd0cf7570843b9579835e,transistor,fit,0,good,transistor/train/good/005.png,
0130a6a9d21cfac64e93cc2e,screw,final_test,1,scratch_neck,screw/test/scratch_neck/018.png,screw/ground_truth/scratch_neck/018_mask.png
01364f7d54061733d016488a,screw,fit,0,good,screw/train/good/219.png,
013c78fda4e9d304b57d684c,transistor,validation_normal,0,good,transistor/train/good/095.png,
01469caaa225d900a5943966,tile,final_test,1,rough,tile/test/rough/002.png,tile/ground_truth/rough/002_mask.png
014e8b1d8033d7ac5e7592eb,carpet,fit,0,good,carpet/train/good/001.png,
016f1c85105ce2637010c18b,carpet,fit,0,good,carpet/train/good/000.png,
017936118b46b99d309f05be,transistor,selection,1,damaged_case,transistor/test/damaged_case/004.png,transistor/ground_truth/damaged_case/004_mask.png
0179f8a5712e80bd71bb027e,hazelnut,fit,0,good,hazelnut/train/good/004.png,
017d8288e70377a4f2288e1b,cable,calibration_normal,0,good,cable/train/good/184.png,
01833a9c55bad1c1e323b417,capsule,final_test,1,crack,capsule/test/crack/009.png,capsule/ground_truth/crack/009_mask.png
018341e8e160aa5b64fccbb9,grid,final_test,1,glue,grid/test/glue/010.png,grid/ground_truth/glue/010_mask.png
018b1372762b37fb6ca3e30c,cable,final_test,1,combined,cable/test/combined/007.png,cable/ground_truth/combined/007_mask.png
019ac00b782883db9e7b7ad7,transistor,fit,0,good,transistor/train/good/098.png,
01a7608b5b163b76f0bf074a,hazelnut,fit,0,good,hazelnut/train/good/290.png,
01ca085e4fa5517c69a68522,cable,fit,0,good,cable/train/good/146.png,
01d9411f09c669437deb1862,cable,fit,0,good,cable/train/good/134.png,
01dadba7efe1dd34b36ec3a9,hazelnut,final_test,1,crack,hazelnut/test/crack/015.png,hazelnut/ground_truth/crack/015_mask.png
01e15927d2310fe061970440,grid,fit,0,good,grid/train/good/144.png,
01f7d8da62996ac213cd7897,grid,calibration_normal,0,good,grid/train/good/263.png,
01ffd7f5ad6e2744a554808b,tile,final_test,1,rough,tile/test/rough/004.png,tile/ground_truth/rough/004_mask.png
020886bee5e1ddc82e548308,grid,calibration_normal,0,good,grid/train/good/038.png,
020c74526d7dc5c84b3b2bae,toothbrush,fit,0,good,toothbrush/train/good/034.png,
0210fdedf09dd16b9af5d420,screw,selection,1,scratch_head,screw/test/scratch_head/018.png,screw/ground_truth/scratch_head/018_mask.png
02139c4ce273ae96b5e86c0d,wood,final_test,1,scratch,wood/test/scratch/013.png,wood/ground_truth/scratch/013_mask.png
021a2a4c9c1160c0e81d652e,tile,fit,0,good,tile/train/good/066.png,
0236dfb19d3a9fa1d4088de0,cable,fit,0,good,cable/train/good/211.png,
023afdf57fe2362cbf6bb96c,pill,validation_normal,0,good,pill/train/good/104.png,
02407128951b2a3fa90dc7f0,wood,fit,0,good,wood/train/good/113.png,
02511e5d17a566e3d89baa6d,cable,final_test,1,cut_outer_insulation,cable/test/cut_outer_insulation/008.png,cable/ground_truth/cut_outer_insulation/008_mask.png
025de9548786cb5f4f62c49a,carpet,final_test,1,thread,carpet/test/thread/018.png,carpet/ground_truth/thread/018_mask.png
026723ade85858507898aae4,wood,fit,0,good,wood/train/good/153.png,
026c54e49b6941f578a6ce8a,transistor,fit,0,good,transistor/train/good/157.png,
02773a9f2e0bc1026c54dfdb,screw,fit,0,good,screw/train/good/083.png,
027b97e2b1a7acda31819f28,pill,selection,1,color,pill/test/color/007.png,pill/ground_truth/color/007_mask.png
027cbc9b9f96a6c6ce5ea922,capsule,fit,0,good,capsule/train/good/128.png,
0293c9dd897b544756bd4f18,transistor,fit,0,good,transistor/train/good/183.png,
02a71dc62eec116a98162792,pill,fit,0,good,pill/train/good/075.png,
02a71fcdbe105c9b70290d8d,hazelnut,fit,0,good,hazelnut/train/good/174.png,
02aa32148038552e4c2ba927,pill,fit,0,good,pill/train/good/256.png,
02ad22452e75899491ba12bb,tile,fit,0,good,tile/train/good/107.png,
02b1fd32d22d209616bb5447,cable,fit,0,good,cable/train/good/040.png,
02c2c27f6adff4e88ffe990c,cable,selection,1,combined,cable/test/combined/009.png,cable/ground_truth/combined/009_mask.png
02d946a9aa35fca882d4ae72,grid,validation_normal,0,good,grid/train/good/119.png,
02e67a54bd761b4eef6cea80,carpet,fit,0,good,carpet/train/good/047.png,
0319bb0818a28a6270d0fc90,screw,fit,0,good,screw/train/good/081.png,
032a14a6e16d67864946b5f6,transistor,fit,0,good,transistor/train/good/128.png,
032b4d05a4fe2e013ebe08d8,zipper,final_test,1,fabric_interior,zipper/test/fabric_interior/006.png,zipper/ground_truth/fabric_interior/006_mask.png
033e2977e14f93697e6600b8,transistor,fit,0,good,transistor/train/good/087.png,
036d2d4e637774075bc5bd78,grid,selection,0,good,grid/test/good/000.png,
037e02d2a9dc864ff438c9e5,grid,validation_normal,0,good,grid/train/good/149.png,
03a83dd1e26fa4b9ff608d3f,hazelnut,fit,0,good,hazelnut/train/good/099.png,
03cb857df18c11c1660facb7,capsule,final_test,1,scratch,capsule/test/scratch/001.png,capsule/ground_truth/scratch/001_mask.png
03d14524e9f413b156b8f5a9,hazelnut,validation_normal,0,good,hazelnut/train/good/345.png,
03d24350ed9417bd8819d9b0,hazelnut,final_test,0,good,hazelnut/test/good/001.png,
03d7d0ab871866266944b7c5,grid,calibration_normal,0,good,grid/train/good/242.png,
03dabc8aaf5e68be190b7375,transistor,fit,0,good,transistor/train/good/008.png,
03ecd083f0f1aad5be609222,metal_nut,fit,0,good,metal_nut/train/good/004.png,
03ecf9152cd88f6d613b61c2,metal_nut,calibration_normal,0,good,metal_nut/train/good/204.png,
03f69efdea28c475a3055e2d,screw,selection,1,scratch_neck,screw/test/scratch_neck/003.png,screw/ground_truth/scratch_neck/003_mask.png
03ffcb7b9c48389f911d0266,zipper,selection,1,squeezed_teeth,zipper/test/squeezed_teeth/015.png,zipper/ground_truth/squeezed_teeth/015_mask.png
042cfb5d77da28db089bcfd4,capsule,fit,0,good,capsule/train/good/134.png,
043df2799606055b45a86614,screw,fit,0,good,screw/train/good/089.png,
0449fc2022c275b12c9bd49b,hazelnut,calibration_normal,0,good,hazelnut/train/good/308.png,
044c2da8c15481f151a8b2b5,cable,selection,1,cut_outer_insulation,cable/test/cut_outer_insulation/003.png,cable/ground_truth/cut_outer_insulation/003_mask.png
046004700575ed2affeb337b,carpet,fit,0,good,carpet/train/good/167.png,
0461583cc0de16757c2c3420,pill,fit,0,good,pill/train/good/136.png,
048c1abaf2030def8a5c481e,metal_nut,selection,1,bent,metal_nut/test/bent/015.png,metal_nut/ground_truth/bent/015_mask.png
0491b46167d6a833450af4fb,carpet,fit,0,good,carpet/train/good/100.png,
04a083a4a88694dc39843927,carpet,calibration_normal,0,good,carpet/train/good/027.png,
04a56a89bcfd79d4091e5b08,hazelnut,fit,0,good,hazelnut/train/good/208.png,
04b4192a0bd8651b80fea132,pill,validation_normal,0,good,pill/train/good/237.png,
04b5c8dc73cf5223eb2a6e2d,hazelnut,calibration_normal,0,good,hazelnut/train/good/025.png,
04bd519b6518616380298168,pill,final_test,1,scratch,pill/test/scratch/010.png,pill/ground_truth/scratch/010_mask.png
04c0e915bfcfcb4bfbba5271,wood,fit,0,good,wood/train/good/133.png,
04c44b004db1c0d0ce2d4f2e,carpet,fit,0,good,carpet/train/good/131.png,
04ca674a5b713e44012e221c,toothbrush,fit,0,good,toothbrush/train/good/029.png,
04d3e1d5052f492e5c2e247b,cable,selection,1,cable_swap,cable/test/cable_swap/009.png,cable/ground_truth/cable_swap/009_mask.png
04e1c3bcbadc8bff4e5028cc,screw,fit,0,good,screw/train/good/295.png,
04f17ae9843a17d7d6961a7d,carpet,calibration_normal,0,good,carpet/train/good/262.png,
04ffcbdfe590564c67cb2321,metal_nut,fit,0,good,metal_nut/train/good/184.png,
050c48c0f67da8b4bfc244e7,carpet,calibration_normal,0,good,carpet/train/good/243.png,
050edc63ab05fdb58d5ecbc4,pill,final_test,1,combined,pill/test/combined/013.png,pill/ground_truth/combined/013_mask.png
052644c79a32eac3f19f6192,wood,validation_normal,0,good,wood/train/good/064.png,
052ce690d340ec3e1cb0ff2b,grid,validation_normal,0,good,grid/train/good/114.png,
054bb0202619dbd33d7a1463,metal_nut,calibration_normal,0,good,metal_nut/train/good/114.png,
0553a9ece13315a3805c3a21,wood,fit,0,good,wood/train/good/051.png,
0563f280950c965784140f4d,zipper,fit,0,good,zipper/train/good/079.png,
05657f6cd314e555d188373c,leather,validation_normal,0,good,leather/train/good/220.png,
0568a25afe6a0cf2fb8d8edf,tile,final_test,0,good,tile/test/good/016.png,
056e7104bd3956019b839dd9,bottle,fit,0,good,bottle/train/good/114.png,
0579db7e47631dcca61f8a8c,wood,fit,0,good,wood/train/good/231.png,
059669bd5b48d39105f0009d,hazelnut,fit,0,good,hazelnut/train/good/193.png,
05c74a2cad6c832f1cf9ac5d,hazelnut,fit,0,good,hazelnut/train/good/251.png,
05caab43dbc03e0ecee5ec57,capsule,fit,0,good,capsule/train/good/013.png,
05dd862d4a46cb7fae47db68,hazelnut,fit,0,good,hazelnut/train/good/097.png,
05e6f03be4bc41896c7f7c77,transistor,fit,0,good,transistor/train/good/178.png,
05f9745b720f6b1dbf32f205,carpet,calibration_normal,0,good,carpet/train/good/238.png,
0608d547689297302c89a74a,wood,fit,0,good,wood/train/good/002.png,
063129f484a465b613461a00,transistor,selection,1,misplaced,transistor/test/misplaced/007.png,transistor/ground_truth/misplaced/007_mask.png
063996e89d2004ba7ca108d1,leather,fit,0,good,leather/train/good/234.png,
0651c705c78299b0b70ca6fe,bottle,calibration_normal,0,good,bottle/train/good/038.png,
0654065e0dabaa79f341ed01,transistor,final_test,1,damaged_case,transistor/test/damaged_case/000.png,transistor/ground_truth/damaged_case/000_mask.png
065b45204edb535dc952078a,hazelnut,final_test,1,hole,hazelnut/test/hole/002.png,hazelnut/ground_truth/hole/002_mask.png
0686b0ff1deb3d651f29d6ff,hazelnut,final_test,0,good,hazelnut/test/good/025.png,
06a281cfc20ab7d025679af0,bottle,fit,0,good,bottle/train/good/199.png,
06a95645d1ccaf0ad3bd7e49,capsule,final_test,1,squeeze,capsule/test/squeeze/015.png,capsule/ground_truth/squeeze/015_mask.png
06ad502665437c8565cfe798,tile,final_test,0,good,tile/test/good/001.png,
06b809efd92dfc4d0e495988,cable,calibration_normal,0,good,cable/train/good/210.png,
06d0503d5ba4a70e9a8ab954,zipper,calibration_normal,0,good,zipper/train/good/127.png,
06d224f9603a8b5e950eb09b,zipper,fit,0,good,zipper/train/good/235.png,
06e513cb67260796f144247e,carpet,fit,0,good,carpet/train/good/247.png,
06e778856b28c74c79de0804,carpet,fit,0,good,carpet/train/good/056.png,
06eca920f7dbd8096029cb59,transistor,fit,0,good,transistor/train/good/077.png,
06edbd9c2835f8b54f84918d,bottle,fit,0,good,bottle/train/good/158.png,
06f09e38474ac20894e2a5c8,transistor,fit,0,good,transistor/train/good/184.png,
06f5b956adb2fcb7c1670a8d,carpet,fit,0,good,carpet/train/good/053.png,
0703861a7d04e867648472de,leather,fit,0,good,leather/train/good/124.png,
0705a6277e5dc7625fdfa8a4,wood,fit,0,good,wood/train/good/191.png,
070648f03ffb2942ef43eb78,hazelnut,selection,1,crack,hazelnut/test/crack/002.png,hazelnut/ground_truth/crack/002_mask.png
0708aeae20ed3b968caf3b3d,hazelnut,final_test,1,print,hazelnut/test/print/007.png,hazelnut/ground_truth/print/007_mask.png
071420f768f2f04b140d1112,carpet,validation_normal,0,good,carpet/train/good/252.png,
071c8e4c0d19eb281f107c73,tile,selection,1,rough,tile/test/rough/010.png,tile/ground_truth/rough/010_mask.png
07203a20a479279d358d7917,metal_nut,final_test,1,bent,metal_nut/test/bent/000.png,metal_nut/ground_truth/bent/000_mask.png
07318e9321dfab16785999f8,cable,calibration_normal,0,good,cable/train/good/223.png,
074b28aaa7edf8c5187561ce,transistor,final_test,1,cut_lead,transistor/test/cut_lead/001.png,transistor/ground_truth/cut_lead/001_mask.png
074bdd2b224b5fdf3a99f0cf,hazelnut,fit,0,good,hazelnut/train/good/013.png,
07564ab7fcfb6d42936feece,carpet,calibration_normal,0,good,carpet/train/good/003.png,
075ef8a7885ff32f0677a544,cable,validation_normal,0,good,cable/train/good/045.png,
075f4de9f51f0926c7771eda,capsule,final_test,1,crack,capsule/test/crack/018.png,capsule/ground_truth/crack/018_mask.png
0771de8bd3536083631c24e2,carpet,final_test,1,hole,carpet/test/hole/013.png,carpet/ground_truth/hole/013_mask.png
0790cf2ec11c5386aa6f520a,wood,final_test,1,combined,wood/test/combined/010.png,wood/ground_truth/combined/010_mask.png
0792f8358994e2af5db7adcc,metal_nut,fit,0,good,metal_nut/train/good/031.png,
0799cfa78c964d82319b04ae,grid,fit,0,good,grid/train/good/004.png,
07a44473553c6373c0d49e6b,zipper,final_test,0,good,zipper/test/good/005.png,
07b2808920a0adc3926aa04e,zipper,final_test,1,combined,zipper/test/combined/009.png,zipper/ground_truth/combined/009_mask.png
07b6a9f30d4aff1a64cf7339,wood,fit,0,good,wood/train/good/061.png,
07c00b2a796b5d405097f6cb,metal_nut,fit,0,good,metal_nut/train/good/190.png,
07c9cb94953e241ce12118c8,tile,selection,1,rough,tile/test/rough/006.png,tile/ground_truth/rough/006_mask.png
07ccc227413ada79b1ba4dab,bottle,fit,0,good,bottle/train/good/205.png,
07cf27df7e040b20584f9df6,screw,fit,0,good,screw/train/good/253.png,
07d45391f4235595274f57de,carpet,selection,0,good,carpet/test/good/006.png,
07d87b18320c4cfb4b0a47a1,zipper,selection,1,rough,zipper/test/rough/009.png,zipper/ground_truth/rough/009_mask.png
07f320e99c6f4bfa6e7482b1,toothbrush,selection,1,defective,toothbrush/test/defective/005.png,toothbrush/ground_truth/defective/005_mask.png
07fdf05a736a89545dba35f5,carpet,fit,0,good,carpet/train/good/057.png,
08043aff18e05d3807b74adc,transistor,fit,0,good,transistor/train/good/050.png,
0805559c13b916dda1795590,screw,fit,0,good,screw/train/good/164.png,
080c542b7f00be8d392ae50b,cable,final_test,1,missing_cable,cable/test/missing_cable/007.png,cable/ground_truth/missing_cable/007_mask.png
081259eb86d711abd8eee5a6,grid,fit,0,good,grid/train/good/156.png,
082a784b61cb7e1a64520c98,wood,fit,0,good,wood/train/good/054.png,
082d4f8d58a31df2ddc6aca4,pill,final_test,1,crack,pill/test/crack/007.png,pill/ground_truth/crack/007_mask.png
086dc42cc8018e0556f90216,metal_nut,final_test,1,flip,metal_nut/test/flip/003.png,metal_nut/ground_truth/flip/003_mask.png
08777ac41887da4a3e56601f,leather,fit,0,good,leather/train/good/111.png,
087d4e39fc3da1f03db59a99,cable,fit,0,good,cable/train/good/165.png,
087fec332053d7d262e179bc,tile,fit,0,good,tile/train/good/211.png,
088009734af7a5a95e8ce3dd,cable,fit,0,good,cable/train/good/151.png,
08828315148dc8aa9beaf4ba,pill,fit,0,good,pill/train/good/261.png,
088506d03a3467b9bfcbe8bb,capsule,fit,0,good,capsule/train/good/169.png,
0888f105b755ac1feb51cea6,leather,fit,0,good,leather/train/good/211.png,
088c6cd6520ba6869e7106a9,capsule,fit,0,good,capsule/train/good/148.png,
08a6071e11c4efd177e89220,grid,fit,0,good,grid/train/good/206.png,
08a6abeeb739d0df315b413d,grid,fit,0,good,grid/train/good/231.png,
08a7fc8bca42900fcc4a8f2b,leather,final_test,1,color,leather/test/color/005.png,leather/ground_truth/color/005_mask.png
08bc0ee76760d64de807d5dc,grid,selection,0,good,grid/test/good/010.png,
08bdebd455b4c0ef75410ea5,screw,fit,0,good,screw/train/good/290.png,
08d365b95137bbd40d82394b,tile,validation_normal,0,good,tile/train/good/005.png,
08d4e053d556b3b5d9c534fd,grid,fit,0,good,grid/train/good/048.png,
08dff0f0758a91e41de73037,cable,fit,0,good,cable/train/good/062.png,
08e275fe785d5f1f81bd706e,hazelnut,selection,0,good,hazelnut/test/good/034.png,
08e9899a283edf9e462883d2,metal_nut,fit,0,good,metal_nut/train/good/177.png,
08f640bb4a019fca18d0d524,hazelnut,final_test,1,print,hazelnut/test/print/002.png,hazelnut/ground_truth/print/002_mask.png
09060f38fee1e2612479fe92,capsule,fit,0,good,capsule/train/good/118.png,
090d722d1e050d8d068fa3b3,cable,final_test,0,good,cable/test/good/036.png,
09128af96a0299ecb3b85aae,hazelnut,selection,0,good,hazelnut/test/good/039.png,
091df063030408f5e475362b,grid,fit,0,good,grid/train/good/084.png,
0925d5aa12c48f9633293478,grid,selection,1,bent,grid/test/bent/001.png,grid/ground_truth/bent/001_mask.png
0929cf8e06522b59f5bbce9d,pill,calibration_normal,0,good,pill/train/good/118.png,
092a794622b97646fb64d782,cable,selection,1,cable_swap,cable/test/cable_swap/006.png,cable/ground_truth/cable_swap/006_mask.png
093447b29efb29519350277a,cable,fit,0,good,cable/train/good/117.png,
093b0b6a78aeae1600b7f700,hazelnut,final_test,0,good,hazelnut/test/good/037.png,
093d3112025778b85eb992a6,pill,selection,1,color,pill/test/color/015.png,pill/ground_truth/color/015_mask.png
094346dc49d642b270cc09c6,hazelnut,fit,0,good,hazelnut/train/good/117.png,
09515984ded6a43202f9c2a3,capsule,fit,0,good,capsule/train/good/164.png,
0957ccb6d9159e1818e665e3,hazelnut,final_test,1,crack,hazelnut/test/crack/010.png,hazelnut/ground_truth/crack/010_mask.png
097363360430f288d60a00e3,metal_nut,fit,0,good,metal_nut/train/good/119.png,
097c0335b66878890fc097d8,carpet,validation_normal,0,good,carpet/train/good/179.png,
097e4bf5b80244a253810a17,metal_nut,fit,0,good,metal_nut/train/good/094.png,
098c6ae66283437c6eec0f4b,grid,final_test,1,glue,grid/test/glue/004.png,grid/ground_truth/glue/004_mask.png
099a6bf88a91fbf7451088bf,capsule,final_test,1,scratch,capsule/test/scratch/017.png,capsule/ground_truth/scratch/017_mask.png
09cb580036af15f604e0a936,tile,fit,0,good,tile/train/good/080.png,
09ceee8a92f0721eae7c0cfb,transistor,final_test,1,damaged_case,transistor/test/damaged_case/009.png,transistor/ground_truth/damaged_case/009_mask.png
09d12a1fcfbfbf40135d9b44,transistor,final_test,0,good,transistor/test/good/039.png,
09f658b4a24b0f10b580d162,capsule,fit,0,good,capsule/train/good/073.png,
0a008c8627439ecc49ad3175,zipper,fit,0,good,zipper/train/good/044.png,
0a047c8a09eadd197b724a3a,bottle,calibration_normal,0,good,bottle/train/good/060.png,
0a17eb0edf7b06c4ceb998a8,tile,fit,0,good,tile/train/good/125.png,
0a1a311d548f3d633f02e981,bottle,calibration_normal,0,good,bottle/train/good/113.png,
0a2cb4376090d383c3b6f312,pill,calibration_normal,0,good,pill/train/good/175.png,
0a370a065a433d6e4f51f818,hazelnut,fit,0,good,hazelnut/train/good/086.png,
0a37820ddbdfde9a9874d28b,cable,final_test,0,good,cable/test/good/007.png,
0a3b883cde2ac10844a02a9a,tile,fit,0,good,tile/train/good/067.png,
0a5a00cbc2fb526e0cca00f8,carpet,fit,0,good,carpet/train/good/209.png,
0a694b1d0fafeba8764c2941,bottle,fit,0,good,bottle/train/good/008.png,
0a785c3400e9803b2889053b,carpet,fit,0,good,carpet/train/good/132.png,
0a8688341a6d2792a608a110,leather,fit,0,good,leather/train/good/041.png,
0a8956f99af033c3bf1493d3,grid,calibration_normal,0,good,grid/train/good/238.png,
0ab7107a473b819858e5d6d4,capsule,fit,0,good,capsule/train/good/099.png,
0abf220cf568b384f8a68668,screw,selection,1,manipulated_front,screw/test/manipulated_front/022.png,screw/ground_truth/manipulated_front/022_mask.png
0ad495086a38b52eaa9bb0b2,carpet,calibration_normal,0,good,carpet/train/good/240.png,
0ae65f40278e90da4ca34c3c,carpet,selection,1,metal_contamination,carpet/test/metal_contamination/007.png,carpet/ground_truth/metal_contamination/007_mask.png
0b05b0bd7ba566c11ea38a02,carpet,final_test,1,hole,carpet/test/hole/015.png,carpet/ground_truth/hole/015_mask.png
0b1440762310e45438711726,hazelnut,fit,0,good,hazelnut/train/good/236.png,
0b1fd0b9575196c26b5628d1,tile,validation_normal,0,good,tile/train/good/100.png,
0b21212143a588b4bf687c48,carpet,calibration_normal,0,good,carpet/train/good/183.png,
0b228ff2211a0f76c77d5abf,zipper,calibration_normal,0,good,zipper/train/good/239.png,
0b231155a481c7306574d879,screw,fit,0,good,screw/train/good/043.png,
0b43f1dd9a999d6a64849ade,zipper,fit,0,good,zipper/train/good/103.png,
0b4658062e583a642848ad96,transistor,final_test,1,misplaced,transistor/test/misplaced/006.png,transistor/ground_truth/misplaced/006_mask.png
0b4b59a9e34cf6ddf757ff8b,grid,fit,0,good,grid/train/good/224.png,
0b4da457c9c7a1793db21c3b,hazelnut,fit,0,good,hazelnut/train/good/255.png,
0b50121e5e75883bd7854736,toothbrush,fit,0,good,toothbrush/train/good/049.png,
0b63e08c87099b04cb149e2c,screw,validation_normal,0,good,screw/train/good/079.png,
0b694b291200c22a5a63670e,hazelnut,calibration_normal,0,good,hazelnut/train/good/063.png,
0b6f1cb2861c72b5ba280601,grid,validation_normal,0,good,grid/train/good/078.png,
0b80b5bbacd66d95ef8a81fc,hazelnut,fit,0,good,hazelnut/train/good/335.png,
0b99ccab4ed614817c8e285b,wood,final_test,1,hole,wood/test/hole/008.png,wood/ground_truth/hole/008_mask.png
0bb94d6a5fbe08b359516cdc,pill,fit,0,good,pill/train/good/024.png,
0bc1c73f380d8bf1e160921c,transistor,fit,0,good,transistor/train/good/033.png,
0bc92db80640dd0b649a32a7,hazelnut,calibration_normal,0,good,hazelnut/train/good/095.png,
0bd3e402bc5df173824f05f4,metal_nut,selection,0,good,metal_nut/test/good/002.png,
0bd68801706b9e05a0ee3bf9,grid,final_test,0,good,grid/test/good/014.png,
0bd743a4b96c7aa74646d50a,screw,fit,0,good,screw/train/good/287.png,
0bd92e65264ddd03515a0a8a,screw,fit,0,good,screw/train/good/303.png,
0bf1caf712522617913004b2,wood,fit,0,good,wood/train/good/183.png,
0bf4b114dcbb0c52449ee43f,leather,fit,0,good,leather/train/good/009.png,
0bfcdb3f96a652cacee57ac1,leather,final_test,1,poke,leather/test/poke/007.png,leather/ground_truth/poke/007_mask.png
0c062523203742320fadded6,metal_nut,final_test,1,scratch,metal_nut/test/scratch/017.png,metal_nut/ground_truth/scratch/017_mask.png
0c0e02f035d19bbc5fc32dc9,bottle,selection,1,contamination,bottle/test/contamination/005.png,bottle/ground_truth/contamination/005_mask.png
0c4878c4d00c7ab464615249,metal_nut,fit,0,good,metal_nut/train/good/127.png,
0c5c01854825660620a371a1,cable,final_test,1,cable_swap,cable/test/cable_swap/007.png,cable/ground_truth/cable_swap/007_mask.png
0c5d3defdb73482d7c3a1683,tile,fit,0,good,tile/train/good/057.png,
0c63a8ddde9c72cf327c4f28,carpet,fit,0,good,carpet/train/good/185.png,
0c6c9d6c4574c73d0f5d2226,hazelnut,fit,0,good,hazelnut/train/good/132.png,
0c711616ea912a46f300e9ac,tile,fit,0,good,tile/train/good/118.png,
0c78460a7222a0c4474e0676,cable,final_test,0,good,cable/test/good/029.png,
0c860b4c00b7e645507e8bad,zipper,final_test,0,good,zipper/test/good/014.png,
0c93d3336b83de008bc9ab1a,cable,fit,0,good,cable/train/good/058.png,
0c998a719dad4f6d507d825d,wood,fit,0,good,wood/train/good/028.png,
0c9ba106117c50e3e2de2154,transistor,fit,0,good,transistor/train/good/143.png,
0c9bcd0f6830ad9b90df9636,grid,final_test,1,metal_contamination,grid/test/metal_contamination/002.png,grid/ground_truth/metal_contamination/002_mask.png
0ccd2055da4d32173d2d9c26,screw,calibration_normal,0,good,screw/train/good/226.png,
0cddfa5721942800ba2c1f85,screw,fit,0,good,screw/train/good/122.png,
0ce7e6168040f271057cb953,metal_nut,fit,0,good,metal_nut/train/good/089.png,
0cea682591a8d9687ecdd2db,hazelnut,selection,1,cut,hazelnut/test/cut/003.png,hazelnut/ground_truth/cut/003_mask.png
0cede0c7732d4815958f6b05,metal_nut,fit,0,good,metal_nut/train/good/088.png,
0cf85a8a15c9b322ecfc71cb,screw,final_test,1,scratch_neck,screw/test/scratch_neck/023.png,screw/ground_truth/scratch_neck/023_mask.png
0cf9a26fd9dda9db0818665a,hazelnut,fit,0,good,hazelnut/train/good/083.png,
0d0f30c980927ffe7ee25dde,leather,fit,0,good,leather/train/good/151.png,
0d123af3c058a628812a1452,screw,fit,0,good,screw/train/good/132.png,
0d1519f521496ffc51ef41a7,cable,fit,0,good,cable/train/good/174.png,
0d1680342ba42242770a5292,tile,fit,0,good,tile/train/good/178.png,
0d1f0fa748f1dcf6b679a5e7,transistor,fit,0,good,transistor/train/good/022.png,
0d2b1c1ca35cbe8352c651e7,zipper,validation_normal,0,good,zipper/train/good/018.png,
0d3b141fe306f3a5e5e0d398,metal_nut,validation_normal,0,good,metal_nut/train/good/181.png,
0d4c0e3e5c53a11bcfb6636a,grid,selection,0,good,grid/test/good/020.png,
0d5fcc401d34ac5258e2748c,carpet,fit,0,good,carpet/train/good/120.png,
0d687eec93f0084913cda97b,cable,fit,0,good,cable/train/good/018.png,
0d6e8ca83fd4fa2b8f8d609b,carpet,final_test,1,cut,carpet/test/cut/012.png,carpet/ground_truth/cut/012_mask.png
0d708ec900f2ab2587e938ef,tile,validation_normal,0,good,tile/train/good/142.png,
0d79c7e908bc19911399858f,tile,fit,0,good,tile/train/good/012.png,
0d80e6fca789ac388d94f035,tile,fit,0,good,tile/train/good/093.png,
0d8a258b2a6f561d54ff779d,bottle,fit,0,good,bottle/train/good/076.png,
0da3dcebd3cf668fe13b87cb,bottle,fit,0,good,bottle/train/good/093.png,
0dc064ab5042055b436c1f04,carpet,fit,0,good,carpet/train/good/221.png,
0dcaebd0ab265d93ca2594f2,hazelnut,fit,0,good,hazelnut/train/good/001.png,
0dd8fee08cbc5619579d16d9,transistor,fit,0,good,transistor/train/good/109.png,
0e147fa4d4ffce4e334a0993,cable,fit,0,good,cable/train/good/170.png,
0e1bf3e2bb8e9c4fd91f574f,screw,final_test,0,good,screw/test/good/027.png,
0e1c2c8dc3977e3c0dfb8a71,leather,final_test,1,cut,leather/test/cut/009.png,leather/ground_truth/cut/009_mask.png
0e1ceacdf275573ab95d4eaa,leather,final_test,1,glue,leather/test/glue/005.png,leather/ground_truth/glue/005_mask.png
0e20fb8d62bcef02e118f5b6,carpet,final_test,1,color,carpet/test/color/002.png,carpet/ground_truth/color/002_mask.png
0e38e898713f90b921e502ec,hazelnut,fit,0,good,hazelnut/train/good/332.png,
0e3db1adf07cddffd3adcac0,pill,validation_normal,0,good,pill/train/good/030.png,
0e43ea4d4adbe2ec9e334212,pill,fit,0,good,pill/train/good/158.png,
0e4c86eeb7037df21cc8700b,wood,validation_normal,0,good,wood/train/good/098.png,
0e6be815ae1dba48c60fd416,carpet,validation_normal,0,good,carpet/train/good/121.png,
0e991508d0588b5e99a7aee2,transistor,fit,0,good,transistor/train/good/017.png,
0eb10240d81183efa7228c43,grid,calibration_normal,0,good,grid/train/good/103.png,
0ecedfee22f6e5cc8aea2b55,tile,calibration_normal,0,good,tile/train/good/117.png,
0f03dbc77f54310cb5bb18f1,cable,fit,0,good,cable/train/good/029.png,
0f19f8b890111a81d82caa86,hazelnut,fit,0,good,hazelnut/train/good/321.png,
0f1c7eaf128401517cfd1e56,screw,selection,1,thread_side,screw/test/thread_side/015.png,screw/ground_truth/thread_side/015_mask.png
0f26805bb5a373a1b0618b51,carpet,selection,1,cut,carpet/test/cut/016.png,carpet/ground_truth/cut/016_mask.png
0f27d1e0b7c615ffaff9463a,zipper,fit,0,good,zipper/train/good/163.png,
0f27eb268f990c03122fddc1,metal_nut,fit,0,good,metal_nut/train/good/045.png,
0f3d15bc9137924626af3115,pill,validation_normal,0,good,pill/train/good/154.png,
0f3e33a33be5b6b21c69296c,zipper,calibration_normal,0,good,zipper/train/good/220.png,
0f6facc72ffd4c357b4b62a0,metal_nut,selection,1,scratch,metal_nut/test/scratch/001.png,metal_nut/ground_truth/scratch/001_mask.png
0f7835f8f21c50b2f31acc30,metal_nut,fit,0,good,metal_nut/train/good/009.png,
0f7a0365a3c8b68b05027d80,screw,fit,0,good,screw/train/good/211.png,
0f887688b7eaf5d962b2de2b,tile,final_test,1,crack,tile/test/crack/013.png,tile/ground_truth/crack/013_mask.png
0fa389ecd9142ff4a19a9ce0,zipper,fit,0,good,zipper/train/good/036.png,
0fb5ccce85d2e321d0fc3b0c,hazelnut,fit,0,good,hazelnut/train/good/056.png,
0fbc8983030290e4b6cf06fb,tile,selection,1,oil,tile/test/oil/007.png,tile/ground_truth/oil/007_mask.png
0fcd51bc4b1dbde8b7418246,wood,fit,0,good,wood/train/good/080.png,
0fdb0a236b52d7eea637ef28,screw,final_test,1,thread_side,screw/test/thread_side/018.png,screw/ground_truth/thread_side/018_mask.png
0febd87f1ea6b0cd4e79c39e,cable,fit,0,good,cable/train/good/192.png,
0ff10e8cf2b4eb69601f27cc,leather,fit,0,good,leather/train/good/037.png,
0ff4b4b9a639fe97cd8b4ce8,transistor,final_test,1,misplaced,transistor/test/misplaced/000.png,transistor/ground_truth/misplaced/000_mask.png
0ffcc280dc351eabe948499b,pill,final_test,1,combined,pill/test/combined/000.png,pill/ground_truth/combined/000_mask.png
0ffda2555ef297389a0023e9,hazelnut,final_test,1,print,hazelnut/test/print/005.png,hazelnut/ground_truth/print/005_mask.png
101be74e2f98e92dce6bb445,toothbrush,fit,0,good,toothbrush/train/good/059.png,
102ff0ed4620ecc8487cce64,transistor,calibration_normal,0,good,transistor/train/good/164.png,
104e4a2f51f62e97c00e874e,carpet,calibration_normal,0,good,carpet/train/good/178.png,
1052ee70eb17904636cb4ccd,grid,fit,0,good,grid/train/good/251.png,
10554285cd4529faad4ade9c,hazelnut,selection,0,good,hazelnut/test/good/018.png,
105ae0d3ed6955b301fd72ba,hazelnut,calibration_normal,0,good,hazelnut/train/good/296.png,
106283d02d6870070b9116ab,transistor,final_test,0,good,transistor/test/good/018.png,
1066148668013df14c0430c8,screw,selection,0,good,screw/test/good/019.png,
106f165190869ba833ce3c39,wood,calibration_normal,0,good,wood/train/good/124.png,
10774c92ec8182b5507fa573,leather,fit,0,good,leather/train/good/128.png,
107cc029f6ab68c7371ebf22,zipper,calibration_normal,0,good,zipper/train/good/169.png,
10a337c36496be0652b4bb62,capsule,fit,0,good,capsule/train/good/085.png,
10a70b67c236cac6dd5c8d00,wood,fit,0,good,wood/train/good/036.png,
10aad6970170d72719d3c03b,hazelnut,final_test,1,hole,hazelnut/test/hole/001.png,hazelnut/ground_truth/hole/001_mask.png
10be4b44949d297a8f4e3c9d,leather,selection,1,poke,leather/test/poke/008.png,leather/ground_truth/poke/008_mask.png
10bf2e05b17594c45f6c17fc,screw,calibration_normal,0,good,screw/train/good/036.png,
10c07041e57064322bedd15d,bottle,final_test,1,contamination,bottle/test/contamination/010.png,bottle/ground_truth/contamination/010_mask.png
10d06b6cc31d70fcdfea8570,pill,fit,0,good,pill/train/good/114.png,
10d4f4a91d24d8feb63f58c6,screw,fit,0,good,screw/train/good/052.png,
10dadc9b33db34c482f687f8,wood,final_test,1,scratch,wood/test/scratch/003.png,wood/ground_truth/scratch/003_mask.png
10db6be983f64fccfb973752,screw,fit,0,good,screw/train/good/239.png,
10ececebd0ff06a3b75be87c,leather,final_test,1,cut,leather/test/cut/012.png,leather/ground_truth/cut/012_mask.png
10fb85345d685a27da543040,screw,calibration_normal,0,good,screw/train/good/046.png,
10fd71f02fb2ca1357c7736b,zipper,selection,1,broken_teeth,zipper/test/broken_teeth/006.png,zipper/ground_truth/broken_teeth/006_mask.png
110bde73d46eb4345c977225,pill,fit,0,good,pill/train/good/253.png,
11442aabe465ffdb5130bfdd,grid,calibration_normal,0,good,grid/train/good/097.png,
114efa9ed9ed99da2fa16b3a,capsule,calibration_normal,0,good,capsule/train/good/069.png,
11583120eaa9ca82ea334b21,capsule,selection,1,poke,capsule/test/poke/000.png,capsule/ground_truth/poke/000_mask.png
1159f4ab634549303e4e3056,capsule,fit,0,good,capsule/train/good/215.png,
115db474df42e81a2c1aea93,screw,final_test,1,thread_top,screw/test/thread_top/011.png,screw/ground_truth/thread_top/011_mask.png
1172d6c4e4e422b8c340b1cb,transistor,fit,0,good,transistor/train/good/127.png,
117db51cc67cadf93f4cd250,screw,calibration_normal,0,good,screw/train/good/151.png,
11a562431738deecc5cc50b2,wood,selection,1,combined,wood/test/combined/009.png,wood/ground_truth/combined/009_mask.png
11b1f6b9162d87dec8bc34c0,cable,selection,0,good,cable/test/good/047.png,
11c9cadc0f70d556fa43ad54,zipper,fit,0,good,zipper/train/good/020.png,
11cc4b3bc4f55528ee498c40,pill,validation_normal,0,good,pill/train/good/178.png,
11d1d5a72c5792007954b37d,tile,selection,1,gray_stroke,tile/test/gray_stroke/013.png,tile/ground_truth/gray_stroke/013_mask.png
11f2f2c7d43db613994d4fca,carpet,final_test,1,metal_contamination,carpet/test/metal_contamination/002.png,carpet/ground_truth/metal_contamination/002_mask.png
11f9706952456a6e38d2970c,grid,validation_normal,0,good,grid/train/good/216.png,
11fa1259943fc6adb1c2696d,carpet,fit,0,good,carpet/train/good/012.png,
11ffbaec47d6c02c8f6d64fb,metal_nut,fit,0,good,metal_nut/train/good/182.png,
121358078593f91fd5bd6834,bottle,fit,0,good,bottle/train/good/176.png,
121d778201a19781435281ed,leather,selection,1,color,leather/test/color/014.png,leather/ground_truth/color/014_mask.png
1221f1c2c21d5d937e3cea22,pill,final_test,0,good,pill/test/good/016.png,
12253618f3700558003b6bda,metal_nut,fit,0,good,metal_nut/train/good/021.png,
122a2939bd87c87c9e1ee45b,leather,final_test,0,good,leather/test/good/010.png,
124507019aeb4cc1b8d2c33f,metal_nut,validation_normal,0,good,metal_nut/train/good/035.png,
1245118da2bbe65f60be218f,cable,fit,0,good,cable/train/good/016.png,
124cf35c5a7f8652f8e16a47,transistor,selection,0,good,transistor/test/good/027.png,
12617fd9c64029d4cc0c484b,screw,final_test,0,good,screw/test/good/031.png,
12694370073fcaaf0d88af46,cable,fit,0,good,cable/train/good/064.png,
12828014689a4799f648fb2f,screw,final_test,1,thread_side,screw/test/thread_side/003.png,screw/ground_truth/thread_side/003_mask.png
128325626b2a3f0dbab0cb81,tile,fit,0,good,tile/train/good/022.png,
1287b4f7d2db2f49ffa81a97,wood,fit,0,good,wood/train/good/190.png,
128f8ca0b03b0756f9b960ea,wood,fit,0,good,wood/train/good/229.png,
12acf65366d84331a234fde1,carpet,calibration_normal,0,good,carpet/train/good/060.png,
12be994c51597f19009322d8,zipper,final_test,1,fabric_border,zipper/test/fabric_border/015.png,zipper/ground_truth/fabric_border/015_mask.png
12c35d4c16fce92ef5602a4a,cable,selection,0,good,cable/test/good/004.png,
12c606e974f45777dbabe186,transistor,fit,0,good,transistor/train/good/012.png,
12d84a73c3083d7ae6320973,grid,fit,0,good,grid/train/good/116.png,
12dbedf392b7597f03bf3487,zipper,selection,1,split_teeth,zipper/test/split_teeth/015.png,zipper/ground_truth/split_teeth/015_mask.png
12e88083de811e6e94ed30ec,tile,fit,0,good,tile/train/good/003.png,
12e9f23102c7f3e3031d3342,metal_nut,final_test,1,scratch,metal_nut/test/scratch/012.png,metal_nut/ground_truth/scratch/012_mask.png
12ea280a2c17e5dc0dbe3993,pill,final_test,1,faulty_imprint,pill/test/faulty_imprint/016.png,pill/ground_truth/faulty_imprint/016_mask.png
12f03c872de85c52baed03c7,transistor,calibration_normal,0,good,transistor/train/good/140.png,
12fbb4db4c4673660577a20b,grid,final_test,1,glue,grid/test/glue/000.png,grid/ground_truth/glue/000_mask.png
1322cd69fc569e0a22677393,cable,fit,0,good,cable/train/good/043.png,
132f997c6b30bdf3e67e466c,grid,validation_normal,0,good,grid/train/good/093.png,
133037672de83e40c806d29f,leather,fit,0,good,leather/train/good/114.png,
1334b29d3baf012e3f25e28b,hazelnut,fit,0,good,hazelnut/train/good/100.png,
1339bc0598ae4d7b3878a811,pill,fit,0,good,pill/train/good/222.png,
134e06500343bc18b347bed1,leather,fit,0,good,leather/train/good/182.png,
13557c744eabcb81c2c9d9af,capsule,calibration_normal,0,good,capsule/train/good/193.png,
136b51ba471a1b6d813a1f58,carpet,fit,0,good,carpet/train/good/008.png,
138227fd3b267379237d18fd,leather,final_test,1,cut,leather/test/cut/015.png,leather/ground_truth/cut/015_mask.png
138392adce185782cf61366a,wood,fit,0,good,wood/train/good/236.png,
138d0309ad5332af1e6c127a,hazelnut,fit,0,good,hazelnut/train/good/381.png,
13a1ebcc4df0a92bf4dd1b6f,screw,calibration_normal,0,good,screw/train/good/048.png,
13af0c3d19a6b620fb460674,cable,fit,0,good,cable/train/good/194.png,
13e0e8ecf09425c92734a76b,pill,selection,1,pill_type,pill/test/pill_type/002.png,pill/ground_truth/pill_type/002_mask.png
13edad649ca2dc25eb99a6d8,metal_nut,final_test,1,color,metal_nut/test/color/008.png,metal_nut/ground_truth/color/008_mask.png
13f7bb437e8c74ea88618e0a,screw,validation_normal,0,good,screw/train/good/283.png,
1414dd9e81cdd569257dc885,cable,final_test,0,good,cable/test/good/012.png,
141994dcdffe732aabf82eeb,hazelnut,fit,0,good,hazelnut/train/good/323.png,
141e2a81499ea486ca19e0a2,leather,validation_normal,0,good,leather/train/good/071.png,
141e9dc56ae007f6bb26eed2,tile,calibration_normal,0,good,tile/train/good/105.png,
141f07d33d2d3a254a032311,zipper,calibration_normal,0,good,zipper/train/good/179.png,
14424cc40a4786d678f4a9fe,capsule,validation_normal,0,good,capsule/train/good/058.png,
1442c9c909a866512be3037e,metal_nut,fit,0,good,metal_nut/train/good/138.png,
1447c7ec2e57161294b2a316,tile,fit,0,good,tile/train/good/091.png,
144e9a436f5805dbada07609,leather,selection,1,cut,leather/test/cut/018.png,leather/ground_truth/cut/018_mask.png
1451ac5c919fbda99054884c,zipper,final_test,1,combined,zipper/test/combined/005.png,zipper/ground_truth/combined/005_mask.png
145b96b019169292f50d36ef,capsule,final_test,1,scratch,capsule/test/scratch/012.png,capsule/ground_truth/scratch/012_mask.png
146f44bd8a51dade3a6fe974,metal_nut,fit,0,good,metal_nut/train/good/100.png,
14737b0594eb5668a7b77703,carpet,final_test,1,color,carpet/test/color/015.png,carpet/ground_truth/color/015_mask.png
1486a7d10182cf3eb3e72ca9,pill,final_test,1,scratch,pill/test/scratch/009.png,pill/ground_truth/scratch/009_mask.png
148bb3c2cd7a135af444314d,grid,final_test,1,broken,grid/test/broken/002.png,grid/ground_truth/broken/002_mask.png
148f835e913bfb80bef3a271,leather,calibration_normal,0,good,leather/train/good/217.png,
1492846f413960e869938cd7,metal_nut,selection,1,bent,metal_nut/test/bent/016.png,metal_nut/ground_truth/bent/016_mask.png
14b33048ffed613a669afe98,bottle,calibration_normal,0,good,bottle/train/good/108.png,
14bbdaa33db340b4f12c3ba9,metal_nut,calibration_normal,0,good,metal_nut/train/good/116.png,
14c41613adedfa955898a802,cable,fit,0,good,cable/train/good/103.png,
14cb777291e15298889e108c,leather,fit,0,good,leather/train/good/015.png,
14e546abf1bd05dc86a37a87,pill,fit,0,good,pill/train/good/091.png,
14eb8713ba3a8dc12bb2738c,grid,fit,0,good,grid/train/good/160.png,
14ed76d54c49c0edde56e0be,cable,fit,0,good,cable/train/good/162.png,
14fb000bca51f2f9ae2a9ef9,pill,calibration_normal,0,good,pill/train/good/198.png,
15031e4979abf3f6a6d2d1c2,metal_nut,fit,0,good,metal_nut/train/good/099.png,
1504f25feb4042be3d94e464,metal_nut,selection,1,flip,metal_nut/test/flip/020.png,metal_nut/ground_truth/flip/020_mask.png
1512ae6a59c8f6652cf74234,pill,fit,0,good,pill/train/good/248.png,
1517b72242594432c30342ed,leather,calibration_normal,0,good,leather/train/good/237.png,
1519b2fdc4522401ef8cfd15,metal_nut,fit,0,good,metal_nut/train/good/198.png,
153397a7582ec297bcf3f0cf,capsule,final_test,1,scratch,capsule/test/scratch/005.png,capsule/ground_truth/scratch/005_mask.png
1562e952154d309381615739,zipper,calibration_normal,0,good,zipper/train/good/084.png,
156b1eba0fcc0590e8c92464,zipper,fit,0,good,zipper/train/good/164.png,
156b96faa4e645695f8f15cc,leather,final_test,1,color,leather/test/color/018.png,leather/ground_truth/color/018_mask.png
157da09557a1302384fca9d5,capsule,final_test,1,scratch,capsule/test/scratch/006.png,capsule/ground_truth/scratch/006_mask.png
159377cc716c14a30adf7924,grid,fit,0,good,grid/train/good/000.png,
159516e3653b7c19c4d3c4ac,bottle,fit,0,good,bottle/train/good/001.png,
1598561430d65fff3ee700ce,hazelnut,fit,0,good,hazelnut/train/good/278.png,
159d8a964bb225239d8bc062,capsule,final_test,1,faulty_imprint,capsule/test/faulty_imprint/000.png,capsule/ground_truth/faulty_imprint/000_mask.png
15a0f6ca0f6b8b6f8900e6d2,zipper,final_test,1,split_teeth,zipper/test/split_teeth/005.png,zipper/ground_truth/split_teeth/005_mask.png
15a9a05d1da6eaa2c851118d,transistor,fit,0,good,transistor/train/good/049.png,
15a9bae98178d61db2ef30fe,grid,final_test,1,broken,grid/test/broken/000.png,grid/ground_truth/broken/000_mask.png
15adfdf3419506328d1e0637,hazelnut,calibration_normal,0,good,hazelnut/train/good/361.png,
15bb58de4a5f9398023e1228,metal_nut,fit,0,good,metal_nut/train/good/186.png,
15d78694f12d7bbc1fb21a9a,wood,fit,0,good,wood/train/good/144.png,
15e08ed12b34e30ec8975529,metal_nut,final_test,1,bent,metal_nut/test/bent/017.png,metal_nut/ground_truth/bent/017_mask.png
15f30317dd4ec253c95e3c08,transistor,fit,0,good,transistor/train/good/048.png,
15fbc695d741ca02b1b03274,pill,final_test,0,good,pill/test/good/023.png,
15fc2ba73c1d1dad87157757,leather,fit,0,good,leather/train/good/243.png,
15fdfd6cdba0a0c81680ded1,hazelnut,fit,0,good,hazelnut/train/good/260.png,
162470fab745088140b9dd67,tile,fit,0,good,tile/train/good/049.png,
162554769f07c7ac40f25ab3,zipper,validation_normal,0,good,zipper/train/good/005.png,
164dcaa464d17c0e025f2243,capsule,final_test,1,crack,capsule/test/crack/012.png,capsule/ground_truth/crack/012_mask.png
1657e31fa107ea3a2dc37191,tile,selection,1,crack,tile/test/crack/012.png,tile/ground_truth/crack/012_mask.png
166b57970d5d1c9e487c6d8f,toothbrush,final_test,1,defective,toothbrush/test/defective/002.png,toothbrush/ground_truth/defective/002_mask.png
167b9530a357666379f59157,tile,validation_normal,0,good,tile/train/good/037.png,
1680af4da4b02f5a6289c79f,hazelnut,calibration_normal,0,good,hazelnut/train/good/257.png,
16963b1855083f04a6a882f5,pill,validation_normal,0,good,pill/train/good/063.png,
16b1e53a49c2c70f03155c89,metal_nut,calibration_normal,0,good,metal_nut/train/good/150.png,
16bf1ce7b879cbe7220b5053,screw,calibration_normal,0,good,screw/train/good/209.png,
16d3fd490d86979c840cac64,cable,final_test,0,good,cable/test/good/032.png,
16de256b810b7c0d8debc129,bottle,validation_normal,0,good,bottle/train/good/035.png,
16eaf511564157e3c08ff575,wood,fit,0,good,wood/train/good/163.png,
16eca3b74376b63d2d32b7d4,cable,fit,0,good,cable/train/good/093.png,
16f027bf927a60e7642798cc,hazelnut,final_test,0,good,hazelnut/test/good/029.png,
1723ed3fb34cd557726223ca,transistor,final_test,1,misplaced,transistor/test/misplaced/003.png,transistor/ground_truth/misplaced/003_mask.png
1732568ab0b06e4939e051d4,capsule,fit,0,good,capsule/train/good/041.png,
1742a0a7b13b7d7a655399ed,transistor,fit,0,good,transistor/train/good/067.png,
174858fbe70670b270ed7422,capsule,fit,0,good,capsule/train/good/012.png,
1754774473c51ed01c0b8ca5,screw,fit,0,good,screw/train/good/045.png,
1758080b5100ca842470b8b4,screw,fit,0,good,screw/train/good/061.png,
17659cc8d4f56518617798c8,pill,calibration_normal,0,good,pill/train/good/071.png,
1783d135819b25866678e595,capsule,selection,1,scratch,capsule/test/scratch/014.png,capsule/ground_truth/scratch/014_mask.png
17ae34ff407d7196730e995a,hazelnut,fit,0,good,hazelnut/train/good/119.png,
17be148aa6d2d1553c07ef1e,cable,selection,0,good,cable/test/good/042.png,
17bf57b50b2081fc59cd6295,tile,fit,0,good,tile/train/good/177.png,
17cb1c2edc033c595f7e3d1a,wood,final_test,1,combined,wood/test/combined/003.png,wood/ground_truth/combined/003_mask.png
17cd865532c6a136826d937e,metal_nut,fit,0,good,metal_nut/train/good/071.png,
17dc2e07a3d852dd10ed04d2,tile,final_test,1,rough,tile/test/rough/014.png,tile/ground_truth/rough/014_mask.png
17e1d7d2338d256fa64479c4,cable,final_test,1,cable_swap,cable/test/cable_swap/008.png,cable/ground_truth/cable_swap/008_mask.png
17e656ce905a1e226d5f2c21,bottle,calibration_normal,0,good,bottle/train/good/148.png,
17fb0317b5a9000fdfc7817e,metal_nut,fit,0,good,metal_nut/train/good/170.png,
18019d29f3517b8a7c030079,bottle,fit,0,good,bottle/train/good/185.png,
1801ba25720f3d9b98fe328b,wood,validation_normal,0,good,wood/train/good/237.png,
1803319f81afc0a8fe724678,leather,validation_normal,0,good,leather/train/good/101.png,
180347fc5a0aac89d5a3cbf4,metal_nut,fit,0,good,metal_nut/train/good/062.png,
1805d2b5e8c1a7e64e10766b,metal_nut,calibration_normal,0,good,metal_nut/train/good/011.png,
181c3f800fff0fce0406137f,transistor,final_test,0,good,transistor/test/good/035.png,
182235f0ccfb36d8fe897661,pill,fit,0,good,pill/train/good/172.png,
1829b6f334d970f1d8b46905,cable,calibration_normal,0,good,cable/train/good/031.png,
18481be2d8c44f63270cf50a,capsule,selection,1,scratch,capsule/test/scratch/004.png,capsule/ground_truth/scratch/004_mask.png
1869d37b3fdc5210fde7c1b0,capsule,fit,0,good,capsule/train/good/121.png,
1870cf6abd6541c3b13329d4,tile,fit,0,good,tile/train/good/135.png,
18816e09c60a6f5b3e9592b8,carpet,fit,0,good,carpet/train/good/173.png,
1883212676ea1f0e60589f56,tile,final_test,0,good,tile/test/good/010.png,
188ddac0fbb87d8dd51d3793,screw,final_test,0,good,screw/test/good/032.png,
189e921cc0960bb9b4f3d99b,leather,fit,0,good,leather/train/good/193.png,
18a652da7bbb7e0d2011b09f,transistor,fit,0,good,transistor/train/good/013.png,
18b036bf4941298466a999d8,tile,fit,0,good,tile/train/good/201.png,
18b41e4f91ca90ef1781cf7d,carpet,calibration_normal,0,good,carpet/train/good/064.png,
18be05a4c539a89f5f655eb0,carpet,validation_normal,0,good,carpet/train/good/042.png,
18ca8e07c9949fee2a5f2c63,cable,fit,0,good,cable/train/good/166.png,
18d1e883141c734eed698f95,cable,validation_normal,0,good,cable/train/good/007.png,
18d2f6715feca7eac765481c,tile,validation_normal,0,good,tile/train/good/160.png,
18d8060d9926cbec6919a173,carpet,final_test,0,good,carpet/test/good/003.png,
18eba6437c347b878fa883f2,screw,selection,1,scratch_neck,screw/test/scratch_neck/006.png,screw/ground_truth/scratch_neck/006_mask.png
18ec7024c8c6791082924f2c,grid,fit,0,good,grid/train/good/050.png,
18fe704a36d60b6b1106a80f,screw,fit,0,good,screw/train/good/288.png,
191f63a4b3cb9ba5cb1c347e,bottle,final_test,1,broken_small,bottle/test/broken_small/016.png,bottle/ground_truth/broken_small/016_mask.png
192c41e175dd26a0f749315e,cable,fit,0,good,cable/train/good/063.png,
19351f8e740bdc3401ab7d19,wood,fit,0,good,wood/train/good/139.png,
194a35888bd7e3ed6822863b,zipper,fit,0,good,zipper/train/good/058.png,
195635b66b361367e059edf0,toothbrush,selection,0,good,toothbrush/test/good/010.png,
1990d3ee463ea95706e58f6b,tile,final_test,1,gray_stroke,tile/test/gray_stroke/009.png,tile/ground_truth/gray_stroke/009_mask.png
1991adcad559ea9ab29a6aef,wood,selection,1,hole,wood/test/hole/002.png,wood/ground_truth/hole/002_mask.png
1994b340be815fbb560e23de,wood,selection,0,good,wood/test/good/000.png,
19b8bba2745ed14c1cc166eb,cable,final_test,1,combined,cable/test/combined/010.png,cable/ground_truth/combined/010_mask.png
19ca46cf7c7c2f50ec5f1857,carpet,fit,0,good,carpet/train/good/116.png,
19cf73b1ce19073a4979eeb5,leather,fit,0,good,leather/train/good/116.png,
19eae0e778be78688b63b655,carpet,fit,0,good,carpet/train/good/109.png,
19fe2759b71f29702f12d6b4,screw,fit,0,good,screw/train/good/111.png,
1a00983ccfc644cae8c6c691,hazelnut,calibration_normal,0,good,hazelnut/train/good/057.png,
1a1fbf3680ba9b3ce9e75ab3,hazelnut,final_test,1,hole,hazelnut/test/hole/017.png,hazelnut/ground_truth/hole/017_mask.png
1a24387b4434cf4d5b8b6842,zipper,fit,0,good,zipper/train/good/161.png,
1a30ab6c60023aab498fbb8b,wood,fit,0,good,wood/train/good/026.png,
1a3415e870bc6437a6376d0b,transistor,final_test,0,good,transistor/test/good/049.png,
1a42997a793b91cb66fc61fd,bottle,selection,1,contamination,bottle/test/contamination/020.png,bottle/ground_truth/contamination/020_mask.png
1a4b6b0fef151174be13b739,capsule,selection,1,squeeze,capsule/test/squeeze/010.png,capsule/ground_truth/squeeze/010_mask.png
1a63a807553eadbf4dce0fe8,toothbrush,selection,1,defective,toothbrush/test/defective/018.png,toothbrush/ground_truth/defective/018_mask.png
1a78b4623cbe3aac89707270,grid,fit,0,good,grid/train/good/258.png,
1a8443847f881ce45814a41d,tile,final_test,1,crack,tile/test/crack/001.png,tile/ground_truth/crack/001_mask.png
1a8a046840fd35d4c3e055b2,transistor,calibration_normal,0,good,transistor/train/good/138.png,
1aa251e1ee34ef91abf593fe,pill,selection,1,color,pill/test/color/018.png,pill/ground_truth/color/018_mask.png
1aab04bf270e7f246d193e34,carpet,fit,0,good,carpet/train/good/231.png,
1ab62745fd4ff4407b9962dc,zipper,fit,0,good,zipper/train/good/206.png,
1abc25dace5a6f89f86c0757,cable,selection,1,missing_wire,cable/test/missing_wire/003.png,cable/ground_truth/missing_wire/003_mask.png
1abdf622b8c83c55ea2d54b6,capsule,selection,1,squeeze,capsule/test/squeeze/005.png,capsule/ground_truth/squeeze/005_mask.png
1ac4d3adfa5999847201f4f9,capsule,selection,1,scratch,capsule/test/scratch/009.png,capsule/ground_truth/scratch/009_mask.png
1ad3c1f6331d957607dc6b53,pill,selection,0,good,pill/test/good/015.png,
1add166179ed620fa0e451b4,pill,selection,0,good,pill/test/good/019.png,
1afa27818a2da397d2cfe561,pill,fit,0,good,pill/train/good/041.png,
1afb652159c433727b65ff79,screw,validation_normal,0,good,screw/train/good/150.png,
1afc6cc5da4b7797d29836c0,hazelnut,selection,0,good,hazelnut/test/good/021.png,
1afd6104879ed9ff34b0619d,metal_nut,final_test,1,flip,metal_nut/test/flip/001.png,metal_nut/ground_truth/flip/001_mask.png
1b148075a778f1dc632abbea,transistor,validation_normal,0,good,transistor/train/good/023.png,
1b29003501372fee05da4fd7,carpet,final_test,1,color,carpet/test/color/014.png,carpet/ground_truth/color/014_mask.png
1b381d03b09b81ff1efdfe7e,screw,calibration_normal,0,good,screw/train/good/181.png,
1b38ce4441dab08a0d616723,carpet,final_test,1,color,carpet/test/color/013.png,carpet/ground_truth/color/013_mask.png
1b3ec4c00e11a95f9bbacf1d,capsule,calibration_normal,0,good,capsule/train/good/210.png,
1b68a95fdf35cba45a992d1d,transistor,fit,0,good,transistor/train/good/041.png,
1b7029b9f565ff65523ebe2a,bottle,calibration_normal,0,good,bottle/train/good/189.png,
1b73bd4385273adddd53d981,zipper,selection,1,squeezed_teeth,zipper/test/squeezed_teeth/011.png,zipper/ground_truth/squeezed_teeth/011_mask.png
1b7efe790a0288bd19c66cf3,cable,fit,0,good,cable/train/good/118.png,
1b843554e77ed84bc4f542ac,screw,validation_normal,0,good,screw/train/good/279.png,
1b916c75d7ff444e16a0d71b,pill,fit,0,good,pill/train/good/173.png,
1b967004e4cf35650534a255,metal_nut,fit,0,good,metal_nut/train/good/163.png,
1ba76a044779f9139c02c453,leather,fit,0,good,leather/train/good/133.png,
1ba8f77df55cb209535e6cbb,hazelnut,fit,0,good,hazelnut/train/good/156.png,
1baa1dbdd859571d08712ffe,carpet,fit,0,good,carpet/train/good/115.png,
1bb2fe365f5390e69bc96b92,cable,selection,0,good,cable/test/good/034.png,
1bc8ee5018015fa9d0a3ecfa,screw,fit,0,good,screw/train/good/264.png,
1bcb6ddaca5398486fda55cb,pill,selection,0,good,pill/test/good/018.png,
1be5c735752ab91cc044f45b,carpet,validation_normal,0,good,carpet/train/good/016.png,
1bfcd512fc99f4f57e2d9307,wood,calibration_normal,0,good,wood/train/good/111.png,
1c0298ea572d20ab4e83c8c7,cable,calibration_normal,0,good,cable/train/good/035.png,
1c17de4d65db03ca5607ba43,metal_nut,calibration_normal,0,good,metal_nut/train/good/007.png,
1c31332159da7612e6b75fa3,zipper,fit,0,good,zipper/train/good/157.png,
1c38d27f08adc8f571d91202,capsule,fit,0,good,capsule/train/good/030.png,
1c38e12b78c5f2d070341b5b,grid,fit,0,good,grid/train/good/172.png,
1c4fce2c0f98dcfd6a21cdcf,metal_nut,validation_normal,0,good,metal_nut/train/good/133.png,
1c5457423d982291171485d5,screw,fit,0,good,screw/train/good/020.png,
1c58ac4663995d3a97d3ef7c,bottle,validation_normal,0,good,bottle/train/good/100.png,
1c7196217d42f3870ea08c24,wood,validation_normal,0,good,wood/train/good/081.png,
1c77dce642462aefd5dc6db6,pill,fit,0,good,pill/train/good/096.png,
1ca6fdfdb81e4c85241731de,pill,final_test,1,crack,pill/test/crack/019.png,pill/ground_truth/crack/019_mask.png
1cab4d0769c06692708354ca,capsule,selection,0,good,capsule/test/good/008.png,
1ccf2c215c3f99e28df2a79e,hazelnut,final_test,0,good,hazelnut/test/good/000.png,
1cd1b4d309b83cc13e6aec2c,capsule,validation_normal,0,good,capsule/train/good/081.png,
1cdc9af215de8b1508ee7528,transistor,final_test,0,good,transistor/test/good/055.png,
1ce59163dd49242e94a2f689,pill,final_test,1,contamination,pill/test/contamination/013.png,pill/ground_truth/contamination/013_mask.png
1cf00720699f17857487aaa6,hazelnut,fit,0,good,hazelnut/train/good/319.png,
1cfa7d5658bff3087dde03a3,hazelnut,validation_normal,0,good,hazelnut/train/good/240.png,
1d1663c50eb9a0247aaf2263,carpet,final_test,1,cut,carpet/test/cut/014.png,carpet/ground_truth/cut/014_mask.png
1d224cfe82d4f1a95f59496b,leather,final_test,1,poke,leather/test/poke/000.png,leather/ground_truth/poke/000_mask.png
1d2c7827a3aa7212831ce237,bottle,fit,0,good,bottle/train/good/132.png,
1d36252aebad6a8a5ff36cde,tile,calibration_normal,0,good,tile/train/good/207.png,
1d4f334ed4de9885953a9b58,grid,validation_normal,0,good,grid/train/good/228.png,
1d5307796c6d2abeedf05631,cable,selection,1,combined,cable/test/combined/000.png,cable/ground_truth/combined/000_mask.png
1d54afc05cd94ed430aaed5b,capsule,calibration_normal,0,good,capsule/train/good/207.png,
1d716013b72faf3ae2cb639f,tile,fit,0,good,tile/train/good/098.png,
1d78b849cee02ae26ead9733,bottle,selection,1,contamination,bottle/test/contamination/018.png,bottle/ground_truth/contamination/018_mask.png
1d8f6d517a512e741393304f,screw,fit,0,good,screw/train/good/072.png,
1da5eb7867c8762f34df7d85,screw,final_test,1,thread_side,screw/test/thread_side/001.png,screw/ground_truth/thread_side/001_mask.png
1da82308f1dc93a034d6d8b7,bottle,fit,0,good,bottle/train/good/156.png,
1db2080b6d7f720be4118135,metal_nut,final_test,1,color,metal_nut/test/color/013.png,metal_nut/ground_truth/color/013_mask.png
1db9332381c108aba75fea15,grid,fit,0,good,grid/train/good/237.png,
1dc0cf6619b90c87c3b250da,zipper,calibration_normal,0,good,zipper/train/good/061.png,
1dc4997b999c16d167b75c8f,metal_nut,final_test,1,color,metal_nut/test/color/017.png,metal_nut/ground_truth/color/017_mask.png
1dd7b5577a5a09788c603cfa,pill,fit,0,good,pill/train/good/076.png,
1de1c21a04461959b88b95fc,carpet,final_test,1,hole,carpet/test/hole/008.png,carpet/ground_truth/hole/008_mask.png
1dfd6bcffb7cde1a30ff58f9,wood,fit,0,good,wood/train/good/132.png,
1e09c6a207ac1e5c9d125707,wood,fit,0,good,wood/train/good/088.png,
1e2b27b38c9d64bbabc7f301,hazelnut,validation_normal,0,good,hazelnut/train/good/212.png,
1e441c31d5909827abb69bb9,hazelnut,fit,0,good,hazelnut/train/good/389.png,
1e54a503cd7da7a040bd563d,screw,final_test,0,good,screw/test/good/022.png,
1e56d8c9448ed749dc00ed27,pill,selection,0,good,pill/test/good/002.png,
1e58328e0e95611667ae63d9,carpet,fit,0,good,carpet/train/good/058.png,
1e7845bf69084a5d2b86f268,hazelnut,calibration_normal,0,good,hazelnut/train/good/124.png,
1e797891535547fcc0ef6c1e,leather,fit,0,good,leather/train/good/046.png,
1e7e96196684626b66af73dd,pill,final_test,1,pill_type,pill/test/pill_type/003.png,pill/ground_truth/pill_type/003_mask.png
1e8816f9883751c0ff50361a,grid,fit,0,good,grid/train/good/185.png,
1e8cec7af488389881aaec7b,bottle,final_test,1,broken_small,bottle/test/broken_small/009.png,bottle/ground_truth/broken_small/009_mask.png
1e91d62182d9f376f34f3b4b,pill,final_test,1,faulty_imprint,pill/test/faulty_imprint/014.png,pill/ground_truth/faulty_imprint/014_mask.png
1e91e756c09df1db7fe470c3,cable,fit,0,good,cable/train/good/136.png,
1ea0733b29b5fb5474906019,leather,fit,0,good,leather/train/good/175.png,
1eac7a58d381fc4c708a2ef2,toothbrush,fit,0,good,toothbrush/train/good/056.png,
1eb5a1d6c57f1fca6a0c579a,cable,validation_normal,0,good,cable/train/good/186.png,
1ec1461f83e3bc78d0979216,metal_nut,fit,0,good,metal_nut/train/good/111.png,
1ec8eeacc20007afac0aad97,leather,fit,0,good,leather/train/good/008.png,
1ecc1375678a7e6519bc8c3e,capsule,selection,1,squeeze,capsule/test/squeeze/001.png,capsule/ground_truth/squeeze/001_mask.png
1eceee31751badfa23d63e17,leather,final_test,1,glue,leather/test/glue/012.png,leather/ground_truth/glue/012_mask.png
1edaa94fe5176c894a14448f,carpet,fit,0,good,carpet/train/good/009.png,
1eec0331a9d27e2812af67a8,zipper,final_test,1,rough,zipper/test/rough/006.png,zipper/ground_truth/rough/006_mask.png
1eec7a5250be7ae439aee426,toothbrush,fit,0,good,toothbrush/train/good/025.png,
1effe85bc3bc9500b1d3cb04,hazelnut,fit,0,good,hazelnut/train/good/203.png,
1f0be5b49b0c7180ca512240,pill,fit,0,good,pill/train/good/005.png,
1f0d591110b1484da35d9f91,tile,selection,1,glue_strip,tile/test/glue_strip/007.png,tile/ground_truth/glue_strip/007_mask.png
1f0ef2279be0a99602609cd9,cable,final_test,1,missing_wire,cable/test/missing_wire/008.png,cable/ground_truth/missing_wire/008_mask.png
1f159388fbfadd9d2827c124,capsule,fit,0,good,capsule/train/good/190.png,
1f31c0ce92d19f7cd069975a,leather,fit,0,good,leather/train/good/117.png,
1f38a2dd4006cc24b5f8028c,screw,selection,1,thread_side,screw/test/thread_side/022.png,screw/ground_truth/thread_side/022_mask.png
1f3b96369c2cade096ca17ba,pill,calibration_normal,0,good,pill/train/good/056.png,
1f3ddc95732fbe8b94afe385,grid,fit,0,good,grid/train/good/031.png,
1f418cdb0259cc88503df71e,bottle,final_test,0,good,bottle/test/good/007.png,
1f46819b45e49d8ff8836963,metal_nut,final_test,1,flip,metal_nut/test/flip/007.png,metal_nut/ground_truth/flip/007_mask.png
1f5418db2167db430665063e,grid,fit,0,good,grid/train/good/036.png,
1f5e2f4a41fe7f5a3b293e40,zipper,final_test,1,split_teeth,zipper/test/split_teeth/011.png,zipper/ground_truth/split_teeth/011_mask.png
1f6f6ee60a9871f8dab54f75,screw,final_test,0,good,screw/test/good/020.png,
1f9e93f4758cfa54eeb23b11,metal_nut,fit,0,good,metal_nut/train/good/211.png,
1fb4701bdd23189dc5263723,hazelnut,calibration_normal,0,good,hazelnut/train/good/373.png,
1fb65eed736b48ad723e7238,zipper,selection,1,combined,zipper/test/combined/004.png,zipper/ground_truth/combined/004_mask.png
1fc80ba00a3041208653c330,grid,calibration_normal,0,good,grid/train/good/121.png,
1fca188c320055f3ac518efe,cable,fit,0,good,cable/train/good/030.png,
1fdaa39350a5a42856609702,carpet,validation_normal,0,good,carpet/train/good/189.png,
1fe5df8ee5289f339bbacf58,tile,final_test,1,rough,tile/test/rough/001.png,tile/ground_truth/rough/001_mask.png
1fe77083ca15aaf7b71ae190,carpet,fit,0,good,carpet/train/good/054.png,
1fe88d5bb9ee297b17134d16,leather,final_test,1,color,leather/test/color/006.png,leather/ground_truth/color/006_mask.png
1fe9d1b682cb659beadbe7b1,screw,validation_normal,0,good,screw/train/good/154.png,
1ff8f0cf947503b3d6b5b0b6,hazelnut,calibration_normal,0,good,hazelnut/train/good/221.png,
1ffcab413e4f77263f28a129,capsule,fit,0,good,capsule/train/good/039.png,
200db499b052dea356e913c1,capsule,validation_normal,0,good,capsule/train/good/155.png,
202ead38cf0597af92d09899,bottle,selection,0,good,bottle/test/good/004.png,
20566f34c32b149a5ca55875,zipper,calibration_normal,0,good,zipper/train/good/134.png,
2056ebcede1270e378542ba1,pill,validation_normal,0,good,pill/train/good/072.png,
205cfd470a3e8238248c1723,cable,fit,0,good,cable/train/good/212.png,
206319976fa42901462f9b44,metal_nut,fit,0,good,metal_nut/train/good/069.png,
206d24aad7f47ad4661331bb,tile,final_test,1,glue_strip,tile/test/glue_strip/009.png,tile/ground_truth/glue_strip/009_mask.png
207535707a131963058ae034,screw,fit,0,good,screw/train/good/182.png,
208f38a829c5e15885bdd7ee,carpet,fit,0,good,carpet/train/good/253.png,
2091bfcee633b9ba67bfa3db,carpet,fit,0,good,carpet/train/good/268.png,
2094e8bb78cbff11d1101723,transistor,fit,0,good,transistor/train/good/015.png,
209a4d4230d287675e846403,pill,final_test,1,color,pill/test/color/002.png,pill/ground_truth/color/002_mask.png
20a2c516dc2e8b16d1b45d07,carpet,fit,0,good,carpet/train/good/212.png,
20a684eda6be70e23df96dc7,transistor,fit,0,good,transistor/train/good/212.png,
20aad3b9027b6a12e4d4f1ed,pill,fit,0,good,pill/train/good/184.png,
20c0d3649b44de78a053263c,grid,final_test,1,thread,grid/test/thread/008.png,grid/ground_truth/thread/008_mask.png
20d61d89a70ab9dbd7fc3d5a,screw,fit,0,good,screw/train/good/206.png,
20e7c9ba560a83aa56b00293,bottle,fit,0,good,bottle/train/good/107.png,
210fe4bed2a5c41d0c1a62cb,toothbrush,fit,0,good,toothbrush/train/good/036.png,
21162bae3bfad1a11da365a6,capsule,final_test,0,good,capsule/test/good/000.png,
21291e257d2a40c382357051,grid,validation_normal,0,good,grid/train/good/244.png,
213d68355340e8e8428af390,hazelnut,fit,0,good,hazelnut/train/good/263.png,
215dae2d553fc8e19325a8ed,zipper,fit,0,good,zipper/train/good/053.png,
215f5d9ac7010f7353cf0f65,leather,fit,0,good,leather/train/good/225.png,
2165540960f69bbde816d196,cable,final_test,1,cut_outer_insulation,cable/test/cut_outer_insulation/007.png,cable/ground_truth/cut_outer_insulation/007_mask.png
2182eaf9c923c4bafed382e0,hazelnut,selection,1,crack,hazelnut/test/crack/007.png,hazelnut/ground_truth/crack/007_mask.png
218440d962a59a2f7cc7e2eb,tile,selection,0,good,tile/test/good/012.png,
2195e679762befaea6e303e2,pill,fit,0,good,pill/train/good/188.png,
21984d7d5bc9ae5654a1cea8,metal_nut,validation_normal,0,good,metal_nut/train/good/174.png,
21a494a1c544b31b3640959d,carpet,fit,0,good,carpet/train/good/021.png,
21ad7f013b568567455548a2,leather,final_test,1,color,leather/test/color/009.png,leather/ground_truth/color/009_mask.png
21afddcf772cb0515a1f558d,carpet,fit,0,good,carpet/train/good/125.png,
21b25789f584117243b94c7e,tile,final_test,0,good,tile/test/good/025.png,
21ba171d9f78997fcbc045d7,capsule,selection,0,good,capsule/test/good/002.png,
21c2d518068712274f158f32,transistor,selection,0,good,transistor/test/good/009.png,
21c8cde1e2d2b7eb0c60502c,carpet,fit,0,good,carpet/train/good/117.png,
21d6640970e4847c26dd0bf9,wood,final_test,1,scratch,wood/test/scratch/012.png,wood/ground_truth/scratch/012_mask.png
21eecab6826be527a846f0b5,screw,calibration_normal,0,good,screw/train/good/296.png,
21fd03441f60bd370c19dea9,capsule,fit,0,good,capsule/train/good/106.png,
221fa9de2e106aa5bc5d66cb,screw,selection,0,good,screw/test/good/024.png,
22232bfc3d62a3b32ee5c004,capsule,final_test,1,poke,capsule/test/poke/009.png,capsule/ground_truth/poke/009_mask.png
2225f08b3b11706e6d16ded5,transistor,selection,0,good,transistor/test/good/053.png,
222c992ae525b8cc4ac6d3cb,cable,calibration_normal,0,good,cable/train/good/206.png,
22376d2462cb14f37226de7b,carpet,final_test,0,good,carpet/test/good/014.png,
224395139a43deb0daa70565,grid,final_test,0,good,grid/test/good/013.png,
2249ef51f9ec05a60dd5cf3b,tile,fit,0,good,tile/train/good/120.png,
224c639682fbe404e161b199,screw,fit,0,good,screw/train/good/252.png,
22799eb2dcaa0c2746f5e1cf,leather,calibration_normal,0,good,leather/train/good/129.png,
2279b8c638b54a9425c6d563,hazelnut,fit,0,good,hazelnut/train/good/005.png,
2279c8bf825060758be8dc67,screw,validation_normal,0,good,screw/train/good/033.png,
227e4064cacd5e3a6ccb44bd,capsule,fit,0,good,capsule/train/good/086.png,
228e09d300a9d3335031c70d,bottle,validation_normal,0,good,bottle/train/good/200.png,
2290031b24e239cea627251e,screw,calibration_normal,0,good,screw/train/good/025.png,
2299662f6697d7b69e18816a,cable,fit,0,good,cable/train/good/156.png,
22a12fe5f1e50528197a01b2,hazelnut,fit,0,good,hazelnut/train/good/228.png,
22a7593d9c265f2d7e5acc9f,screw,selection,0,good,screw/test/good/011.png,
22a8479bce9e86ccbfd84eb3,capsule,calibration_normal,0,good,capsule/train/good/135.png,
22ad663cdb9928b4682c14e8,leather,fit,0,good,leather/train/good/170.png,
22b57b169a8ecd4ea048bec7,pill,validation_normal,0,good,pill/train/good/258.png,
22b613c3a239bed28a10b994,tile,calibration_normal,0,good,tile/train/good/139.png,
22bccd453b6e86358bb46fdd,leather,final_test,0,good,leather/test/good/020.png,
22d3c9744c6f81fd9971a00c,bottle,selection,0,good,bottle/test/good/001.png,
22dcff1eca61b15f2d3cabeb,hazelnut,fit,0,good,hazelnut/train/good/209.png,
22de2d2e3d3e6de04a35fe83,pill,selection,1,scratch,pill/test/scratch/006.png,pill/ground_truth/scratch/006_mask.png
22e472684fde571411834678,screw,fit,0,good,screw/train/good/270.png,
22e505ecd65e9212b5465f24,screw,fit,0,good,screw/train/good/064.png,
22e8c0495120e2f029339f84,hazelnut,fit,0,good,hazelnut/train/good/129.png,
23027f36b32927cde69598dc,hazelnut,calibration_normal,0,good,hazelnut/train/good/218.png,
230b4a9467f420491597c411,screw,fit,0,good,screw/train/good/130.png,
232ad06030d394f457866204,grid,fit,0,good,grid/train/good/208.png,
233949111c1a5b2cd7f77c7f,grid,selection,1,thread,grid/test/thread/000.png,grid/ground_truth/thread/000_mask.png
233e42080e38ca3d24944e3e,grid,validation_normal,0,good,grid/train/good/081.png,
234733190a4a070a2873e0cc,metal_nut,calibration_normal,0,good,metal_nut/train/good/057.png,
234dfc05d80cc671278bc2f6,tile,fit,0,good,tile/train/good/059.png,
23505a61ec667b626735c704,zipper,selection,1,fabric_border,zipper/test/fabric_border/008.png,zipper/ground_truth/fabric_border/008_mask.png
235e2c13f675958ab6071343,bottle,fit,0,good,bottle/train/good/119.png,
23604ab7fcd52d40c3499831,wood,final_test,1,hole,wood/test/hole/000.png,wood/ground_truth/hole/000_mask.png
236600ba0dd377745f3b2109,hazelnut,fit,0,good,hazelnut/train/good/275.png,
23763479efbe563e74b945f6,cable,calibration_normal,0,good,cable/train/good/152.png,
238c5603d1a0a4cb6c033dd3,capsule,final_test,0,good,capsule/test/good/001.png,
23a239e45177dbe4758d137b,carpet,fit,0,good,carpet/train/good/104.png,
23b3ec2dd6bab63eaa26d86a,bottle,final_test,1,broken_small,bottle/test/broken_small/018.png,bottle/ground_truth/broken_small/018_mask.png
23ba7e058008b23096f9ceba,hazelnut,final_test,1,print,hazelnut/test/print/003.png,hazelnut/ground_truth/print/003_mask.png
23c3eed42a7d27b44a551a0b,carpet,fit,0,good,carpet/train/good/023.png,
23ca78eb5d62f1a4a89b103f,transistor,fit,0,good,transistor/train/good/009.png,
23d8b846f4c152a6538aa558,toothbrush,selection,0,good,toothbrush/test/good/000.png,
23dc4eaee691959811dae576,transistor,fit,0,good,transistor/train/good/118.png,
23e23a7566fc128bc0450112,cable,fit,0,good,cable/train/good/176.png,
23ed4bc6fa20632578cdffe2,grid,fit,0,good,grid/train/good/259.png,
23f0de957cc468f5c62a1f79,capsule,validation_normal,0,good,capsule/train/good/110.png,
245580445f2157012dbb2d84,cable,selection,0,good,cable/test/good/038.png,
245c27bdb3c5041de1e90007,screw,fit,0,good,screw/train/good/259.png,
245e9291a19f333b7c96ef58,metal_nut,fit,0,good,metal_nut/train/good/199.png,
2467e8ce4ff23ecc6d42abdb,bottle,final_test,0,good,bottle/test/good/003.png,
24956ffc9ec48dee61513dbe,transistor,selection,0,good,transistor/test/good/023.png,
24a03c7d9f353e708cf28052,capsule,fit,0,good,capsule/train/good/143.png,
24a5929fe823e720e02fe42a,toothbrush,selection,1,defective,toothbrush/test/defective/016.png,toothbrush/ground_truth/defective/016_mask.png
24aeb060c87fdd9fc46ae8bc,capsule,calibration_normal,0,good,capsule/train/good/028.png,
24b3aa7a44621d007ce97f22,capsule,fit,0,good,capsule/train/good/077.png,
24bb4dd80de3b6b04db4895a,zipper,calibration_normal,0,good,zipper/train/good/211.png,
24bda675a3924372e32d32ad,screw,fit,0,good,screw/train/good/157.png,
24c4b219a960207d05c360e2,transistor,calibration_normal,0,good,transistor/train/good/021.png,
24c62bf994c61944f620cf9c,tile,fit,0,good,tile/train/good/047.png,
24dcba08c4132f3ef42199e0,pill,fit,0,good,pill/train/good/151.png,
24e159f741f2edb869227541,screw,fit,0,good,screw/train/good/231.png,
24e1c67c7b345af6a6f9d600,carpet,calibration_normal,0,good,carpet/train/good/157.png,
24e88a8f541e9cc078bd8539,grid,final_test,1,thread,grid/test/thread/007.png,grid/ground_truth/thread/007_mask.png
24ef97eea89f20e739831ea8,capsule,fit,0,good,capsule/train/good/185.png,
250b09a24ea4f7553204edf8,capsule,final_test,1,scratch,capsule/test/scratch/020.png,capsule/ground_truth/scratch/020_mask.png
250c8ff7eeb5d32011f743d9,toothbrush,selection,1,defective,toothbrush/test/defective/012.png,toothbrush/ground_truth/defective/012_mask.png
251288109bfce51389c7c7f1,capsule,validation_normal,0,good,capsule/train/good/020.png,
25134033d76a61ac6c3d0480,grid,final_test,0,good,grid/test/good/009.png,
2527e701c7b04e32c1fa88bf,cable,selection,1,bent_wire,cable/test/bent_wire/009.png,cable/ground_truth/bent_wire/009_mask.png
2533839c2f3dd1eda6198635,capsule,selection,0,good,capsule/test/good/005.png,
253a384b6b9a8b5242cd204b,tile,fit,0,good,tile/train/good/023.png,
2549710703c2f244c07fcc3c,cable,fit,0,good,cable/train/good/049.png,
255329f2ebd552fe78889ecb,pill,final_test,1,scratch,pill/test/scratch/008.png,pill/ground_truth/scratch/008_mask.png
25546c6b4c5f2af0400f1592,hazelnut,final_test,0,good,hazelnut/test/good/012.png,
2557afdc8f1d385159d2e349,metal_nut,validation_normal,0,good,metal_nut/train/good/054.png,
255a14e7084bbf2595004613,cable,final_test,1,missing_cable,cable/test/missing_cable/008.png,cable/ground_truth/missing_cable/008_mask.png
255cbb9024e6939736d3e30d,pill,final_test,1,color,pill/test/color/023.png,pill/ground_truth/color/023_mask.png
2560b3882b4dd9b5d0f17c97,capsule,fit,0,good,capsule/train/good/004.png,
256b34a8bdcfe359659ce11e,capsule,calibration_normal,0,good,capsule/train/good/045.png,
257224646701b8387b44e895,tile,final_test,1,gray_stroke,tile/test/gray_stroke/015.png,tile/ground_truth/gray_stroke/015_mask.png
2575694bb2405038b433feb0,grid,fit,0,good,grid/train/good/035.png,
25873def39be26175a49d85b,screw,fit,0,good,screw/train/good/024.png,
25917d3fe3142d810f9bf044,grid,final_test,1,broken,grid/test/broken/008.png,grid/ground_truth/broken/008_mask.png
259d78eeab6eb9de52871202,metal_nut,selection,1,scratch,metal_nut/test/scratch/004.png,metal_nut/ground_truth/scratch/004_mask.png
25a41fc78a4af5eb03319c2c,cable,fit,0,good,cable/train/good/096.png,
25a6080704dfa27eed199819,grid,calibration_normal,0,good,grid/train/good/100.png,
25aac38a7e29e64ea7d8fa37,carpet,validation_normal,0,good,carpet/train/good/153.png,
25b59d0c3a8bdc09475ecfba,capsule,validation_normal,0,good,capsule/train/good/151.png,
25b850113f60c053eb20c332,screw,fit,0,good,screw/train/good/310.png,
25c079e5a042d924522ead7a,grid,validation_normal,0,good,grid/train/good/140.png,
25c0b9594853d81689ac764e,transistor,final_test,1,misplaced,transistor/test/misplaced/009.png,transistor/ground_truth/misplaced/009_mask.png
25c3082f00ef3b127e18f1f1,hazelnut,fit,0,good,hazelnut/train/good/234.png,
25d1a5336af8e6f24894cab9,tile,fit,0,good,tile/train/good/070.png,
25faf3b6e3bae060e28dd9b1,leather,fit,0,good,leather/train/good/056.png,
25fda68a52ac28c71ba5b531,tile,fit,0,good,tile/train/good/031.png,
2608f521c251c258b1fdbc6c,leather,fit,0,good,leather/train/good/206.png,
2609bd993e19330f1faab00c,grid,fit,0,good,grid/train/good/220.png,
264df38e95f6152099188eac,capsule,selection,1,crack,capsule/test/crack/010.png,capsule/ground_truth/crack/010_mask.png
265c61ada450d32a62ecb9f5,leather,final_test,0,good,leather/test/good/000.png,
267938f0cb2c37620dad6ec3,zipper,fit,0,good,zipper/train/good/175.png,
268ef99ccd8c7f6a257bfff3,hazelnut,validation_normal,0,good,hazelnut/train/good/170.png,
26951cd2be985685a265ef6b,zipper,validation_normal,0,good,zipper/train/good/091.png,
269c23831bdf55831e376a7f,hazelnut,validation_normal,0,good,hazelnut/train/good/291.png,
26ae0c18d068d2017f77414a,screw,final_test,0,good,screw/test/good/037.png,
26b3bd6aeb1e30e50c95cc11,wood,fit,0,good,wood/train/good/094.png,
26d01bda4a12d8794844e7d0,leather,validation_normal,0,good,leather/train/good/078.png,
26dbcfbce4e053890b4a9ef1,grid,fit,0,good,grid/train/good/040.png,
26ee187cf341e7bd8166a774,transistor,fit,0,good,transistor/train/good/165.png,
26fd8e8a6f62f7b00bca7c01,transistor,validation_normal,0,good,transistor/train/good/147.png,
27019549dc4e94f35a00daed,carpet,fit,0,good,carpet/train/good/133.png,
270df94c8943c34e7f4a90c3,capsule,fit,0,good,capsule/train/good/145.png,
270ef90df889ece65ce5fe2e,hazelnut,fit,0,good,hazelnut/train/good/127.png,
27133e916e600b2b8765f844,cable,validation_normal,0,good,cable/train/good/069.png,
2716fa8b0b91c9f8c83572e9,transistor,selection,1,bent_lead,transistor/test/bent_lead/003.png,transistor/ground_truth/bent_lead/003_mask.png
273628b954a48a7f51b2ed26,capsule,fit,0,good,capsule/train/good/033.png,
2736c1909c6cd265ead95c03,pill,fit,0,good,pill/train/good/037.png,
273748069f5d0748b5876674,metal_nut,fit,0,good,metal_nut/train/good/145.png,
27407f7458898cc7cba29940,leather,calibration_normal,0,good,leather/train/good/198.png,
274b495defb7ae10d3daa9f1,metal_nut,fit,0,good,metal_nut/train/good/076.png,
274cc0c8dfdd25cf1cf299d2,capsule,final_test,0,good,capsule/test/good/013.png,
274d5665595cc670afa4140d,hazelnut,fit,0,good,hazelnut/train/good/336.png,
275372be40c0ee4637591265,hazelnut,fit,0,good,hazelnut/train/good/354.png,
275643242c7c4bfe5f21fdef,capsule,final_test,1,squeeze,capsule/test/squeeze/012.png,capsule/ground_truth/squeeze/012_mask.png
275f5dbe7444f8b88356d6d6,carpet,validation_normal,0,good,carpet/train/good/112.png,
2765619de3b9636a479a8bd7,carpet,final_test,1,thread,carpet/test/thread/016.png,carpet/ground_truth/thread/016_mask.png
276c7fe207253063e9916d14,transistor,final_test,0,good,transistor/test/good/005.png,
2783fbf6b63546f9f12578ed,screw,selection,1,thread_side,screw/test/thread_side/012.png,screw/ground_truth/thread_side/012_mask.png
278da6f0f61544f57508d62f,carpet,final_test,1,color,carpet/test/color/017.png,carpet/ground_truth/color/017_mask.png
27b9f770687d12e767040d79,screw,fit,0,good,screw/train/good/248.png,
27d3e177bd430cae4450e6cf,leather,fit,0,good,leather/train/good/156.png,
27da7363108803dd9235b3e0,screw,final_test,0,good,screw/test/good/010.png,
27f1151bae50710ce3fc3be3,leather,fit,0,good,leather/train/good/186.png,
27f2e0ccaf2d1a11a9ba5534,capsule,fit,0,good,capsule/train/good/195.png,
2800bc461e95074a33c6af66,screw,fit,0,good,screw/train/good/096.png,
280f2ea87d390e89e359ff57,pill,fit,0,good,pill/train/good/186.png,
28167dfa649ddce147282907,zipper,fit,0,good,zipper/train/good/223.png,
281b05da494b883f5769c308,transistor,selection,0,good,transistor/test/good/003.png,
282b917afda0dc99eae40c06,screw,fit,0,good,screw/train/good/080.png,
283a39acd0e984b5023c0b83,pill,final_test,1,color,pill/test/color/008.png,pill/ground_truth/color/008_mask.png
283c1b48a2f97c2f9e9b9bbe,carpet,final_test,1,color,carpet/test/color/008.png,carpet/ground_truth/color/008_mask.png
283da0490acaa922348adcdb,transistor,fit,0,good,transistor/train/good/187.png,
28443c5c3703e515cee8c0e4,capsule,final_test,1,squeeze,capsule/test/squeeze/016.png,capsule/ground_truth/squeeze/016_mask.png
2847a43b1dddd00b0ad65450,cable,selection,0,good,cable/test/good/033.png,
285a65bdcb7196157be85c84,zipper,final_test,0,good,zipper/test/good/016.png,
286f5407b6fb055958dd9b5d,transistor,fit,0,good,transistor/train/good/042.png,
288075f16e03b8301743f277,bottle,fit,0,good,bottle/train/good/152.png,
288854dbd812a317ee7fb914,zipper,validation_normal,0,good,zipper/train/good/085.png,
28a24b96a73e3846c0bc42f1,wood,final_test,1,hole,wood/test/hole/006.png,wood/ground_truth/hole/006_mask.png
28a62426fed9a8463fcc3927,leather,fit,0,good,leather/train/good/005.png,
28a70c9a9a33e875743892d0,screw,final_test,1,manipulated_front,screw/test/manipulated_front/004.png,screw/ground_truth/manipulated_front/004_mask.png
28ac829f2781f2bdbc43c96a,zipper,calibration_normal,0,good,zipper/train/good/191.png,
28b3473e511349b38f051af4,hazelnut,fit,0,good,hazelnut/train/good/347.png,
28b43140b04e52cd3bb8e3e1,wood,fit,0,good,wood/train/good/010.png,
28b5101f028a063b58637ebd,transistor,fit,0,good,transistor/train/good/060.png,
28b6b89231748afc88643eb1,metal_nut,fit,0,good,metal_nut/train/good/216.png,
28c2711d7130db9c9fa78459,screw,selection,0,good,screw/test/good/014.png,
28c4c77b4f1e09d04880149b,bottle,fit,0,good,bottle/train/good/000.png,
28d6719a19111cafafd83659,transistor,fit,0,good,transistor/train/good/196.png,
28ddd9f4063510ed4aa48921,capsule,fit,0,good,capsule/train/good/051.png,
28e86b29851f6f7aeaece163,wood,fit,0,good,wood/train/good/041.png,
28ea924fb37bc04fc194a452,cable,validation_normal,0,good,cable/train/good/028.png,
28f7aec9c1c24ad24a998e5e,grid,validation_normal,0,good,grid/train/good/021.png,
28fb6669c7921c94a69ed2ed,screw,final_test,1,scratch_head,screw/test/scratch_head/012.png,screw/ground_truth/scratch_head/012_mask.png
28fc831d65924141a5a13cb8,tile,validation_normal,0,good,tile/train/good/083.png,
290604cea425ffcb45614166,tile,final_test,1,rough,tile/test/rough/011.png,tile/ground_truth/rough/011_mask.png
290797eb07c576d3364f795f,zipper,calibration_normal,0,good,zipper/train/good/124.png,
291188b3350e4c0d3b2b14fd,capsule,final_test,1,poke,capsule/test/poke/017.png,capsule/ground_truth/poke/017_mask.png
292799013bcf0acdefd5a663,transistor,final_test,0,good,transistor/test/good/054.png,
292d57c97fdea5cde1ead320,grid,selection,1,glue,grid/test/glue/009.png,grid/ground_truth/glue/009_mask.png
29336b84f2ba9bb37dd8fd4a,zipper,calibration_normal,0,good,zipper/train/good/104.png,
293ad80e6486db7896f39f0d,screw,selection,1,manipulated_front,screw/test/manipulated_front/009.png,screw/ground_truth/manipulated_front/009_mask.png
294a8cb1ef9fd1ad40954ad7,pill,final_test,1,crack,pill/test/crack/006.png,pill/ground_truth/crack/006_mask.png
294bc96f4bcede1ecbc08044,screw,final_test,0,good,screw/test/good/016.png,
294e8cadaacc35e520ac92c1,transistor,fit,0,good,transistor/train/good/088.png,
295e2db47f162078f8ef37bb,tile,fit,0,good,tile/train/good/162.png,
29898f68ab0eaf6018d75dd8,hazelnut,fit,0,good,hazelnut/train/good/344.png,
298cd8ae59d394df61b03069,zipper,validation_normal,0,good,zipper/train/good/238.png,
2999c8752938b527146408df,carpet,fit,0,good,carpet/train/good/074.png,
29a52cd88fe80305f17d5c1c,hazelnut,selection,0,good,hazelnut/test/good/024.png,
29b2e451016e654f0b1f8a56,transistor,final_test,0,good,transistor/test/good/007.png,
29c24fa23b9f7e3a011bf6ef,zipper,fit,0,good,zipper/train/good/010.png,
29cac1c96fd1d3ff5d8d9ecd,bottle,fit,0,good,bottle/train/good/137.png,
29cbd9718908ae247b8fee7a,screw,fit,0,good,screw/train/good/225.png,
29cf399e21647cb2652521e2,screw,fit,0,good,screw/train/good/003.png,
29d52cdebaa91fcec0336333,pill,fit,0,good,pill/train/good/001.png,
29e2264801194128adf62603,screw,validation_normal,0,good,screw/train/good/037.png,
29eb9778e70131ac68816cba,zipper,final_test,1,combined,zipper/test/combined/010.png,zipper/ground_truth/combined/010_mask.png
29eef073929593a84265bc23,cable,final_test,1,bent_wire,cable/test/bent_wire/012.png,cable/ground_truth/bent_wire/012_mask.png
29fcf46e32350ff53faf5bfd,metal_nut,validation_normal,0,good,metal_nut/train/good/142.png,
29fe2122ba692ce0dc8152f1,zipper,fit,0,good,zipper/train/good/097.png,
29fe6ff0f0688ea216431f3c,tile,fit,0,good,tile/train/good/195.png,
2a014ddf867b435d0e5ce905,leather,final_test,0,good,leather/test/good/018.png,
2a03db3aee7bb36dacf55bba,leather,final_test,1,poke,leather/test/poke/004.png,leather/ground_truth/poke/004_mask.png
2a0986c04cbf34bd227794af,hazelnut,calibration_normal,0,good,hazelnut/train/good/036.png,
2a12063252f0f92996aa4c76,hazelnut,fit,0,good,hazelnut/train/good/065.png,
2a17369fa4ece7c143f1ad93,zipper,fit,0,good,zipper/train/good/012.png,
2a19cff4685d2990ef2ead09,transistor,final_test,1,cut_lead,transistor/test/cut_lead/006.png,transistor/ground_truth/cut_lead/006_mask.png
2a1e3210c8cef996c5bbedb9,leather,calibration_normal,0,good,leather/train/good/033.png,
2a26425fd58ebd0a3ee88d37,capsule,fit,0,good,capsule/train/good/197.png,
2a39cf83c33ac642b5611bf3,bottle,fit,0,good,bottle/train/good/191.png,
2a3cf2170e242eef2b639049,carpet,calibration_normal,0,good,carpet/train/good/226.png,
2a3ed58671e5be898a2b1a47,capsule,fit,0,good,capsule/train/good/141.png,
2a4351b04f44595d9aa81fc3,hazelnut,validation_normal,0,good,hazelnut/train/good/096.png,
2a4a7561ea6e9f70a9164ded,carpet,selection,0,good,carpet/test/good/015.png,
2a4cf7d22cd294628447c109,tile,selection,0,good,tile/test/good/019.png,
2a57af31e665604949a97d9b,wood,calibration_normal,0,good,wood/train/good/053.png,
2a6c5347726b1950b6bf9b4c,pill,fit,0,good,pill/train/good/069.png,
2a87fda34736ee283593bd78,leather,selection,1,fold,leather/test/fold/011.png,leather/ground_truth/fold/011_mask.png
2aa3221fbe6496306954744d,wood,fit,0,good,wood/train/good/198.png,
2acaf8f0860445057e07c626,screw,fit,0,good,screw/train/good/047.png,
2adf4c3eb75951fc7af79c3f,capsule,validation_normal,0,good,capsule/train/good/208.png,
2adfbbbf98a4a3ae0de0117a,leather,validation_normal,0,good,leather/train/good/034.png,
2af1adda29992f578bdc7d21,zipper,fit,0,good,zipper/train/good/172.png,
2af6a0e9aceb067c1933a6bf,pill,fit,0,good,pill/train/good/129.png,
2aff3e960e7eb5136dca0010,zipper,final_test,1,combined,zipper/test/combined/006.png,zipper/ground_truth/combined/006_mask.png
2b05dc78a5dc07cf9118ab2f,carpet,validation_normal,0,good,carpet/train/good/028.png,
2b17c0c7e3cf23eae511b7c1,screw,fit,0,good,screw/train/good/134.png,
2b18f3dede38e540174babbf,pill,fit,0,good,pill/train/good/233.png,
2b2ccb1796245af215d9f0cc,capsule,fit,0,good,capsule/train/good/036.png,
2b2d1413583588a6a2fbe0ac,cable,selection,1,bent_wire,cable/test/bent_wire/010.png,cable/ground_truth/bent_wire/010_mask.png
2b6f93d41a940b0611663324,carpet,final_test,1,hole,carpet/test/hole/003.png,carpet/ground_truth/hole/003_mask.png
2b8a61cead01362025352d33,capsule,validation_normal,0,good,capsule/train/good/089.png,
2b95e4a293b75290b6071e4a,grid,selection,1,broken,grid/test/broken/009.png,grid/ground_truth/broken/009_mask.png
2ba1e1caf4c345459381b720,leather,calibration_normal,0,good,leather/train/good/081.png,
2ba5568323cc11d910fc089f,cable,calibration_normal,0,good,cable/train/good/128.png,
2ba95355177c898cd6fa63d1,toothbrush,fit,0,good,toothbrush/train/good/007.png,
2bb01a0f5fcc304b273ce663,pill,fit,0,good,pill/train/good/265.png,
2bb53a4de87720738b508956,screw,validation_normal,0,good,screw/train/good/011.png,
2bbfecb76e32f6ee548e231f,metal_nut,selection,1,color,metal_nut/test/color/021.png,metal_nut/ground_truth/color/021_mask.png
2bc31f3826c212cdfabe8baa,carpet,selection,1,metal_contamination,carpet/test/metal_contamination/000.png,carpet/ground_truth/metal_contamination/000_mask.png
2bc4159ccad7009faa53c885,grid,validation_normal,0,good,grid/train/good/135.png,
2bc9dd64533a76b4bda069d6,bottle,final_test,1,broken_large,bottle/test/broken_large/004.png,bottle/ground_truth/broken_large/004_mask.png
2bdcde1497bb652a0c0e2970,cable,selection,0,good,cable/test/good/023.png,
2be1390946c57344bbccce1e,bottle,fit,0,good,bottle/train/good/112.png,
2bef6fcc713de5bd0e686dec,zipper,selection,1,broken_teeth,zipper/test/broken_teeth/004.png,zipper/ground_truth/broken_teeth/004_mask.png
2bf904a50e02db62e9ee045e,transistor,fit,0,good,transistor/train/good/174.png,
2bf93053eed7a994eeed21cc,capsule,fit,0,good,capsule/train/good/138.png,
2c0dd702264b1f0b743d5062,leather,fit,0,good,leather/train/good/219.png,
2c3b109af24c79ba36bde2f3,wood,validation_normal,0,good,wood/train/good/212.png,
2c3fc3d41d80d8ad21e8f366,grid,final_test,1,glue,grid/test/glue/003.png,grid/ground_truth/glue/003_mask.png
2c4e3f686ff15d7a22350cdd,tile,fit,0,good,tile/train/good/020.png,
2c82326945496458cfad1b65,cable,final_test,0,good,cable/test/good/017.png,
2c874f7a86140b325169ec81,leather,fit,0,good,leather/train/good/240.png,
2c87d392256f7b125e528bbf,leather,selection,0,good,leather/test/good/001.png,
2ca8366e0734bb5fbe78dfa9,capsule,fit,0,good,capsule/train/good/205.png,
2cb01d9e6fe936bf19c43768,screw,final_test,1,manipulated_front,screw/test/manipulated_front/019.png,screw/ground_truth/manipulated_front/019_mask.png
2cb69016dc529e61bff0ef1a,leather,fit,0,good,leather/train/good/110.png,
2cbdac37138f4c0fc0d70401,screw,fit,0,good,screw/train/good/234.png,
2cbecba05cc001c3012ed71c,grid,final_test,1,thread,grid/test/thread/010.png,grid/ground_truth/thread/010_mask.png
2ce0d0a6daac0df8baed856e,leather,final_test,1,glue,leather/test/glue/007.png,leather/ground_truth/glue/007_mask.png
2cef7dca9137123219016b2b,screw,fit,0,good,screw/train/good/196.png,
2d06cb66588f900a32aa8e20,bottle,selection,1,broken_small,bottle/test/broken_small/017.png,bottle/ground_truth/broken_small/017_mask.png
2d0bb657c76153bc38685d91,metal_nut,validation_normal,0,good,metal_nut/train/good/075.png,
2d2b0b209b605bc3791c8f95,carpet,final_test,1,cut,carpet/test/cut/006.png,carpet/ground_truth/cut/006_mask.png
2d2e0b99c90bbf8ee1195b5f,transistor,selection,1,damaged_case,transistor/test/damaged_case/005.png,transistor/ground_truth/damaged_case/005_mask.png
2d35967e52493a0b07c01859,grid,validation_normal,0,good,grid/train/good/159.png,
2d3c7949c7725c92ddefac14,zipper,validation_normal,0,good,zipper/train/good/203.png,
2d3f6e9238e0a0b071e3f6bb,carpet,fit,0,good,carpet/train/good/278.png,
2d401ebb9ba948efba283fd1,bottle,final_test,0,good,bottle/test/good/008.png,
2d42837dcb79f0c1c8a87e3d,wood,final_test,1,scratch,wood/test/scratch/016.png,wood/ground_truth/scratch/016_mask.png
2d4e5bd5968ee3354ae7c70a,wood,fit,0,good,wood/train/good/205.png,
2d4feb13276b01f74ccbb58b,screw,fit,0,good,screw/train/good/108.png,
2d53a940a0a073fb229b7441,metal_nut,fit,0,good,metal_nut/train/good/001.png,
2d65140995aad2cd0a69424c,leather,calibration_normal,0,good,leather/train/good/140.png,
2d652211a073dfb247f0958d,wood,validation_normal,0,good,wood/train/good/008.png,
2d65d66a83294d235843aacd,hazelnut,fit,0,good,hazelnut/train/good/032.png,
2d67c47fdbd1dd8ff825d3ce,carpet,final_test,1,cut,carpet/test/cut/010.png,carpet/ground_truth/cut/010_mask.png
2d71acb4ae866e14326a6506,carpet,final_test,0,good,carpet/test/good/011.png,
2d73639f8bbbfa4dc28f3b41,transistor,validation_normal,0,good,transistor/train/good/177.png,
2d8135d5ec818540016a4eb1,pill,fit,0,good,pill/train/good/255.png,
2da0ea430699f59aeefc3572,pill,final_test,1,faulty_imprint,pill/test/faulty_imprint/008.png,pill/ground_truth/faulty_imprint/008_mask.png
2da231ee3b4cc655fd065421,hazelnut,validation_normal,0,good,hazelnut/train/good/187.png,
2db4507ff934a1f01e06c23e,pill,final_test,1,color,pill/test/color/010.png,pill/ground_truth/color/010_mask.png
2dc277e056093b186bfaa76e,transistor,fit,0,good,transistor/train/good/176.png,
2dc35dc26b97daba5909e883,cable,final_test,0,good,cable/test/good/024.png,
2dde57e01490054da6679211,toothbrush,fit,0,good,toothbrush/train/good/026.png,
2dff81ea6d52ad97e12634a1,toothbrush,fit,0,good,toothbrush/train/good/057.png,
2e12f874987c9207d7ae96eb,grid,fit,0,good,grid/train/good/158.png,
2e20e63faa04ea72d1cdc2fd,tile,fit,0,good,tile/train/good/008.png,
2e3253788cf7c83902f49481,toothbrush,fit,0,good,toothbrush/train/good/017.png,
2e5f51f485e0a83084ce72e1,cable,selection,1,cut_inner_insulation,cable/test/cut_inner_insulation/002.png,cable/ground_truth/cut_inner_insulation/002_mask.png
2e72495f8a409fc275734911,pill,final_test,1,color,pill/test/color/005.png,pill/ground_truth/color/005_mask.png
2e869fc0666d93eb6a0aaffd,pill,fit,0,good,pill/train/good/011.png,
2e86edd5f07b287a7fb6b7ec,zipper,final_test,1,split_teeth,zipper/test/split_teeth/003.png,zipper/ground_truth/split_teeth/003_mask.png
2ea1f69f10ebc91502252ac1,capsule,fit,0,good,capsule/train/good/029.png,
2eaaec90ff7228ec6c7bba7d,pill,fit,0,good,pill/train/good/100.png,
2eb063dd0cee0c9395075329,metal_nut,fit,0,good,metal_nut/train/good/078.png,
2ec1fd7571b58a89bc47f624,tile,fit,0,good,tile/train/good/131.png,
2ed0f3dc03018dc57e489c01,metal_nut,fit,0,good,metal_nut/train/good/134.png,
2ed830977451ca789449d0f1,hazelnut,fit,0,good,hazelnut/train/good/109.png,
2eddb5316e1a0ed7ada96fa9,leather,final_test,1,poke,leather/test/poke/010.png,leather/ground_truth/poke/010_mask.png
2ee26b420b956cca5714153f,grid,validation_normal,0,good,grid/train/good/131.png,
2ee9176b46664b1a06b6f1e6,metal_nut,selection,0,good,metal_nut/test/good/013.png,
2ef2f5b1f616c2284168f158,metal_nut,fit,0,good,metal_nut/train/good/218.png,
2ef8c3245eb53547b9f38503,bottle,fit,0,good,bottle/train/good/030.png,
2f0083a8847ad25711e06062,grid,selection,1,bent,grid/test/bent/000.png,grid/ground_truth/bent/000_mask.png
2f0387019c4f209fd5978755,metal_nut,fit,0,good,metal_nut/train/good/123.png,
2f04fc7b6568befa901d8ed4,leather,fit,0,good,leather/train/good/139.png,
2f09c337af7d979bb5bef1e8,metal_nut,fit,0,good,metal_nut/train/good/160.png,
2f13b463e28d3ac03a201521,pill,fit,0,good,pill/train/good/187.png,
2f17da56b22d00c1bc9009a6,hazelnut,calibration_normal,0,good,hazelnut/train/good/386.png,
2f1982abb69a0cf574c1d12d,hazelnut,fit,0,good,hazelnut/train/good/138.png,
2f1ec475ffdb8147158b5fd3,wood,fit,0,good,wood/train/good/025.png,
2f3142fed6b9ea7cfa46673d,transistor,calibration_normal,0,good,transistor/train/good/078.png,
2f515913dd0fd5add2afd575,leather,fit,0,good,leather/train/good/145.png,
2f768413ee5c9dc8b6f2fcfe,screw,fit,0,good,screw/train/good/070.png,
2f7720db06d4c7c5485f71ed,leather,fit,0,good,leather/train/good/115.png,
2f78e1899b76c10b1735375d,hazelnut,fit,0,good,hazelnut/train/good/012.png,
2f8a0f8d8a3ac75106e1b2c7,hazelnut,selection,1,print,hazelnut/test/print/004.png,hazelnut/ground_truth/print/004_mask.png
2f95b15af832568ef28d0a2e,carpet,fit,0,good,carpet/train/good/111.png,
2f9c6fb2367c4594ec809a44,leather,validation_normal,0,good,leather/train/good/055.png,
2fa003e5312b7e5f9c629dc0,carpet,final_test,1,metal_contamination,carpet/test/metal_contamination/016.png,carpet/ground_truth/metal_contamination/016_mask.png
2fa604665d590ffc0d404f1d,transistor,fit,0,good,transistor/train/good/119.png,
2fa659f3a12a7151b1e8474d,grid,fit,0,good,grid/train/good/088.png,
2fbd88c8654d6f977d4364e9,leather,fit,0,good,leather/train/good/244.png,
2fcce1041f679f1f5519504e,pill,fit,0,good,pill/train/good/108.png,
2fcee3665c09a03b46bef8f1,leather,fit,0,good,leather/train/good/162.png,
2fde338a8104807e017298c7,metal_nut,final_test,0,good,metal_nut/test/good/004.png,
2ffddbb220c31dcc4b82c328,bottle,validation_normal,0,good,bottle/train/good/062.png,
2ffe001f7954e3a7fe03b59e,pill,selection,1,scratch,pill/test/scratch/023.png,pill/ground_truth/scratch/023_mask.png
300186ae545967d89ad43abb,tile,fit,0,good,tile/train/good/011.png,
301518807bb8c17ca4b51fce,pill,fit,0,good,pill/train/good/093.png,
30163db5d6af0aaedf757625,capsule,selection,1,crack,capsule/test/crack/014.png,capsule/ground_truth/crack/014_mask.png
301a83a59cbe75d4c0427147,capsule,final_test,1,poke,capsule/test/poke/011.png,capsule/ground_truth/poke/011_mask.png
30261603068ae6486685e6e2,leather,calibration_normal,0,good,leather/train/good/025.png,
3027591be260ba9c8f03df09,wood,validation_normal,0,good,wood/train/good/185.png,
303c9df87bca70b0eb77dacd,pill,selection,1,scratch,pill/test/scratch/014.png,pill/ground_truth/scratch/014_mask.png
30496c931f030c6cb139c4cd,leather,calibration_normal,0,good,leather/train/good/169.png,
304ac0732472f457068506a8,grid,fit,0,good,grid/train/good/124.png,
3052bf899fbcadc53a8daf0b,transistor,fit,0,good,transistor/train/good/110.png,
306927aa1323457d075037af,tile,fit,0,good,tile/train/good/200.png,
3073ab2fe219d34455b46662,toothbrush,validation_normal,0,good,toothbrush/train/good/011.png,
308538e111bb9042ea2870c4,grid,fit,0,good,grid/train/good/075.png,
3085f0ffaa0f34a501babbf9,carpet,fit,0,good,carpet/train/good/218.png,
3091690bf8135d4741a69947,zipper,calibration_normal,0,good,zipper/train/good/106.png,
30aac077d2e1c2435b8fc2df,carpet,fit,0,good,carpet/train/good/242.png,
30b2a8960f74a1921731c363,tile,fit,0,good,tile/train/good/009.png,
30d7c6e6d9d062a3785c96fd,screw,selection,1,thread_top,screw/test/thread_top/007.png,screw/ground_truth/thread_top/007_mask.png
30e4d3eeb99d9d932cab642a,wood,selection,1,liquid,wood/test/liquid/001.png,wood/ground_truth/liquid/001_mask.png
30eb22bf807cb51027193a4e,wood,fit,0,good,wood/train/good/238.png,
30f803352c2f1ac40f7ef661,hazelnut,validation_normal,0,good,hazelnut/train/good/007.png,
31025a4cc32297ce221e5763,leather,final_test,0,good,leather/test/good/017.png,
310f9c24f7e2615d568ff435,metal_nut,selection,1,bent,metal_nut/test/bent/003.png,metal_nut/ground_truth/bent/003_mask.png
312230d20623075c4c2cbde2,screw,calibration_normal,0,good,screw/train/good/199.png,
312737ea65508899e6b6010d,zipper,fit,0,good,zipper/train/good/122.png,
313037ecc6925d330d0b3473,toothbrush,calibration_normal,0,good,toothbrush/train/good/038.png,
313718d27868560af9886147,toothbrush,final_test,1,defective,toothbrush/test/defective/003.png,toothbrush/ground_truth/defective/003_mask.png
315818291b44a8b08ccbcb05,bottle,fit,0,good,bottle/train/good/006.png,
3182988cda72dccb06d2e75b,bottle,final_test,1,contamination,bottle/test/contamination/007.png,bottle/ground_truth/contamination/007_mask.png
31c75d3bc791b753fcd935ba,leather,fit,0,good,leather/train/good/143.png,
31d4106ee2a022f04f2f9ab0,leather,calibration_normal,0,good,leather/train/good/051.png,
31d7270dc7cb36d5842acad2,grid,fit,0,good,grid/train/good/018.png,
31e2003ec91bc7305652fa28,hazelnut,fit,0,good,hazelnut/train/good/140.png,
31ebad3c8d157fa1bf252cf1,zipper,validation_normal,0,good,zipper/train/good/025.png,
31ec1d67f2232426e1819af5,carpet,selection,1,thread,carpet/test/thread/006.png,carpet/ground_truth/thread/006_mask.png
31f58b345932ee5fb89572c2,carpet,selection,1,thread,carpet/test/thread/011.png,carpet/ground_truth/thread/011_mask.png
32151b7be8166ee84692a754,toothbrush,fit,0,good,toothbrush/train/good/023.png,
321630ee837ffb88c6cb3b82,metal_nut,fit,0,good,metal_nut/train/good/140.png,
32409d8dce067c6e284e3f59,pill,fit,0,good,pill/train/good/264.png,
3244f20ee4fac2dcfdc6ce50,screw,validation_normal,0,good,screw/train/good/113.png,
324d60d86b3e2d1a658124d6,zipper,fit,0,good,zipper/train/good/112.png,
326fd30003627b6977d91f69,tile,final_test,1,glue_strip,tile/test/glue_strip/017.png,tile/ground_truth/glue_strip/017_mask.png
3271695f60e8e4a3158e4971,carpet,fit,0,good,carpet/train/good/084.png,
3273b457fc4b9424d14a4681,bottle,fit,0,good,bottle/train/good/056.png,
328a0c8234e98e92dc1bdbaa,tile,calibration_normal,0,good,tile/train/good/016.png,
32ab6c8d2a073aba4ef5831d,leather,fit,0,good,leather/train/good/060.png,
32abcc8835197db96bb18659,wood,validation_normal,0,good,wood/train/good/109.png,
32cff536caf5dce9dc9f44bc,grid,fit,0,good,grid/train/good/177.png,
32d40f344427265a7f0506b1,screw,validation_normal,0,good,screw/train/good/312.png,
32ec8c3d4b9437ce88b92761,metal_nut,fit,0,good,metal_nut/train/good/106.png,
32f40a790cc4c211a97dd252,wood,fit,0,good,wood/train/good/014.png,
32fc59b817716f45cdd18f6c,screw,fit,0,good,screw/train/good/187.png,
32fcdcfc2e23f1dc209a0835,screw,selection,1,manipulated_front,screw/test/manipulated_front/003.png,screw/ground_truth/manipulated_front/003_mask.png
3324d33ece72c1db73bde2e9,capsule,final_test,1,faulty_imprint,capsule/test/faulty_imprint/017.png,capsule/ground_truth/faulty_imprint/017_mask.png
3337d914f22b84c3e12553f2,leather,validation_normal,0,good,leather/train/good/191.png,
334287591a71ec615744d9a3,carpet,fit,0,good,carpet/train/good/220.png,
336f36eb87038aeb130a8a36,zipper,validation_normal,0,good,zipper/train/good/019.png,
3370a7c3615c8e3f3a300323,capsule,fit,0,good,capsule/train/good/137.png,
33739d661584e31b98db99ca,carpet,calibration_normal,0,good,carpet/train/good/151.png,
337f842a369896df4ebbef75,tile,fit,0,good,tile/train/good/034.png,
337fca3a54565822ee0f5bac,cable,final_test,1,bent_wire,cable/test/bent_wire/011.png,cable/ground_truth/bent_wire/011_mask.png
33843def298294bcb80b1905,tile,fit,0,good,tile/train/good/165.png,
3385f891b310b3e459e675b5,screw,fit,0,good,screw/train/good/179.png,
33958077413dad37a45f4506,hazelnut,fit,0,good,hazelnut/train/good/153.png,
33a6358f689ad7e1f82c9975,carpet,fit,0,good,carpet/train/good/158.png,
33aaf0b11c87b98aa681883d,metal_nut,fit,0,good,metal_nut/train/good/136.png,
33af2ddee4f86b1d8557aeb0,carpet,fit,0,good,carpet/train/good/024.png,
33b2c4bbaa50a822794801aa,screw,final_test,0,good,screw/test/good/002.png,
33b59457165ec0985ee60aba,zipper,fit,0,good,zipper/train/good/009.png,
33b99f1c237e6d3d37c2680c,grid,fit,0,good,grid/train/good/025.png,
33ba11be508dfa572ba024b9,screw,fit,0,good,screw/train/good/058.png,
33baec443245198203354909,cable,selection,0,good,cable/test/good/021.png,
33df51de151ddef5430160b3,tile,final_test,1,oil,tile/test/oil/005.png,tile/ground_truth/oil/005_mask.png
33e48d60b6eb5ca853d87500,capsule,selection,1,poke,capsule/test/poke/016.png,capsule/ground_truth/poke/016_mask.png
33e8ce4cf2a2518aa204b0bb,metal_nut,fit,0,good,metal_nut/train/good/059.png,
34062aa7b678ce35014da3c5,hazelnut,fit,0,good,hazelnut/train/good/378.png,
34157d5b1713203289eb7caa,toothbrush,final_test,1,defective,toothbrush/test/defective/000.png,toothbrush/ground_truth/defective/000_mask.png
34273db19e69bf5ad990203b,capsule,fit,0,good,capsule/train/good/063.png,
3431a463aa43dee21836d7b6,capsule,final_test,1,scratch,capsule/test/scratch/018.png,capsule/ground_truth/scratch/018_mask.png
344a8f527a8696705f1cb163,screw,fit,0,good,screw/train/good/142.png,
345377177d56eafe08e9eb02,leather,final_test,0,good,leather/test/good/026.png,
345a2d681c4a8b92d0bf9f24,capsule,fit,0,good,capsule/train/good/181.png,
3461fd17f6f9a52a3c50b9a4,wood,fit,0,good,wood/train/good/164.png,
3463de20ddb0e639bcffc07a,cable,calibration_normal,0,good,cable/train/good/140.png,
347ecd371be238f111c438c4,hazelnut,fit,0,good,hazelnut/train/good/176.png,
3480c6d2163eb1bd210c7580,capsule,fit,0,good,capsule/train/good/154.png,
3488c4b5f7e8f0ee51d28b99,hazelnut,selection,1,cut,hazelnut/test/cut/010.png,hazelnut/ground_truth/cut/010_mask.png
3493a5b966185397bd2ba539,capsule,final_test,1,faulty_imprint,capsule/test/faulty_imprint/016.png,capsule/ground_truth/faulty_imprint/016_mask.png
34984207475f6b2b4940624b,capsule,final_test,1,crack,capsule/test/crack/003.png,capsule/ground_truth/crack/003_mask.png
34a2dc447b97e1574d3d787d,zipper,final_test,1,fabric_border,zipper/test/fabric_border/003.png,zipper/ground_truth/fabric_border/003_mask.png
34c0847340e3c5a3654c2bb4,toothbrush,fit,0,good,toothbrush/train/good/051.png,
34c4cbfee50d75120dfc551f,grid,fit,0,good,grid/train/good/054.png,
34c4e3641453993c954c9ff5,transistor,fit,0,good,transistor/train/good/030.png,
34d71f342a8bdcddb7bd1bb2,metal_nut,fit,0,good,metal_nut/train/good/210.png,
34f6930b780da8a99bf80775,wood,fit,0,good,wood/train/good/140.png,
34f89cb90269d6709bac4fc9,tile,final_test,1,gray_stroke,tile/test/gray_stroke/001.png,tile/ground_truth/gray_stroke/001_mask.png
350753a839fe0d9e19831a2c,leather,calibration_normal,0,good,leather/train/good/179.png,
351eea0404dea3010ab5db6c,wood,validation_normal,0,good,wood/train/good/078.png,
3538adec99771a30bd3ab7c1,toothbrush,final_test,1,defective,toothbrush/test/defective/007.png,toothbrush/ground_truth/defective/007_mask.png
3545383f16049c745d434db7,zipper,selection,1,squeezed_teeth,zipper/test/squeezed_teeth/004.png,zipper/ground_truth/squeezed_teeth/004_mask.png
354a9be3ac63f6815afcc826,cable,validation_normal,0,good,cable/train/good/122.png,
3558a221b55d338d2de968bf,screw,fit,0,good,screw/train/good/107.png,
3559fb9d6afeb0327a013db8,carpet,fit,0,good,carpet/train/good/230.png,
355a9b9b9554b8feb9cb8301,hazelnut,final_test,1,crack,hazelnut/test/crack/001.png,hazelnut/ground_truth/crack/001_mask.png
355daaf9ff099beb6d887ff0,cable,fit,0,good,cable/train/good/076.png,
35815f0073d5a1972a14780c,cable,validation_normal,0,good,cable/train/good/217.png,
3589d9044a12c29c6e7d5ca0,wood,fit,0,good,wood/train/good/226.png,
358ed580400c56da0e228fbd,carpet,selection,1,hole,carpet/test/hole/001.png,carpet/ground_truth/hole/001_mask.png
359624232006118c1c179a84,screw,fit,0,good,screw/train/good/147.png,
35969d609e51d133318deddf,screw,fit,0,good,screw/train/good/158.png,
359b1ca953c08c4605525205,grid,fit,0,good,grid/train/good/143.png,
35a1dbb911a404d0ebb07b42,pill,fit,0,good,pill/train/good/081.png,
35b475d9a9979fc4a85e1506,toothbrush,final_test,0,good,toothbrush/test/good/002.png,
35d1cdbe3b142c3b5a3a4f90,bottle,final_test,0,good,bottle/test/good/017.png,
35d4eeafa53374fe4dada6de,transistor,fit,0,good,transistor/train/good/036.png,
35d8f34e6d17329b9c3162d8,grid,fit,0,good,grid/train/good/010.png,
35e1c5cf0f4acdd8463fb8f1,screw,fit,0,good,screw/train/good/201.png,
35e2d312f54cac4366efa4fb,hazelnut,final_test,1,print,hazelnut/test/print/013.png,hazelnut/ground_truth/print/013_mask.png
35ece64b8ce72f2b8e291eb4,carpet,final_test,0,good,carpet/test/good/016.png,
3603b7fee1ca955a04cca35c,screw,calibration_normal,0,good,screw/train/good/200.png,
36130a64c841ae43c81505e5,wood,fit,0,good,wood/train/good/234.png,
36138ba5ef2c27297c0946b6,hazelnut,fit,0,good,hazelnut/train/good/184.png,
36261c5ec012da6d1fe0a42f,metal_nut,fit,0,good,metal_nut/train/good/060.png,
3627046fcc6b3a74dd831635,zipper,final_test,1,squeezed_teeth,zipper/test/squeezed_teeth/010.png,zipper/ground_truth/squeezed_teeth/010_mask.png
3629a3b2eedccac427ac0174,tile,selection,1,glue_strip,tile/test/glue_strip/000.png,tile/ground_truth/glue_strip/000_mask.png
363ed33a0031583b4a5613c6,zipper,fit,0,good,zipper/train/good/008.png,
3643e9d57d636d35bbd0e438,tile,final_test,1,crack,tile/test/crack/004.png,tile/ground_truth/crack/004_mask.png
364be0f7559e1c6a96d1e1b1,zipper,fit,0,good,zipper/train/good/033.png,
364e0e6e8ebfd65fc6dd2ba4,capsule,selection,1,scratch,capsule/test/scratch/000.png,capsule/ground_truth/scratch/000_mask.png
364ed37a3f10d938af4a40e3,tile,fit,0,good,tile/train/good/198.png,
365592c1082f181db7288f8a,metal_nut,fit,0,good,metal_nut/train/good/051.png,
365b75543f5c8a0e3183a977,carpet,fit,0,good,carpet/train/good/051.png,
3663c6241da6d2dbc166da4a,transistor,fit,0,good,transistor/train/good/163.png,
366f9a985faca38b663f67c5,hazelnut,calibration_normal,0,good,hazelnut/train/good/019.png,
367d2e7c98d88b88616293c4,zipper,final_test,1,broken_teeth,zipper/test/broken_teeth/018.png,zipper/ground_truth/broken_teeth/018_mask.png
367fe3acecb9d7f550beee01,toothbrush,final_test,1,defective,toothbrush/test/defective/009.png,toothbrush/ground_truth/defective/009_mask.png
36870ca38c14e3e48c96f211,capsule,fit,0,good,capsule/train/good/127.png,
36883857eff5605d137b8e89,leather,final_test,1,fold,leather/test/fold/012.png,leather/ground_truth/fold/012_mask.png
368cb2f8029be647f38a49d4,grid,final_test,1,bent,grid/test/bent/009.png,grid/ground_truth/bent/009_mask.png
3693419127c977edc0bdf0ae,leather,fit,0,good,leather/train/good/099.png,
369a39585bd1d4e6c784033f,bottle,selection,1,broken_small,bottle/test/broken_small/012.png,bottle/ground_truth/broken_small/012_mask.png
369b25a6723648904bd97b20,wood,calibration_normal,0,good,wood/train/good/042.png,
36cac4dce2fe2e95e3a6e3f2,tile,fit,0,good,tile/train/good/214.png,
36cf3de16cdabd9ccf38e694,hazelnut,fit,0,good,hazelnut/train/good/157.png,
36e117b2978996697cb4df5f,transistor,fit,0,good,transistor/train/good/000.png,
36e86d7315eb57130a5ab232,cable,fit,0,good,cable/train/good/017.png,
36edd3f90b30efeaf43a8650,metal_nut,fit,0,good,metal_nut/train/good/171.png,
36f125a3f6487891aa90a031,screw,calibration_normal,0,good,screw/train/good/013.png,
370872e397dbb63ef70146d1,cable,fit,0,good,cable/train/good/078.png,
370ff38729c856f04b3f3050,cable,fit,0,good,cable/train/good/203.png,
371057622125b942e959a0f0,hazelnut,final_test,1,print,hazelnut/test/print/000.png,hazelnut/ground_truth/print/000_mask.png
3735185c16c5b30331116e92,carpet,selection,1,metal_contamination,carpet/test/metal_contamination/015.png,carpet/ground_truth/metal_contamination/015_mask.png
37416f49064188e740a247f2,wood,fit,0,good,wood/train/good/024.png,
374792c65fef5b5ea51d02e8,capsule,fit,0,good,capsule/train/good/057.png,
3749a9fdebf99aad061baf28,pill,calibration_normal,0,good,pill/train/good/023.png,
3755e297a0620b882f1da8f8,capsule,selection,1,squeeze,capsule/test/squeeze/003.png,capsule/ground_truth/squeeze/003_mask.png
37714da7c79763222909451c,metal_nut,final_test,1,scratch,metal_nut/test/scratch/007.png,metal_nut/ground_truth/scratch/007_mask.png
3777ada77e7c704eb1c3e05f,screw,calibration_normal,0,good,screw/train/good/114.png,
377978ede6fec364404846f8,zipper,fit,0,good,zipper/train/good/029.png,
377df5267cb0995b375aeafb,zipper,selection,1,fabric_interior,zipper/test/fabric_interior/013.png,zipper/ground_truth/fabric_interior/013_mask.png
37937581f1d8209a4c2698b2,pill,validation_normal,0,good,pill/train/good/010.png,
37af0f185957907bdef49003,transistor,fit,0,good,transistor/train/good/039.png,
37afad49aaebfc61d971b2fa,pill,fit,0,good,pill/train/good/015.png,
37b8a8a77eb2dc1615dd4335,wood,final_test,1,liquid,wood/test/liquid/000.png,wood/ground_truth/liquid/000_mask.png
37c34992b8e815ad401ec784,capsule,selection,1,scratch,capsule/test/scratch/021.png,capsule/ground_truth/scratch/021_mask.png
37d34909074d9c58a14662a2,cable,calibration_normal,0,good,cable/train/good/216.png,
37eb724fb89cb2b9e2e45a54,pill,selection,0,good,pill/test/good/025.png,
3803ba5dde2427e77cf5cb96,capsule,validation_normal,0,good,capsule/train/good/111.png,
381036e10fbbf51cc433b442,leather,fit,0,good,leather/train/good/199.png,
381ce28aafa7919735cde255,leather,selection,0,good,leather/test/good/015.png,
381d855c6232951571b7a6a5,zipper,fit,0,good,zipper/train/good/030.png,
3827939648915742cfaa80c6,capsule,fit,0,good,capsule/train/good/212.png,
38447b3bb8093c2c2375bb07,grid,calibration_normal,0,good,grid/train/good/186.png,
385a1790490b66f290f67115,hazelnut,selection,1,print,hazelnut/test/print/015.png,hazelnut/ground_truth/print/015_mask.png
387de0564a9beda87298b45d,hazelnut,validation_normal,0,good,hazelnut/train/good/195.png,
388e8c682a03c8bde9645ac4,grid,validation_normal,0,good,grid/train/good/125.png,
38a0efa613f43deb94c7569a,bottle,calibration_normal,0,good,bottle/train/good/139.png,
38b4ee7d1f49c9bce33cc0e8,tile,calibration_normal,0,good,tile/train/good/035.png,
38b59054ce50562dbd3b418c,transistor,fit,0,good,transistor/train/good/096.png,
38cafdfe31b6255cc1ab6360,transistor,fit,0,good,transistor/train/good/028.png,
38cf905637a931d195a70075,hazelnut,fit,0,good,hazelnut/train/good/020.png,
38d2d735ac87d6900cf4498b,zipper,final_test,1,split_teeth,zipper/test/split_teeth/007.png,zipper/ground_truth/split_teeth/007_mask.png
38d7e851e336e2909880eb56,hazelnut,fit,0,good,hazelnut/train/good/175.png,
38e9e8419a7d4cf133a58957,pill,selection,1,crack,pill/test/crack/018.png,pill/ground_truth/crack/018_mask.png
38f19bdd1bda8b1172b9238c,tile,final_test,0,good,tile/test/good/000.png,
38f1e34697e538aeb2c49b90,cable,calibration_normal,0,good,cable/train/good/191.png,
390500d6fcc4cc33ba1afcba,carpet,final_test,0,good,carpet/test/good/002.png,
392dc685335018c14a50db03,zipper,fit,0,good,zipper/train/good/216.png,
39417419b32196947cda0236,pill,calibration_normal,0,good,pill/train/good/083.png,
39707a4dff6281077f1460ae,pill,validation_normal,0,good,pill/train/good/207.png,
39732ffdffe6dda7cf941c6d,carpet,fit,0,good,carpet/train/good/241.png,
39820d4269b516c118f7b99a,metal_nut,calibration_normal,0,good,metal_nut/train/good/053.png,
39822bd3cd30e9023b109938,transistor,selection,1,damaged_case,transistor/test/damaged_case/003.png,transistor/ground_truth/damaged_case/003_mask.png
399a157ed4a211369c67a891,pill,fit,0,good,pill/train/good/102.png,
39a0c51f6174ce9bd8f37493,carpet,fit,0,good,carpet/train/good/148.png,
39a9c0898307eef6017a8249,hazelnut,fit,0,good,hazelnut/train/good/130.png,
39aa18b8066631253f9225b1,zipper,fit,0,good,zipper/train/good/159.png,
39cc70c3ea4df4070ffbf2bc,screw,calibration_normal,0,good,screw/train/good/235.png,
39cc9d31d64054b82b0409d5,cable,selection,1,cut_outer_insulation,cable/test/cut_outer_insulation/004.png,cable/ground_truth/cut_outer_insulation/004_mask.png
39d81118f9cf4e9f39da06ea,leather,calibration_normal,0,good,leather/train/good/235.png,
39e4b7a175b3af7094aa8b86,pill,selection,1,combined,pill/test/combined/015.png,pill/ground_truth/combined/015_mask.png
39ec0a0ef38c05f8fcd77c2f,screw,validation_normal,0,good,screw/train/good/257.png,
39f529c7f3fee43dd8eda23e,cable,selection,1,poke_insulation,cable/test/poke_insulation/005.png,cable/ground_truth/poke_insulation/005_mask.png
39ff7df2c035692f5d33eed7,tile,fit,0,good,tile/train/good/189.png,
3a019029ed404a06fbf0accd,leather,fit,0,good,leather/train/good/232.png,
3a0c9ec1416163f3da38e468,transistor,fit,0,good,transistor/train/good/052.png,
3a15c6aa96701cbb2142ea4c,grid,fit,0,good,grid/train/good/056.png,
3a1e57eda783bd2a9067b6e5,capsule,validation_normal,0,good,capsule/train/good/175.png,
3a272eb9a7a76b9790be773b,pill,fit,0,good,pill/train/good/115.png,
3a4747c2e989fa1abb466421,carpet,fit,0,good,carpet/train/good/013.png,
3a7120532691f59ec84dae89,tile,final_test,1,glue_strip,tile/test/glue_strip/010.png,tile/ground_truth/glue_strip/010_mask.png
3a7723372bab9a1484be37a6,metal_nut,fit,0,good,metal_nut/train/good/112.png,
3a78a632c5461909dea99d94,leather,final_test,1,glue,leather/test/glue/006.png,leather/ground_truth/glue/006_mask.png
3a84c161b72e3d8b39131b52,grid,fit,0,good,grid/train/good/071.png,
3a851cf2d8335535de81c7cd,zipper,fit,0,good,zipper/train/good/034.png,
3a8824e3869b2a32df1169ad,capsule,final_test,1,poke,capsule/test/poke/020.png,capsule/ground_truth/poke/020_mask.png
3a88b29407887f01526344e1,pill,validation_normal,0,good,pill/train/good/243.png,
3a95a38b75eafad09355e6ba,pill,final_test,1,contamination,pill/test/contamination/002.png,pill/ground_truth/contamination/002_mask.png
3a9d1b997837330957ee846e,wood,calibration_normal,0,good,wood/train/good/207.png,
3aa0a29b03f2958ef89b1c47,capsule,calibration_normal,0,good,capsule/train/good/074.png,
3ab00901bcc6188ac0ba0285,bottle,fit,0,good,bottle/train/good/117.png,
3ab925142f0668d705ea7e6b,cable,validation_normal,0,good,cable/train/good/083.png,
3ae175c2e80884035c2dc13f,zipper,fit,0,good,zipper/train/good/090.png,
3ae854f502c15ea454950132,capsule,fit,0,good,capsule/train/good/107.png,
3aece010d3bff4f6f649c3f8,hazelnut,fit,0,good,hazelnut/train/good/002.png,
3b041cfc87377da662a7d40f,wood,fit,0,good,wood/train/good/172.png,
3b2c1392312985f289ad96ce,tile,fit,0,good,tile/train/good/004.png,
3b2e5d013aa925bec808bec6,cable,final_test,1,cut_outer_insulation,cable/test/cut_outer_insulation/000.png,cable/ground_truth/cut_outer_insulation/000_mask.png
3b35af351219fadf44ad49a0,bottle,calibration_normal,0,good,bottle/train/good/151.png,
3b4e8707236d42a0abaa2b38,zipper,final_test,1,split_teeth,zipper/test/split_teeth/016.png,zipper/ground_truth/split_teeth/016_mask.png
3b52b1ac88e1b97fad58960c,metal_nut,final_test,0,good,metal_nut/test/good/012.png,
3b803b766fc9d87a51274ae9,hazelnut,fit,0,good,hazelnut/train/good/068.png,
3b85a937c52f438a1e21c4b9,cable,fit,0,good,cable/train/good/215.png,
3ba8870e91a867e7196f1ae4,hazelnut,fit,0,good,hazelnut/train/good/031.png,
3bb44b8e9eb1827632ecc53e,zipper,validation_normal,0,good,zipper/train/good/135.png,
3bcfadd40e6f626823cac649,screw,selection,1,scratch_head,screw/test/scratch_head/009.png,screw/ground_truth/scratch_head/009_mask.png
3bd1c37298e21e8dc820f700,hazelnut,calibration_normal,0,good,hazelnut/train/good/280.png,
3bd1cd250b621275ec5d1d30,screw,fit,0,good,screw/train/good/059.png,
3bdd5177976d415a8ae8341a,leather,fit,0,good,leather/train/good/142.png,
3bdfcb70332b17e99a62f634,bottle,fit,0,good,bottle/train/good/155.png,
3c04df0d4594615653d4b76b,tile,fit,0,good,tile/train/good/138.png,
3c0a3f60aad5d5b090e91d65,zipper,selection,0,good,zipper/test/good/021.png,
3c16096cb69c2ab813a5d676,cable,selection,0,good,cable/test/good/057.png,
3c16a2a2bade29892c81ebdf,hazelnut,fit,0,good,hazelnut/train/good/194.png,
3c1ad9b80bc01783236d5301,leather,validation_normal,0,good,leather/train/good/022.png,
3c28373a0d39ba26457a27ed,hazelnut,selection,0,good,hazelnut/test/good/011.png,
3c28e8080c607aaf8390e124,wood,calibration_normal,0,good,wood/train/good/115.png,
3c2cae702375db796b0c31a4,carpet,fit,0,good,carpet/train/good/143.png,
3c3956cb3d82f1c1f6566b97,wood,validation_normal,0,good,wood/train/good/147.png,
3c4e923aaa3f87845901c4f0,wood,fit,0,good,wood/train/good/186.png,
3c605859995fba55bb339caa,transistor,fit,0,good,transistor/train/good/024.png,
3c6e33e5a1ebf3e01040909e,hazelnut,fit,0,good,hazelnut/train/good/136.png,
3c8724fdfdd8b5b4933a6ad1,zipper,final_test,1,broken_teeth,zipper/test/broken_teeth/011.png,zipper/ground_truth/broken_teeth/011_mask.png
3c9f3929c5276df78cbd298d,toothbrush,final_test,1,defective,toothbrush/test/defective/026.png,toothbrush/ground_truth/defective/026_mask.png
3ca8bde3c6c6c583952f2577,hazelnut,fit,0,good,hazelnut/train/good/092.png,
3cae81c11ce5eaafd00286f6,leather,fit,0,good,leather/train/good/059.png,
3cbacc46c2f3a6d116977d55,screw,final_test,1,thread_top,screw/test/thread_top/001.png,screw/ground_truth/thread_top/001_mask.png
3cc806b6b031a02461d4a5e1,carpet,fit,0,good,carpet/train/good/066.png,
3cc8c5d847aa363ea95b0496,toothbrush,calibration_normal,0,good,toothbrush/train/good/008.png,
3cd1a4bb1be221ace57d0099,bottle,validation_normal,0,good,bottle/train/good/157.png,
3cd64a13a3cef0b8bcd94e04,cable,final_test,1,combined,cable/test/combined/006.png,cable/ground_truth/combined/006_mask.png
3cdefd32d892ede3bf2613c8,hazelnut,fit,0,good,hazelnut/train/good/261.png,
3cf1cbc8a27bfd38c6540c69,pill,fit,0,good,pill/train/good/166.png,
3cf5129800d4b7b1b4e6602d,zipper,fit,0,good,zipper/train/good/039.png,
3d0f90c6dd2de110bd68236f,hazelnut,fit,0,good,hazelnut/train/good/252.png,
3d33dafb0fa6bb57c6424f23,carpet,fit,0,good,carpet/train/good/168.png,
3d34dcd4214ef06392a3de29,grid,selection,1,metal_contamination,grid/test/metal_contamination/003.png,grid/ground_truth/metal_contamination/003_mask.png
3d3d088ff10c5a0337ad5fc3,grid,calibration_normal,0,good,grid/train/good/092.png,
3d3e405b54289f9b8b8cd2ee,zipper,calibration_normal,0,good,zipper/train/good/092.png,
3d3ef08dec5a08842c342783,zipper,fit,0,good,zipper/train/good/237.png,
3d3fd2b900db371266a24bd0,pill,fit,0,good,pill/train/good/250.png,
3d4067228f5ecce0859c5570,screw,validation_normal,0,good,screw/train/good/292.png,
3d450c5f8cb90c3c11d292ad,tile,selection,1,gray_stroke,tile/test/gray_stroke/011.png,tile/ground_truth/gray_stroke/011_mask.png
3d4eeb22a93c518ab4df6f86,tile,validation_normal,0,good,tile/train/good/122.png,
3d50f2b358a3fcbc1ee5ad7a,bottle,fit,0,good,bottle/train/good/013.png,
3d5f4c5f76754d1df0226cac,bottle,selection,0,good,bottle/test/good/013.png,
3d6d77f6266caaec0b5a36e1,toothbrush,final_test,0,good,toothbrush/test/good/003.png,
3d71c837ff1bfdd45bc2683e,cable,calibration_normal,0,good,cable/train/good/221.png,
3d98a5a34b010e376ce3b29c,grid,calibration_normal,0,good,grid/train/good/134.png,
3d9a695b868c2a9a2876218c,transistor,final_test,0,good,transistor/test/good/021.png,
3d9c9e19b3f142ba665d7820,tile,fit,0,good,tile/train/good/218.png,
3d9cc337ad85530d7ab8e429,tile,fit,0,good,tile/train/good/063.png,
3da0ec96db5d976b4eb69f32,grid,fit,0,good,grid/train/good/257.png,
3da55fe98d1c2ecb2fbc77b6,bottle,fit,0,good,bottle/train/good/206.png,
3dcf38dbca9be5037e78d791,cable,fit,0,good,cable/train/good/041.png,
3dec501583043ffb33f65d9b,carpet,final_test,0,good,carpet/test/good/021.png,
3ded4cd7fcd04c333ded9061,cable,validation_normal,0,good,cable/train/good/066.png,
3e0f679abba65f3959eb4431,screw,final_test,1,thread_top,screw/test/thread_top/008.png,screw/ground_truth/thread_top/008_mask.png
3e1f222c1118f50499de90fd,grid,validation_normal,0,good,grid/train/good/130.png,
3e43fcb55295d9cf9bda9540,wood,fit,0,good,wood/train/good/240.png,
3e44c5e4a9197bb18a146037,hazelnut,final_test,0,good,hazelnut/test/good/020.png,
3e530932a6141f91eb12e4af,pill,calibration_normal,0,good,pill/train/good/192.png,
3e5f66c17dfd8695c2059a3a,bottle,fit,0,good,bottle/train/good/175.png,
3e647f9d94b54cea3a04f75d,zipper,final_test,1,rough,zipper/test/rough/016.png,zipper/ground_truth/rough/016_mask.png
3e64a1a18271232613f748cc,leather,fit,0,good,leather/train/good/157.png,
3e66d2e521544464b3ea0d38,hazelnut,fit,0,good,hazelnut/train/good/246.png,
3e6c62f395d6e7e9a24b0603,tile,final_test,1,oil,tile/test/oil/001.png,tile/ground_truth/oil/001_mask.png
3e6ec8939727348576958f17,grid,calibration_normal,0,good,grid/train/good/179.png,
3e73636868b34bc63c054bcc,screw,validation_normal,0,good,screw/train/good/171.png,
3e862955581b5d5f4eed2592,leather,calibration_normal,0,good,leather/train/good/042.png,
3e8a869c2806d532386b4a8c,cable,fit,0,good,cable/train/good/133.png,
3e8cd4238b5e7e79e3ee3e76,metal_nut,final_test,1,scratch,metal_nut/test/scratch/018.png,metal_nut/ground_truth/scratch/018_mask.png
3eb2ff6a697e40a06a67585a,grid,selection,1,metal_contamination,grid/test/metal_contamination/010.png,grid/ground_truth/metal_contamination/010_mask.png
3ec96b50f0ed3e32db006a35,tile,fit,0,good,tile/train/good/055.png,
3edf62c89f2a5dd588cfc036,metal_nut,fit,0,good,metal_nut/train/good/124.png,
3ee45c0f2137ee5b1de9128f,wood,selection,0,good,wood/test/good/002.png,
3eecf97535820c2c39a42c8e,cable,selection,1,missing_cable,cable/test/missing_cable/004.png,cable/ground_truth/missing_cable/004_mask.png
3efc1bd041946cfc86ade302,screw,final_test,0,good,screw/test/good/001.png,
3f4f2b0129e2be06fb63765b,screw,final_test,1,manipulated_front,screw/test/manipulated_front/005.png,screw/ground_truth/manipulated_front/005_mask.png
3f6d9b90527549d929cbe733,carpet,fit,0,good,carpet/train/good/087.png,
3f723a604d71690b02914a1d,zipper,final_test,0,good,zipper/test/good/008.png,
3f78609f27a00911f4541e8a,wood,fit,0,good,wood/train/good/082.png,
3f8f689949da351ab2526dc0,carpet,final_test,0,good,carpet/test/good/018.png,
3f9a29d1de4bc2b0a5f16011,hazelnut,selection,1,crack,hazelnut/test/crack/016.png,hazelnut/ground_truth/crack/016_mask.png
3fa984a653ea42b80fca7fbb,carpet,final_test,1,metal_contamination,carpet/test/metal_contamination/013.png,carpet/ground_truth/metal_contamination/013_mask.png
3fb39a63eec9f42b9b59eaef,leather,fit,0,good,leather/train/good/020.png,
3fc0eba70a34ff8b7319578e,tile,fit,0,good,tile/train/good/210.png,
3fddc8ce4bc2ea149faa66ae,tile,fit,0,good,tile/train/good/077.png,
3fe2e6878e7ef39ba38f685f,wood,selection,1,hole,wood/test/hole/003.png,wood/ground_truth/hole/003_mask.png
3fef84b118b8c0ded0fca193,zipper,fit,0,good,zipper/train/good/026.png,
400cf28a70f37242896c32e2,transistor,validation_normal,0,good,transistor/train/good/059.png,
400e5705388c59943a06ebb8,screw,fit,0,good,screw/train/good/069.png,
4011a90c37871b260b1083df,bottle,fit,0,good,bottle/train/good/029.png,
402899469042e71e69c44947,cable,final_test,1,missing_wire,cable/test/missing_wire/005.png,cable/ground_truth/missing_wire/005_mask.png
402b058ad2779e71d5b6d660,screw,calibration_normal,0,good,screw/train/good/022.png,
4032c8e42a534c9450383c2e,cable,final_test,0,good,cable/test/good/016.png,
404cdf1a05f20f8324f5a595,transistor,validation_normal,0,good,transistor/train/good/016.png,
4059bd05194e1f863b6a5d1f,pill,final_test,1,scratch,pill/test/scratch/004.png,pill/ground_truth/scratch/004_mask.png
4063aadce542a1d3ce8bca7f,capsule,validation_normal,0,good,capsule/train/good/100.png,
4067674eb9e6aeb5c15c422a,carpet,fit,0,good,carpet/train/good/250.png,
40693296d7c26915fba6f6b9,metal_nut,final_test,1,flip,metal_nut/test/flip/009.png,metal_nut/ground_truth/flip/009_mask.png
4070aa79a4631b0e433d3126,zipper,selection,1,fabric_border,zipper/test/fabric_border/004.png,zipper/ground_truth/fabric_border/004_mask.png
408830a65b467f184ccbc218,tile,fit,0,good,tile/train/good/186.png,
408be64fc09f681f46fa48c3,carpet,validation_normal,0,good,carpet/train/good/078.png,
408f9b0a75d664e8fe88f97d,zipper,final_test,1,squeezed_teeth,zipper/test/squeezed_teeth/014.png,zipper/ground_truth/squeezed_teeth/014_mask.png
40acb9dd2a70a351ade1804f,capsule,fit,0,good,capsule/train/good/147.png,
40c7ff52a4d775456c29ced8,tile,fit,0,good,tile/train/good/227.png,
40cc99e86782700f544f1a51,grid,fit,0,good,grid/train/good/120.png,
40d25d46ff5bc846f5fabd55,carpet,fit,0,good,carpet/train/good/201.png,
40d2b74ce60ff658fcea9e70,hazelnut,validation_normal,0,good,hazelnut/train/good/337.png,
40d3ca2d31d2a5d8127c8f6e,grid,fit,0,good,grid/train/good/069.png,
40d49b71ee884834cedaa9de,tile,fit,0,good,tile/train/good/133.png,
40d933df7371ac389c80fd46,hazelnut,calibration_normal,0,good,hazelnut/train/good/102.png,
40ddbf8aa12baf1d8c3c7627,toothbrush,final_test,0,good,toothbrush/test/good/006.png,
40e222314f8cc1c75cd2aa8b,wood,fit,0,good,wood/train/good/193.png,
40fa5ae6e7b460065c249bf5,cable,fit,0,good,cable/train/good/150.png,
410922987194788a1a50e155,metal_nut,fit,0,good,metal_nut/train/good/192.png,
414a1d0e5f26f4f50f9213a6,hazelnut,fit,0,good,hazelnut/train/good/021.png,
415081735abee3386aec9305,zipper,final_test,1,fabric_interior,zipper/test/fabric_interior/005.png,zipper/ground_truth/fabric_interior/005_mask.png
4158bcd0e137f70a09a7ebb1,cable,fit,0,good,cable/train/good/148.png,
41604229a3a8ed15bcd2c4ab,leather,selection,1,glue,leather/test/glue/008.png,leather/ground_truth/glue/008_mask.png
4160dc6ca521264aebf8736c,tile,calibration_normal,0,good,tile/train/good/010.png,
41887a3edb2d5d2f72a7275f,carpet,final_test,1,metal_contamination,carpet/test/metal_contamination/010.png,carpet/ground_truth/metal_contamination/010_mask.png
419c1ff9418a9f308a96374a,capsule,fit,0,good,capsule/train/good/105.png,
41e07e0c4cbe2ce8b5be8b85,transistor,final_test,0,good,transistor/test/good/031.png,
41e8a3d54e92c107693f2211,transistor,selection,1,bent_lead,transistor/test/bent_lead/005.png,transistor/ground_truth/bent_lead/005_mask.png
41ee494f7958983d8fa9e768,toothbrush,validation_normal,0,good,toothbrush/train/good/000.png,
41fa820a1f33ee30852758f2,hazelnut,fit,0,good,hazelnut/train/good/279.png,
42503e607a927b9a8ed820ac,tile,final_test,1,rough,tile/test/rough/005.png,tile/ground_truth/rough/005_mask.png
4270bb4c3b9bd50b978ebac1,bottle,validation_normal,0,good,bottle/train/good/002.png,
428ed64d3475ae9e201e97d4,cable,final_test,0,good,cable/test/good/053.png,
428f9109db044d2090bcc48d,tile,fit,0,good,tile/train/good/222.png,
4298e91ae549bd152f1e149d,capsule,validation_normal,0,good,capsule/train/good/007.png,
429b874387ed1faf6d6090a0,grid,fit,0,good,grid/train/good/001.png,
429c2a6f4323a6667b35d3d2,metal_nut,fit,0,good,metal_nut/train/good/003.png,
42a2d5bc527282899991943d,bottle,fit,0,good,bottle/train/good/057.png,
42cdd552dad9b4e4f66c67f8,pill,final_test,1,contamination,pill/test/contamination/008.png,pill/ground_truth/contamination/008_mask.png
42d12854021a2b6f97788d05,tile,fit,0,good,tile/train/good/219.png,
42f15564e3c978cbfae67f34,metal_nut,selection,1,flip,metal_nut/test/flip/005.png,metal_nut/ground_truth/flip/005_mask.png
42ff3838681f369a1698aac9,carpet,fit,0,good,carpet/train/good/011.png,
430b20b953601f4bb8cc11f1,wood,final_test,0,good,wood/test/good/010.png,
431a1c8e8d9d6310b473d47d,leather,fit,0,good,leather/train/good/098.png,
431bec4326638a9511a480c4,leather,final_test,0,good,leather/test/good/005.png,
4320ac84b9884049af685682,tile,selection,1,oil,tile/test/oil/003.png,tile/ground_truth/oil/003_mask.png
433e1a15c2993a94e4204a7a,screw,fit,0,good,screw/train/good/223.png,
4349102d6d6025e362c83d7f,tile,selection,0,good,tile/test/good/029.png,
434a9a4118e4c86a278e41b2,leather,calibration_normal,0,good,leather/train/good/185.png,
434db6d499531e11a31890d0,screw,selection,1,scratch_head,screw/test/scratch_head/013.png,screw/ground_truth/scratch_head/013_mask.png
435864a781edd1689ab4f81f,transistor,fit,0,good,transistor/train/good/141.png,
4367e3a0f7166b7e7c1fe491,metal_nut,fit,0,good,metal_nut/train/good/000.png,
436cc0cada21b68b2ddd445b,cable,final_test,0,good,cable/test/good/019.png,
43742acd3b1dc4add12c54a8,leather,calibration_normal,0,good,leather/train/good/216.png,
437637b8ca7abcdc8d8de32d,bottle,final_test,1,broken_large,bottle/test/broken_large/006.png,bottle/ground_truth/broken_large/006_mask.png
4378ee1b7ab146318a3644fd,screw,fit,0,good,screw/train/good/314.png,
439de6e29dcaa67b076bd250,cable,fit,0,good,cable/train/good/082.png,
43a2b5a18b756f4e20200e2f,screw,selection,1,scratch_neck,screw/test/scratch_neck/015.png,screw/ground_truth/scratch_neck/015_mask.png
43a2e5cfe1ff78ffa444bf29,grid,fit,0,good,grid/train/good/155.png,
43a3f6e9c84ec3f1bebaa92d,zipper,fit,0,good,zipper/train/good/154.png,
43b3830714c7210c0fb80b61,wood,selection,1,scratch,wood/test/scratch/010.png,wood/ground_truth/scratch/010_mask.png
43b49e6f918508aecbcaf5e1,bottle,fit,0,good,bottle/train/good/063.png,
43b80f061bc2b47631199524,toothbrush,final_test,1,defective,toothbrush/test/defective/022.png,toothbrush/ground_truth/defective/022_mask.png
43ba7f0c02f989b57f879a7f,metal_nut,fit,0,good,metal_nut/train/good/081.png,
43bcc3dca481d30dba444c42,leather,fit,0,good,leather/train/good/153.png,
43e19a396deac0ce9e5daa2b,grid,fit,0,good,grid/train/good/030.png,
43e801520622e6212642b31b,leather,validation_normal,0,good,leather/train/good/109.png,
43f72d862a43b1fc1732c44c,toothbrush,final_test,1,defective,toothbrush/test/defective/010.png,toothbrush/ground_truth/defective/010_mask.png
43fbe850ebc65269221d70e5,zipper,fit,0,good,zipper/train/good/066.png,
4403f2a012ce0070533cb0dc,cable,fit,0,good,cable/train/good/085.png,
44048397d0cb3e6d89997574,wood,calibration_normal,0,good,wood/train/good/192.png,
4418bf19fe7d93ab749156a2,leather,calibration_normal,0,good,leather/train/good/075.png,
441c754f036b13915373c874,leather,validation_normal,0,good,leather/train/good/131.png,
441c917dc77397a0fa814fe7,capsule,selection,1,poke,capsule/test/poke/008.png,capsule/ground_truth/poke/008_mask.png
442094d2612925a3d2cb6409,screw,fit,0,good,screw/train/good/065.png,
443ca5ec5dbdfe106de07afa,metal_nut,final_test,1,color,metal_nut/test/color/009.png,metal_nut/ground_truth/color/009_mask.png
4465d1af8f699c1691f0b430,grid,fit,0,good,grid/train/good/254.png,
447a85b7d33b881a76553e11,leather,selection,0,good,leather/test/good/029.png,
447cadeaa120e9e7512d3245,bottle,validation_normal,0,good,bottle/train/good/082.png,
448aed96751592db32e4836f,cable,final_test,0,good,cable/test/good/045.png,
448eee27a5e6a3e94bdffce7,tile,fit,0,good,tile/train/good/090.png,
449c775412cb52abab8cb4cc,bottle,fit,0,good,bottle/train/good/193.png,
44a823c37c603052d9b2f93e,bottle,fit,0,good,bottle/train/good/164.png,
44aac85a45918fbf37f50a74,carpet,validation_normal,0,good,carpet/train/good/010.png,
44ac7cd73becef82a3280af8,cable,final_test,0,good,cable/test/good/054.png,
44ad8262c3978761ff4b94fc,tile,fit,0,good,tile/train/good/181.png,
44aef58a8963a6d0aea9faff,grid,fit,0,good,grid/train/good/067.png,
44b061d4bbdd9cebe63f6ace,carpet,selection,0,good,carpet/test/good/007.png,
44c1a3152b751aeaa9e44fe9,carpet,fit,0,good,carpet/train/good/277.png,
44dc42c61024887c89749acf,capsule,final_test,1,crack,capsule/test/crack/015.png,capsule/ground_truth/crack/015_mask.png
44f6492d2ecb5be6ee2b5c83,hazelnut,final_test,1,cut,hazelnut/test/cut/014.png,hazelnut/ground_truth/cut/014_mask.png
44f9e7abd0555ad01aa6c81b,transistor,fit,0,good,transistor/train/good/186.png,
451682df87e5702a165867f6,tile,final_test,0,good,tile/test/good/018.png,
4516d12019007cdd0d31abf1,grid,fit,0,good,grid/train/good/072.png,
4516e3cc765259be4387014e,capsule,fit,0,good,capsule/train/good/003.png,
453036cbc9ed73bff62f0ce5,tile,selection,1,gray_stroke,tile/test/gray_stroke/000.png,tile/ground_truth/gray_stroke/000_mask.png
454a3c610847614d93ac7ab6,wood,final_test,0,good,wood/test/good/018.png,
455a5e23dd9286ce3f53efcd,leather,final_test,1,fold,leather/test/fold/009.png,leather/ground_truth/fold/009_mask.png
456101b7fdca11d79b5c3924,metal_nut,fit,0,good,metal_nut/train/good/080.png,
457d63641adcb922af2f4f9b,carpet,calibration_normal,0,good,carpet/train/good/150.png,
4580499df04b51b4e7ed61ff,pill,selection,1,combined,pill/test/combined/003.png,pill/ground_truth/combined/003_mask.png
4586cfefecdf4803cd6e58c8,hazelnut,fit,0,good,hazelnut/train/good/183.png,
4586e1c8d70bc171740e5e6a,screw,final_test,1,scratch_neck,screw/test/scratch_neck/002.png,screw/ground_truth/scratch_neck/002_mask.png
458a53dc1225744f26b97523,screw,fit,0,good,screw/train/good/093.png,
458b4d4f34ae23b7274e667c,carpet,validation_normal,0,good,carpet/train/good/085.png,
45933774f3d71dfe419cf499,cable,fit,0,good,cable/train/good/021.png,
45b47f89e0581843082bf8ea,cable,final_test,0,good,cable/test/good/046.png,
45c411b0fff98f6751143496,transistor,final_test,0,good,transistor/test/good/059.png,
45c4a2bdd4a120ad3fc0de21,pill,fit,0,good,pill/train/good/262.png,
45d43bc52773d7a1a22e7a2c,cable,final_test,0,good,cable/test/good/005.png,
460627128a2900c99f2a78c9,wood,fit,0,good,wood/train/good/126.png,
460baf4f2b04fb431e261db4,metal_nut,selection,1,scratch,metal_nut/test/scratch/002.png,metal_nut/ground_truth/scratch/002_mask.png
463ffbedcd788538844aaab7,metal_nut,selection,0,good,metal_nut/test/good/003.png,
46489f9d2925964f4bc22c4c,leather,fit,0,good,leather/train/good/113.png,
464900a40159fe75a86a12ce,cable,fit,0,good,cable/train/good/132.png,
4654399ef6fbaa2101a24c6d,pill,fit,0,good,pill/train/good/149.png,
4654b8b3be4db4a5d5118082,grid,validation_normal,0,good,grid/train/good/133.png,
466556cc1a111dd1832b4d01,wood,fit,0,good,wood/train/good/215.png,
468416f2f8bfe71d6b1da8a4,wood,calibration_normal,0,good,wood/train/good/136.png,
468b5e40b54f78d103681741,leather,selection,1,glue,leather/test/glue/003.png,leather/ground_truth/glue/003_mask.png
4693eb598d5c78bed33ad545,carpet,fit,0,good,carpet/train/good/096.png,
4695a807bc18912231588fd1,cable,fit,0,good,cable/train/good/214.png,
46a430164a6843ba4ae03c33,pill,fit,0,good,pill/train/good/044.png,
46ae55da0622e86ac93b4b3f,capsule,final_test,1,poke,capsule/test/poke/004.png,capsule/ground_truth/poke/004_mask.png
46ca45befac3d24f55e2567c,tile,validation_normal,0,good,tile/train/good/071.png,
46cf031d1537172b73fa49b2,grid,fit,0,good,grid/train/good/213.png,
46d33c69689da2d02c364f50,metal_nut,fit,0,good,metal_nut/train/good/014.png,
46d4a23bc7d9ea3e59881f01,grid,fit,0,good,grid/train/good/180.png,
46e0182d7d864bb57dca06c1,zipper,final_test,1,broken_teeth,zipper/test/broken_teeth/002.png,zipper/ground_truth/broken_teeth/002_mask.png
46e04510629a7aaa616ee27a,transistor,fit,0,good,transistor/train/good/057.png,
46e1a4c78bea18b4d80420cc,bottle,calibration_normal,0,good,bottle/train/good/088.png,
46f8911180f091020896edf2,carpet,fit,0,good,carpet/train/good/276.png,
47031221392a339d4288b300,zipper,fit,0,good,zipper/train/good/204.png,
4705bc9bef818d9a1b339e04,bottle,fit,0,good,bottle/train/good/043.png,
4715fc5f9a697eff811d19b5,hazelnut,validation_normal,0,good,hazelnut/train/good/189.png,
4751e189827c74b7fadd42f8,screw,validation_normal,0,good,screw/train/good/125.png,
47581b8053de6e923fc21974,zipper,final_test,1,split_teeth,zipper/test/split_teeth/000.png,zipper/ground_truth/split_teeth/000_mask.png
4770cb717c4a0c9d54373496,transistor,validation_normal,0,good,transistor/train/good/172.png,
47892557180157f0262e34a7,capsule,fit,0,good,capsule/train/good/006.png,
479113a3bef1dcb573955152,wood,selection,0,good,wood/test/good/009.png,
479628a0bcbbcd58de34ceb9,wood,fit,0,good,wood/train/good/059.png,
47a32794bfa98a7aa64c9ade,leather,fit,0,good,leather/train/good/196.png,
47ab0747e7a396c317da28b3,bottle,final_test,1,broken_large,bottle/test/broken_large/005.png,bottle/ground_truth/broken_large/005_mask.png
47d5f439cb775133b2510fc9,hazelnut,fit,0,good,hazelnut/train/good/282.png,
47e48524f09c4e044d7dc58d,zipper,calibration_normal,0,good,zipper/train/good/218.png,
47e52352c0c55babadfa3501,screw,validation_normal,0,good,screw/train/good/136.png,
47fb3635b91e6934822c4852,screw,validation_normal,0,good,screw/train/good/277.png,
4800c468b386583e7b997ae2,zipper,calibration_normal,0,good,zipper/train/good/096.png,
4809286bf9c467d6cf3e6ccb,cable,calibration_normal,0,good,cable/train/good/000.png,
4809f4eb861bc794f3c7871f,capsule,final_test,1,poke,capsule/test/poke/013.png,capsule/ground_truth/poke/013_mask.png
4811ad57b57f3693a71ff091,bottle,final_test,1,broken_small,bottle/test/broken_small/005.png,bottle/ground_truth/broken_small/005_mask.png
482dacde2b2637ea5c2b9309,screw,validation_normal,0,good,screw/train/good/319.png,
4835450ec61f8429b86f8f5a,screw,final_test,0,good,screw/test/good/005.png,
484848b584d3ecb7e6767a8c,pill,selection,1,color,pill/test/color/014.png,pill/ground_truth/color/014_mask.png
484bff0dda56a9b4b8654583,tile,fit,0,good,tile/train/good/188.png,
48557dbd52329918885cc4fa,hazelnut,fit,0,good,hazelnut/train/good/352.png,
4863765c906fab2d049b9e96,bottle,fit,0,good,bottle/train/good/003.png,
486871ef7693c60ff2b80de1,transistor,fit,0,good,transistor/train/good/132.png,
486cf8ad48ab089010ba74d2,hazelnut,fit,0,good,hazelnut/train/good/090.png,
488938f97e5a7e357346ed81,capsule,final_test,1,poke,capsule/test/poke/014.png,capsule/ground_truth/poke/014_mask.png
48956668f9fb54a05ba205de,screw,fit,0,good,screw/train/good/202.png,
48982368326c7761e731b7c0,tile,fit,0,good,tile/train/good/038.png,
48ae6f62f46a972a0ac4c0c6,grid,validation_normal,0,good,grid/train/good/227.png,
48ba76bfcc4ff0b1c6ac0178,carpet,validation_normal,0,good,carpet/train/good/036.png,
48cf85e29856130e00057ee5,leather,final_test,1,poke,leather/test/poke/013.png,leather/ground_truth/poke/013_mask.png
48d11f559f0fc5ef2c51bbfb,hazelnut,final_test,0,good,hazelnut/test/good/022.png,
48e98ada32270884a2572d35,transistor,calibration_normal,0,good,transistor/train/good/071.png,
48ead1b8625ae9bf45c1a4db,leather,fit,0,good,leather/train/good/180.png,
48fb0664cc52e47196293029,capsule,fit,0,good,capsule/train/good/016.png,
491b9994db7d98b6a696c0fd,metal_nut,validation_normal,0,good,metal_nut/train/good/090.png,
493a3de68c4cf3b3065d2f29,pill,fit,0,good,pill/train/good/144.png,
49444668572f82924739427b,bottle,fit,0,good,bottle/train/good/048.png,
4952caf4ca6a12b6f7a8dd36,capsule,fit,0,good,capsule/train/good/191.png,
4953da4c3d8edd708a5462d5,screw,selection,0,good,screw/test/good/021.png,
4954b85170d827c30e8ed0be,grid,fit,0,good,grid/train/good/033.png,
495cae76af8f6eadd973c19f,hazelnut,selection,1,hole,hazelnut/test/hole/013.png,hazelnut/ground_truth/hole/013_mask.png
496d5ffcdaf9bdd92262bb61,leather,fit,0,good,leather/train/good/222.png,
49851e723ae857f15fe710eb,wood,fit,0,good,wood/train/good/027.png,
4985b49a4876c8cec34528bc,hazelnut,selection,1,cut,hazelnut/test/cut/007.png,hazelnut/ground_truth/cut/007_mask.png
498ed25c273e5af6db2b2f1e,pill,fit,0,good,pill/train/good/252.png,
49a4b6075da2ebba065e3577,wood,fit,0,good,wood/train/good/017.png,
49a988b3f5d6513d6f7b59fb,toothbrush,fit,0,good,toothbrush/train/good/027.png,
49ae0a425cd1a263841684ea,cable,fit,0,good,cable/train/good/011.png,
49bbffd532c7708ad487d3b6,metal_nut,validation_normal,0,good,metal_nut/train/good/023.png,
49bd61b48bf8c814ce092d53,transistor,calibration_normal,0,good,transistor/train/good/034.png,
49be9d1d5c94ff611594db09,zipper,fit,0,good,zipper/train/good/017.png,
49bfd6c2db94d5682e6afb5c,capsule,fit,0,good,capsule/train/good/055.png,
49c0bebec2e1e8c8f039014d,leather,final_test,1,poke,leather/test/poke/009.png,leather/ground_truth/poke/009_mask.png
49c1e18bbc0a5d77d8064b64,transistor,calibration_normal,0,good,transistor/train/good/173.png,
49c4bd86019732da577570ab,bottle,fit,0,good,bottle/train/good/101.png,
49e8985b41aa48b97424a8c7,capsule,fit,0,good,capsule/train/good/098.png,
49ef669319a5ba43b44c239b,screw,selection,1,scratch_head,screw/test/scratch_head/015.png,screw/ground_truth/scratch_head/015_mask.png
4a6c78d2be5191913c8dc52e,tile,fit,0,good,tile/train/good/134.png,
4a71b8daad0020d52d9659d8,zipper,fit,0,good,zipper/train/good/188.png,
4a791395c2c9e117726e3ac3,transistor,calibration_normal,0,good,transistor/train/good/101.png,
4a7b0abccf44f43a3c866bed,wood,fit,0,good,wood/train/good/131.png,
4a7ef6e7ded57701afaf3562,grid,validation_normal,0,good,grid/train/good/145.png,
4a80f46c0e79491add1f326d,zipper,calibration_normal,0,good,zipper/train/good/110.png,
4a867d12820e0f1c8c127550,carpet,final_test,1,metal_contamination,carpet/test/metal_contamination/001.png,carpet/ground_truth/metal_contamination/001_mask.png
4aaa5d1c867697eb2aff4967,capsule,fit,0,good,capsule/train/good/082.png,
4aaa979f3d32ed38e6fb9610,pill,fit,0,good,pill/train/good/084.png,
4ab93b17d2ace5e5467c7ce9,zipper,selection,1,fabric_border,zipper/test/fabric_border/005.png,zipper/ground_truth/fabric_border/005_mask.png
4ad3946a7db57d13780b4b97,tile,fit,0,good,tile/train/good/187.png,
4ad681f66e09edd6c6902586,bottle,fit,0,good,bottle/train/good/208.png,
4add73b140960a39a25dd807,leather,final_test,0,good,leather/test/good/007.png,
4ae5b4af8899d0c976258c97,screw,fit,0,good,screw/train/good/123.png,
4aebceadb67df795ad4f9530,hazelnut,fit,0,good,hazelnut/train/good/166.png,
4aed2f162135edfc7624b0e8,toothbrush,fit,0,good,toothbrush/train/good/047.png,
4aef9ed3eb7e95f9d455dbd0,screw,calibration_normal,0,good,screw/train/good/127.png,
4af2a698ca1befe7316399f5,wood,validation_normal,0,good,wood/train/good/122.png,
4af364b2e0b7d9c439e08ee6,screw,validation_normal,0,good,screw/train/good/229.png,
4af6ec5eb09e139dad1fe274,carpet,fit,0,good,carpet/train/good/203.png,
4b03d2a42ac56f3ca2431db6,zipper,selection,0,good,zipper/test/good/011.png,
4b246139c987ed97edcecd27,hazelnut,validation_normal,0,good,hazelnut/train/good/145.png,
4b4c1b32cf5239d7309bd3d9,wood,fit,0,good,wood/train/good/034.png,
4b5d9c584b8d52d9405848f9,metal_nut,fit,0,good,metal_nut/train/good/110.png,
4b7d03a0de3edcd1a4584826,toothbrush,selection,1,defective,toothbrush/test/defective/029.png,toothbrush/ground_truth/defective/029_mask.png
4b90e517604a8ecfd724b3a6,screw,selection,1,thread_side,screw/test/thread_side/016.png,screw/ground_truth/thread_side/016_mask.png
4b9915dd44ba20c07a922b65,hazelnut,final_test,1,cut,hazelnut/test/cut/002.png,hazelnut/ground_truth/cut/002_mask.png
4ba48b6a6c1f7da9ed94f96e,screw,fit,0,good,screw/train/good/177.png,
4bd9f3f09d9d5f73a79f51a0,capsule,fit,0,good,capsule/train/good/083.png,
4bdca7b9f6bf3ac2057c97e4,zipper,validation_normal,0,good,zipper/train/good/083.png,
4bf2eae900265c6cf4912c46,pill,selection,1,crack,pill/test/crack/023.png,pill/ground_truth/crack/023_mask.png
4bf5bcd2c7ed77c7469c34fe,zipper,fit,0,good,zipper/train/good/002.png,
4bf84d107af6064f5dc388f5,zipper,final_test,1,broken_teeth,zipper/test/broken_teeth/009.png,zipper/ground_truth/broken_teeth/009_mask.png
4bfe988053502d484c691c1d,carpet,fit,0,good,carpet/train/good/154.png,
4c02861fcc8df1bab4d6f6d1,pill,fit,0,good,pill/train/good/239.png,
4c02eda497efe0342c57f312,transistor,fit,0,good,transistor/train/good/168.png,
4c060e14570d50d6d1b33a1a,metal_nut,fit,0,good,metal_nut/train/good/039.png,
4c1b4dbf4cb7d5d233dd4ae2,bottle,final_test,1,broken_large,bottle/test/broken_large/017.png,bottle/ground_truth/broken_large/017_mask.png
4c1bc1bfda35f8764679f6cb,leather,fit,0,good,leather/train/good/021.png,
4c26c237625cb9d3e02093d4,pill,final_test,1,contamination,pill/test/contamination/020.png,pill/ground_truth/contamination/020_mask.png
4c3913b4f10ae46b7ecd5787,transistor,fit,0,good,transistor/train/good/076.png,
4c494cc2ceea7429ecc418d4,screw,fit,0,good,screw/train/good/004.png,
4c4ed342cf39a1fc73f53bc8,carpet,calibration_normal,0,good,carpet/train/good/202.png,
4c56c9f3ea87a7c0572dc441,zipper,fit,0,good,zipper/train/good/073.png,
4c60da3543ad96baf72f8db2,grid,fit,0,good,grid/train/good/235.png,
4c619884ac2e1c3ee1dbaeab,bottle,final_test,1,broken_small,bottle/test/broken_small/014.png,bottle/ground_truth/broken_small/014_mask.png
4c66e6bdaa5d034461e6124e,pill,validation_normal,0,good,pill/train/good/206.png,
4c6fa14492ba477ab75e19f2,metal_nut,final_test,1,scratch,metal_nut/test/scratch/006.png,metal_nut/ground_truth/scratch/006_mask.png
4c71ee740ca9fbcc219da613,zipper,calibration_normal,0,good,zipper/train/good/209.png,
4c80d0412f8cff1ca1a0a7bf,hazelnut,fit,0,good,hazelnut/train/good/070.png,
4c84f5a8714e93a3d07d2aae,carpet,fit,0,good,carpet/train/good/039.png,
4c9eb1f784967f1cf867f03d,tile,fit,0,good,tile/train/good/014.png,
4cadb9c6a30757bd0902cfce,wood,calibration_normal,0,good,wood/train/good/123.png,
4cb2d9c9f710378ff564efdf,grid,fit,0,good,grid/train/good/252.png,
4cb6dbc471aca257d3e15217,pill,fit,0,good,pill/train/good/003.png,
4cc78947d6cf07c306f92c60,screw,fit,0,good,screw/train/good/026.png,
4cce8e839ebb7872c576fa2c,metal_nut,selection,0,good,metal_nut/test/good/001.png,
4cce8f101d48176d2d924e84,cable,final_test,1,missing_cable,cable/test/missing_cable/002.png,cable/ground_truth/missing_cable/002_mask.png
4cf1fc43949f9a039d6f9166,wood,validation_normal,0,good,wood/train/good/187.png,
4cf7c6c6712fa515ef2467bd,hazelnut,fit,0,good,hazelnut/train/good/313.png,
4d049bd4a9b08e97e991f8f1,screw,fit,0,good,screw/train/good/155.png,
4d107300605cc4b8587ce57c,screw,fit,0,good,screw/train/good/030.png,
4d15d74c5438e7f0829eab8d,carpet,final_test,0,good,carpet/test/good/009.png,
4d17e2621aece48ee0becefb,capsule,fit,0,good,capsule/train/good/067.png,
4d222acdf57117174fc80a8e,screw,selection,1,thread_side,screw/test/thread_side/017.png,screw/ground_truth/thread_side/017_mask.png
4d385115140b9cb66ad39581,leather,validation_normal,0,good,leather/train/good/189.png,
4d39c2537a1b29673dd3d457,carpet,fit,0,good,carpet/train/good/094.png,
4d41ab81c03a10de2e5ef57c,screw,validation_normal,0,good,screw/train/good/152.png,
4d47418e123a5e9bf3b67081,wood,fit,0,good,wood/train/good/073.png,
4d5071c0c1dceb633f04bd44,cable,validation_normal,0,good,cable/train/good/202.png,
4d761d69371e61292225787a,toothbrush,fit,0,good,toothbrush/train/good/031.png,
4d7c51d0aa39bcf5011d38bf,leather,fit,0,good,leather/train/good/029.png,
4d7ee0a521888b31c4501a0d,transistor,selection,0,good,transistor/test/good/037.png,
4d827d5791e1f0d510d1fbee,screw,fit,0,good,screw/train/good/285.png,
4d9d99511304067df4be0c12,leather,fit,0,good,leather/train/good/094.png,
4db174957fc58b8f3ec6229d,grid,calibration_normal,0,good,grid/train/good/014.png,
4dce8b76ac5322278ee0e2e2,zipper,fit,0,good,zipper/train/good/138.png,
4dd340090876f7ce5353912b,cable,fit,0,good,cable/train/good/144.png,
4dd46c849c85a7ac49f18357,screw,calibration_normal,0,good,screw/train/good/244.png,
4dda23bea17e652927de96ff,hazelnut,calibration_normal,0,good,hazelnut/train/good/242.png,
4df36940b7f0433000e5f077,capsule,selection,0,good,capsule/test/good/011.png,
4e12224befa50778b537b753,metal_nut,fit,0,good,metal_nut/train/good/048.png,
4e1fe2b8c953bd35369875e5,carpet,fit,0,good,carpet/train/good/065.png,
4e2603a51f1ce595c3ca12ac,leather,fit,0,good,leather/train/good/212.png,
4e27bdb12c2b057430b4653a,transistor,selection,1,misplaced,transistor/test/misplaced/005.png,transistor/ground_truth/misplaced/005_mask.png
4e2cd9871e72f5a82d2f4bba,capsule,fit,0,good,capsule/train/good/194.png,
4e39dbadddfe0c49fd04c99c,zipper,calibration_normal,0,good,zipper/train/good/111.png,
4e4142c6df2e4709804162ac,screw,final_test,1,scratch_neck,screw/test/scratch_neck/012.png,screw/ground_truth/scratch_neck/012_mask.png
4e5db40bb644df92af9cb43c,wood,fit,0,good,wood/train/good/067.png,
4e638762f31c4313776e1f2f,carpet,fit,0,good,carpet/train/good/019.png,
4e64e30cd976dc25e8051fe4,screw,calibration_normal,0,good,screw/train/good/174.png,
4e8384f2d34044e37db0be0f,transistor,fit,0,good,transistor/train/good/115.png,
4e86f4dbf93064465ae79c98,grid,fit,0,good,grid/train/good/176.png,
4e8f95a27b544aff831a1dc7,tile,selection,1,oil,tile/test/oil/013.png,tile/ground_truth/oil/013_mask.png
4e9cf31901bfeb01f4a71181,screw,selection,1,manipulated_front,screw/test/manipulated_front/010.png,screw/ground_truth/manipulated_front/010_mask.png
4ea9a01698e16ef0ec1d12a7,tile,final_test,1,crack,tile/test/crack/009.png,tile/ground_truth/crack/009_mask.png
4ec394321d82b833d7944763,metal_nut,fit,0,good,metal_nut/train/good/063.png,
4ec5dc2d2f47b3f0ead7f35c,grid,selection,1,metal_contamination,grid/test/metal_contamination/006.png,grid/ground_truth/metal_contamination/006_mask.png
4ecb1e71f8cc33276a025b33,wood,fit,0,good,wood/train/good/155.png,
4ed2939152cda1adde673853,transistor,fit,0,good,transistor/train/good/111.png,
4ed51aff752f9bb9d50c0fd0,pill,fit,0,good,pill/train/good/036.png,
4edcc1ef3696f88f78050f4b,bottle,fit,0,good,bottle/train/good/102.png,
4f203c4cef6aefc9df3634d1,screw,fit,0,good,screw/train/good/121.png,
4f489472da23df21025c346b,zipper,calibration_normal,0,good,zipper/train/good/069.png,
4f48a8de6d0f4507fc5b7a7e,zipper,calibration_normal,0,good,zipper/train/good/195.png,
4f570328a0f5335a863af01f,capsule,validation_normal,0,good,capsule/train/good/097.png,
4f61f839906bd2ab635cd7dd,tile,fit,0,good,tile/train/good/109.png,
4f63532b71aef9945d52c5e9,wood,validation_normal,0,good,wood/train/good/077.png,
4f6b191ca311ccc173c1d0dd,leather,calibration_normal,0,good,leather/train/good/088.png,
4f6d23a37a2075e18ae3965f,carpet,validation_normal,0,good,carpet/train/good/106.png,
4f75c1a148594c74431e3e35,wood,fit,0,good,wood/train/good/052.png,
4f75e55550659f5574fec527,wood,final_test,1,hole,wood/test/hole/009.png,wood/ground_truth/hole/009_mask.png
4f7de1c245b9b3b9bec3c7db,transistor,fit,0,good,transistor/train/good/112.png,
4f8334bcdea16c9d49d8ca76,tile,validation_normal,0,good,tile/train/good/145.png,
4f8387f2e21f46802dbf04f6,wood,fit,0,good,wood/train/good/062.png,
4f92ed9fea5354a977838110,grid,fit,0,good,grid/train/good/157.png,
4f9bfd73396bd2c5e3ab4437,screw,selection,1,scratch_neck,screw/test/scratch_neck/000.png,screw/ground_truth/scratch_neck/000_mask.png
4f9e28df540180e2e2d7e3dc,hazelnut,fit,0,good,hazelnut/train/good/064.png,
4f9e2a59034c46633a72fcd1,capsule,fit,0,good,capsule/train/good/116.png,
4fa33ac1943b29bc68b8b8d6,pill,final_test,1,color,pill/test/color/006.png,pill/ground_truth/color/006_mask.png
4fb73b563181caceda7db24f,carpet,fit,0,good,carpet/train/good/092.png,
4fe299bb5acdc995cc59989f,leather,fit,0,good,leather/train/good/134.png,
50028acbfdf5f572ac4ccb85,bottle,final_test,1,broken_large,bottle/test/broken_large/003.png,bottle/ground_truth/broken_large/003_mask.png
501f2b198058e2a9b5508016,grid,fit,0,good,grid/train/good/012.png,
50291e251881fd7b6238e507,screw,calibration_normal,0,good,screw/train/good/028.png,
50383bedfabfbe456afacd65,tile,calibration_normal,0,good,tile/train/good/152.png,
504047a6474eafc22fe2981b,bottle,fit,0,good,bottle/train/good/130.png,
504f9a36179165a1beb56fd1,pill,validation_normal,0,good,pill/train/good/133.png,
505e7721a37857370a91e063,grid,fit,0,good,grid/train/good/175.png,
5078517bd44de09f16c8a4e6,leather,validation_normal,0,good,leather/train/good/242.png,
5078c9f249dd2114003f6124,pill,fit,0,good,pill/train/good/004.png,
5084eb71123858517c7c2be0,hazelnut,fit,0,good,hazelnut/train/good/283.png,
50894afa2ff69ee88bb22c34,wood,fit,0,good,wood/train/good/108.png,
5089c4c3736a55b34d031f6d,bottle,fit,0,good,bottle/train/good/010.png,
508ce974d995558bee4e6479,wood,fit,0,good,wood/train/good/127.png,
5094d3de03df1798ad4040ba,bottle,fit,0,good,bottle/train/good/105.png,
50a727ed48f2345e45f959f4,tile,fit,0,good,tile/train/good/073.png,
50acf71b66030edc7f5adfbe,grid,fit,0,good,grid/train/good/044.png,
50d09672ca66989fc388fc8d,pill,fit,0,good,pill/train/good/070.png,
50de2ae624364b68f92c6951,leather,fit,0,good,leather/train/good/086.png,
50e16b30aa64b550c3da7c58,pill,selection,1,scratch,pill/test/scratch/018.png,pill/ground_truth/scratch/018_mask.png
50e544c57427df16be6eff6c,carpet,selection,1,color,carpet/test/color/007.png,carpet/ground_truth/color/007_mask.png
50ecc5e7bca9765b4bcf9638,carpet,validation_normal,0,good,carpet/train/good/049.png,
50f80ba8f7365a1405dd94fb,hazelnut,fit,0,good,hazelnut/train/good/317.png,
5104d17538f3e8527eaef3a9,capsule,fit,0,good,capsule/train/good/038.png,
5108a95879a96480f48d1c24,screw,fit,0,good,screw/train/good/191.png,
5124d20eb0236f943a54bfa4,hazelnut,fit,0,good,hazelnut/train/good/073.png,
513a4b40a8694a11e7c89745,tile,calibration_normal,0,good,tile/train/good/217.png,
515fee367cb0b40d7e718e9c,metal_nut,fit,0,good,metal_nut/train/good/030.png,
5177a6aa99bf920d14058892,screw,final_test,1,thread_top,screw/test/thread_top/017.png,screw/ground_truth/thread_top/017_mask.png
518b041215bb04eac5b2e96b,screw,fit,0,good,screw/train/good/087.png,
5198d90d590cc09062410ff6,pill,fit,0,good,pill/train/good/089.png,
51b3aefb414d225054215085,grid,fit,0,good,grid/train/good/221.png,
51c60d68aac36e728bea0465,grid,validation_normal,0,good,grid/train/good/086.png,
51fcb29ad7adf8ec660d6ed1,grid,fit,0,good,grid/train/good/068.png,
52151d472d4f0dfe5a9b583e,bottle,fit,0,good,bottle/train/good/051.png,
522eb61e193645204f9548ea,transistor,validation_normal,0,good,transistor/train/good/149.png,
524200d1ed5e50faed031ee3,pill,final_test,1,contamination,pill/test/contamination/006.png,pill/ground_truth/contamination/006_mask.png
524a188ab6c9a9ecee0db1da,screw,validation_normal,0,good,screw/train/good/246.png,
524ff87ddb7e540e1dfa83bf,hazelnut,validation_normal,0,good,hazelnut/train/good/077.png,
5258d655b1c87589cf433340,metal_nut,selection,0,good,metal_nut/test/good/005.png,
525c0b09f03dfd31186ee59c,zipper,fit,0,good,zipper/train/good/167.png,
52666869e1801a5475a21b51,transistor,calibration_normal,0,good,transistor/train/good/125.png,
527970d44a5595d9c0616c56,zipper,validation_normal,0,good,zipper/train/good/064.png,
527d7053730d5ce0adab523a,hazelnut,selection,1,print,hazelnut/test/print/011.png,hazelnut/ground_truth/print/011_mask.png
5285c7b8e52816108e86816c,hazelnut,fit,0,good,hazelnut/train/good/384.png,
52893533f5ac9fa4a8a51c26,wood,fit,0,good,wood/train/good/040.png,
52a72fe52a9cf5f3a272c1c4,tile,fit,0,good,tile/train/good/086.png,
52aa1a77956b725f9f4a55d9,capsule,final_test,1,squeeze,capsule/test/squeeze/013.png,capsule/ground_truth/squeeze/013_mask.png
52b21f0177ea3b366ff4647a,capsule,fit,0,good,capsule/train/good/056.png,
52ce2801838a86e7c14b45db,zipper,final_test,1,broken_teeth,zipper/test/broken_teeth/013.png,zipper/ground_truth/broken_teeth/013_mask.png
52ced07de5e8c68912e184eb,carpet,fit,0,good,carpet/train/good/026.png,
52d2980fb3c6f1510263850d,carpet,final_test,1,hole,carpet/test/hole/014.png,carpet/ground_truth/hole/014_mask.png
52d7b82c1e7ba08723ddee0d,pill,selection,1,crack,pill/test/crack/024.png,pill/ground_truth/crack/024_mask.png
52e154093d201184e76600c8,leather,fit,0,good,leather/train/good/044.png,
52e43faa0ad5436cdeaec31f,pill,selection,1,scratch,pill/test/scratch/017.png,pill/ground_truth/scratch/017_mask.png
52e4d7a4439a2168cf39a1b4,zipper,selection,1,broken_teeth,zipper/test/broken_teeth/014.png,zipper/ground_truth/broken_teeth/014_mask.png
52e61026c13cf7fef1cdc9ce,pill,validation_normal,0,good,pill/train/good/097.png,
52ec8c86435c4ba6f68e67ba,pill,calibration_normal,0,good,pill/train/good/113.png,
52f444cfb82b53a488796b0c,pill,final_test,1,color,pill/test/color/019.png,pill/ground_truth/color/019_mask.png
52f496516fd2c6a1ce11fcbc,metal_nut,fit,0,good,metal_nut/train/good/213.png,
52fd1e8ff67ae0e8632a00f7,toothbrush,fit,0,good,toothbrush/train/good/037.png,
5308fda7e1fa8d8ae08f937f,leather,fit,0,good,leather/train/good/166.png,
530c574cc78ba9a086248aae,leather,fit,0,good,leather/train/good/073.png,
531ac847649887b24e8e280a,hazelnut,validation_normal,0,good,hazelnut/train/good/330.png,
531b1a2b8e970cae25ce4699,leather,selection,0,good,leather/test/good/003.png,
531f2b632197ddb0ac4ba26e,hazelnut,fit,0,good,hazelnut/train/good/168.png,
533c1abfd5df08f7ad481879,cable,validation_normal,0,good,cable/train/good/124.png,
53463e6f665b33b414d9c0ae,screw,final_test,1,scratch_neck,screw/test/scratch_neck/010.png,screw/ground_truth/scratch_neck/010_mask.png
53539651532e8913c4c9a73c,leather,final_test,1,glue,leather/test/glue/009.png,leather/ground_truth/glue/009_mask.png
539219f35803fbe1d6ffbb67,zipper,fit,0,good,zipper/train/good/077.png,
53986c111083c20fa83eb7b7,zipper,fit,0,good,zipper/train/good/152.png,
53b48f5ad77a5b872c855b55,cable,fit,0,good,cable/train/good/158.png,
53be9b64e2ebb2ff7f062633,tile,final_test,1,oil,tile/test/oil/009.png,tile/ground_truth/oil/009_mask.png
53d24df6583b3552f5304cfe,zipper,fit,0,good,zipper/train/good/052.png,
53d4dccb9d0aabc9125ef04a,zipper,final_test,0,good,zipper/test/good/012.png,
53d51ad2d4c230fe05d51daa,metal_nut,selection,1,flip,metal_nut/test/flip/014.png,metal_nut/ground_truth/flip/014_mask.png
53dc0a09c02e6b1ca924f205,screw,fit,0,good,screw/train/good/168.png,
540832380897809e640df37d,cable,final_test,1,poke_insulation,cable/test/poke_insulation/008.png,cable/ground_truth/poke_insulation/008_mask.png
54102f13709bf506be2e0c4a,hazelnut,calibration_normal,0,good,hazelnut/train/good/037.png,
5424ff8653f2f9615f3bbebb,bottle,fit,0,good,bottle/train/good/015.png,
5442582ed6677c1c3cd69c5d,transistor,fit,0,good,transistor/train/good/044.png,
544adbb05d8007c872aacab2,leather,fit,0,good,leather/train/good/121.png,
54755fdd5b0ce19eab40d509,wood,fit,0,good,wood/train/good/165.png,
54798f7c988d4fa9d905a1ed,pill,fit,0,good,pill/train/good/049.png,
547c7dc26c19285313827c48,cable,fit,0,good,cable/train/good/067.png,
547fc675fce938e3e29bfdc6,zipper,fit,0,good,zipper/train/good/137.png,
5485ac460730cf5ae36246e5,cable,calibration_normal,0,good,cable/train/good/199.png,
5493b131e01d388b7ce23298,bottle,fit,0,good,bottle/train/good/072.png,
5498e9cf258bbe0d6f2414e9,transistor,validation_normal,0,good,transistor/train/good/114.png,
549dc551006b258304f23e30,metal_nut,fit,0,good,metal_nut/train/good/056.png,
549fadd94c07b7e013e65797,bottle,fit,0,good,bottle/train/good/167.png,
54b015b1fcc4a81558a70562,cable,fit,0,good,cable/train/good/209.png,
54d3aa1ff599fd494476eca2,metal_nut,final_test,1,color,metal_nut/test/color/007.png,metal_nut/ground_truth/color/007_mask.png
54d765659caaed90c2d8463c,carpet,fit,0,good,carpet/train/good/211.png,
54dca66e0e3ea989439112ad,zipper,validation_normal,0,good,zipper/train/good/067.png,
54e0a9480b0e681c8c83d565,grid,final_test,1,glue,grid/test/glue/005.png,grid/ground_truth/glue/005_mask.png
54e19f69fbf682e830e714a5,leather,validation_normal,0,good,leather/train/good/236.png,
54f644bc0f78c14fc25d1349,carpet,validation_normal,0,good,carpet/train/good/126.png,
54f84b392b30d1f3f29f8ac8,hazelnut,fit,0,good,hazelnut/train/good/040.png,
54fa76b4be33f3a4d010d1ae,leather,selection,1,fold,leather/test/fold/010.png,leather/ground_truth/fold/010_mask.png
54fd176bbb128bc0cbb28c0c,carpet,fit,0,good,carpet/train/good/251.png,
54fd60e6e310f23115258ae2,hazelnut,final_test,1,cut,hazelnut/test/cut/005.png,hazelnut/ground_truth/cut/005_mask.png
5504afa0ebdbc67b02a55242,carpet,fit,0,good,carpet/train/good/264.png,
55173d8f9c9f9f45636d1380,toothbrush,fit,0,good,toothbrush/train/good/028.png,
551973c0f088b03d9814e0f3,hazelnut,validation_normal,0,good,hazelnut/train/good/316.png,
55242598034353b112f7f553,tile,selection,1,gray_stroke,tile/test/gray_stroke/003.png,tile/ground_truth/gray_stroke/003_mask.png
552e7680f82016ad3806de81,screw,selection,1,thread_top,screw/test/thread_top/013.png,screw/ground_truth/thread_top/013_mask.png
5540d3bade4ddf0c0e6ee754,toothbrush,fit,0,good,toothbrush/train/good/041.png,
554b56fd50b119a20b890d05,screw,fit,0,good,screw/train/good/001.png,
55574e363674dcea279ec3b8,leather,fit,0,good,leather/train/good/192.png,
555db1ad28aa2d8fe46c61cc,wood,fit,0,good,wood/train/good/072.png,
5564a672606dad2f70a054b5,zipper,final_test,0,good,zipper/test/good/030.png,
557ee024fc858bc8a30b340b,pill,selection,0,good,pill/test/good/020.png,
557fa34268e090f4e8a5632f,screw,fit,0,good,screw/train/good/105.png,
558a635805b3b93cefaf7269,carpet,fit,0,good,carpet/train/good/004.png,
55be6fe89273bc68afe8e99f,grid,calibration_normal,0,good,grid/train/good/181.png,
55eaff4cd09dd33527e03aad,zipper,fit,0,good,zipper/train/good/212.png,
55effb83f97ab732bb8e9496,zipper,fit,0,good,zipper/train/good/095.png,
55f555188f5f18f312fa8f97,wood,calibration_normal,0,good,wood/train/good/000.png,
5603ae990de869ebb3a2bdc2,screw,fit,0,good,screw/train/good/189.png,
564722be776a3eba69a5630f,wood,selection,1,scratch,wood/test/scratch/001.png,wood/ground_truth/scratch/001_mask.png
567acf11e5b4ac2ef0e189ad,cable,fit,0,good,cable/train/good/219.png,
567b1b42425d1690abfe8159,grid,fit,0,good,grid/train/good/182.png,
568c13ead5282a23065f9287,carpet,selection,1,hole,carpet/test/hole/005.png,carpet/ground_truth/hole/005_mask.png
569543b9687048237cc0ac06,carpet,fit,0,good,carpet/train/good/050.png,
5699ae9add48a365d8a07718,capsule,calibration_normal,0,good,capsule/train/good/206.png,
56b52615e5ea0b29c6dbd76a,carpet,fit,0,good,carpet/train/good/195.png,
56c986bd2412417e2f61a587,transistor,fit,0,good,transistor/train/good/090.png,
56db59191b29ae6a96e75eef,leather,calibration_normal,0,good,leather/train/good/035.png,
56defe2e886b17cdc2cdc64d,wood,fit,0,good,wood/train/good/004.png,
56e38a8f4ad71d47b245cd2d,bottle,final_test,1,broken_large,bottle/test/broken_large/011.png,bottle/ground_truth/broken_large/011_mask.png
56ecf3d8e2e23a4446d28973,capsule,final_test,1,scratch,capsule/test/scratch/022.png,capsule/ground_truth/scratch/022_mask.png
56f458df8dffc02375f8f236,tile,fit,0,good,tile/train/good/229.png,
56febde973969dc9ead43ebc,hazelnut,fit,0,good,hazelnut/train/good/046.png,
5708cd5e9ff4dff806ffc4fc,hazelnut,final_test,0,good,hazelnut/test/good/015.png,
571ba0aa8227799d7aea1ad9,hazelnut,fit,0,good,hazelnut/train/good/033.png,
573fe11c352e54a63e6854b6,tile,calibration_normal,0,good,tile/train/good/199.png,
576079be8aaddb336277be96,grid,fit,0,good,grid/train/good/230.png,
57648f1a504be4fbb7dbc448,metal_nut,validation_normal,0,good,metal_nut/train/good/073.png,
576677396a3d71bc010fb707,capsule,fit,0,good,capsule/train/good/187.png,
577051e83dbd26520cbb7d4a,wood,calibration_normal,0,good,wood/train/good/100.png,
577822ef233a978660728f07,capsule,final_test,1,faulty_imprint,capsule/test/faulty_imprint/012.png,capsule/ground_truth/faulty_imprint/012_mask.png
5795f78dd23b3c4154cdb498,carpet,fit,0,good,carpet/train/good/076.png,
5799b28c0a2dd49afa879e50,transistor,fit,0,good,transistor/train/good/152.png,
57ac7c57a0060f7a21f5d9b3,carpet,fit,0,good,carpet/train/good/225.png,
57b049ff9818eb99c0ea525b,transistor,selection,0,good,transistor/test/good/000.png,
57b94001138905f6c78a48a1,screw,fit,0,good,screw/train/good/054.png,
57ba419c73ff6095b972fdfa,grid,fit,0,good,grid/train/good/183.png,
57bb7727cd20dc9007dbfdd4,pill,final_test,1,combined,pill/test/combined/001.png,pill/ground_truth/combined/001_mask.png
57c0c3dc4c247bb1ad535d34,toothbrush,final_test,1,defective,toothbrush/test/defective/004.png,toothbrush/ground_truth/defective/004_mask.png
57cf655ef30b0761a2b4a2a0,transistor,final_test,0,good,transistor/test/good/038.png,
57d7a1383a344c6db4c06bb9,capsule,final_test,1,faulty_imprint,capsule/test/faulty_imprint/009.png,capsule/ground_truth/faulty_imprint/009_mask.png
57e7975471aa03f877db0216,pill,final_test,0,good,pill/test/good/007.png,
57f83fbc34eeb66125ac29c3,zipper,fit,0,good,zipper/train/good/155.png,
57fc289c0e860532dfec6189,hazelnut,final_test,1,hole,hazelnut/test/hole/014.png,hazelnut/ground_truth/hole/014_mask.png
58260898b5c62cc0c8328075,hazelnut,fit,0,good,hazelnut/train/good/011.png,
5835047b932aa6f94c67932d,hazelnut,validation_normal,0,good,hazelnut/train/good/042.png,
58373cba0cbdc24b1e78c948,screw,fit,0,good,screw/train/good/055.png,
583bde7ff0074cee12dd5935,metal_nut,selection,1,scratch,metal_nut/test/scratch/014.png,metal_nut/ground_truth/scratch/014_mask.png
583c968b41053374fc3aa0f1,hazelnut,fit,0,good,hazelnut/train/good/294.png,
583f287a463f35947989e9bf,hazelnut,fit,0,good,hazelnut/train/good/229.png,
58729da399901c81889b7482,wood,fit,0,good,wood/train/good/243.png,
58bc07f596d4c07c4c84f6d6,leather,validation_normal,0,good,leather/train/good/087.png,
58cf89679104e4ec2ed442f9,hazelnut,final_test,1,cut,hazelnut/test/cut/015.png,hazelnut/ground_truth/cut/015_mask.png
58d361d8fd62cc0bd8ce3ab4,screw,selection,1,scratch_head,screw/test/scratch_head/019.png,screw/ground_truth/scratch_head/019_mask.png
58d3938e93de02a9d0b88cb0,tile,calibration_normal,0,good,tile/train/good/056.png,
58d5ad62ef9f6ca5451b02a3,hazelnut,fit,0,good,hazelnut/train/good/382.png,
58f60d9d6dce54d13fb77bf9,screw,fit,0,good,screw/train/good/056.png,
58f98a58ef7d58d31490526d,zipper,fit,0,good,zipper/train/good/075.png,
590c85e8161fde97b083c054,hazelnut,final_test,0,good,hazelnut/test/good/004.png,
590c9922392f8e95b8facfa2,zipper,calibration_normal,0,good,zipper/train/good/128.png,
590d3fc3d6da0d4c34ae10b5,metal_nut,fit,0,good,metal_nut/train/good/187.png,
5927e14c5f777edaf77c64db,hazelnut,fit,0,good,hazelnut/train/good/024.png,
593285e350acd717024e5ab4,carpet,calibration_normal,0,good,carpet/train/good/093.png,
594733cc029a4e9f9feb881f,pill,calibration_normal,0,good,pill/train/good/148.png,
595266ff9db8b73d6bb7914c,pill,fit,0,good,pill/train/good/209.png,
5954b8e29294fa8f6d3c5136,capsule,fit,0,good,capsule/train/good/112.png,
59564fb2df5f4d559359c280,transistor,validation_normal,0,good,transistor/train/good/170.png,
59583dc00a14191d73a93b7f,transistor,fit,0,good,transistor/train/good/002.png,
595891356dd840e4efdcc0b9,capsule,calibration_normal,0,good,capsule/train/good/120.png,
59627c5bc3f41f1d67ef946b,zipper,fit,0,good,zipper/train/good/055.png,
596388bd2d4e75e67176b1af,carpet,validation_normal,0,good,carpet/train/good/038.png,
596a970e00e3a1248c6d4c9b,metal_nut,selection,1,color,metal_nut/test/color/014.png,metal_nut/ground_truth/color/014_mask.png
5974b019dddaede8ccefd399,carpet,final_test,1,color,carpet/test/color/005.png,carpet/ground_truth/color/005_mask.png
5974baa28cb1c02c331ef1df,hazelnut,final_test,1,cut,hazelnut/test/cut/009.png,hazelnut/ground_truth/cut/009_mask.png
5988fabdde68e959f2cc8797,screw,final_test,1,scratch_neck,screw/test/scratch_neck/019.png,screw/ground_truth/scratch_neck/019_mask.png
598937e815c340090aded4bb,transistor,final_test,0,good,transistor/test/good/024.png,
598dbef27995c5243a779cd0,grid,fit,0,good,grid/train/good/083.png,
59973d373ac4373ade018176,leather,final_test,1,fold,leather/test/fold/015.png,leather/ground_truth/fold/015_mask.png
59a06971348ec2bad2b9c4a6,grid,selection,1,glue,grid/test/glue/001.png,grid/ground_truth/glue/001_mask.png
59ab3e434e8b01ee350cf9af,pill,final_test,1,faulty_imprint,pill/test/faulty_imprint/004.png,pill/ground_truth/faulty_imprint/004_mask.png
59af0fa1866f0ab7b5d704eb,transistor,validation_normal,0,good,transistor/train/good/137.png,
59b37fc812750120aab86ec4,zipper,fit,0,good,zipper/train/good/027.png,
59b7795608918be4a2441a4f,transistor,fit,0,good,transistor/train/good/124.png,
59bf1d8c4fdaee79942ba151,screw,final_test,1,scratch_neck,screw/test/scratch_neck/011.png,screw/ground_truth/scratch_neck/011_mask.png
59c0a982b313ad47d03b185a,carpet,fit,0,good,carpet/train/good/031.png,
59c97fca4ca4ef33aebf416e,pill,selection,1,contamination,pill/test/contamination/003.png,pill/ground_truth/contamination/003_mask.png
59d39399ba898b469afe1da6,cable,fit,0,good,cable/train/good/033.png,
59d3f0e79431bb931082a697,capsule,fit,0,good,capsule/train/good/115.png,
59d4204ffc8e873372d3873c,tile,validation_normal,0,good,tile/train/good/015.png,
59d44ceb39cf56c1168478bf,wood,fit,0,good,wood/train/good/244.png,
59f1e8f9f4cd6ea7e5eb5bbd,wood,calibration_normal,0,good,wood/train/good/179.png,
59f25b65a2d633e27ff5a592,cable,selection,1,missing_cable,cable/test/missing_cable/001.png,cable/ground_truth/missing_cable/001_mask.png
59f85ebc435fcd9bab461f75,capsule,selection,1,faulty_imprint,capsule/test/faulty_imprint/014.png,capsule/ground_truth/faulty_imprint/014_mask.png
59fb11e824a7296fb9fe0bb7,pill,fit,0,good,pill/train/good/027.png,
5a0062187c9c18c97f645f6b,metal_nut,fit,0,good,metal_nut/train/good/197.png,
5a007d23fb38bf2a54efbb16,transistor,final_test,0,good,transistor/test/good/029.png,
5a03032331d0ad515f90147d,capsule,fit,0,good,capsule/train/good/156.png,
5a1bfcdcf70c5cc7c4f60dca,pill,fit,0,good,pill/train/good/195.png,
5a2e10d1d2a97341fe9e930d,capsule,calibration_normal,0,good,capsule/train/good/196.png,
5a3c2cdc8f1627b7ed43686c,bottle,fit,0,good,bottle/train/good/042.png,
5a47f79f275314da9e18cbea,bottle,validation_normal,0,good,bottle/train/good/096.png,
5a5a3ed84eb682f466090dda,bottle,fit,0,good,bottle/train/good/142.png,
5a636a3f4a87c4c3ab61dff2,metal_nut,fit,0,good,metal_nut/train/good/101.png,
5a6e93ec6de9a7984182656e,tile,selection,0,good,tile/test/good/020.png,
5aa0d6ff66358d8cb86d7384,hazelnut,calibration_normal,0,good,hazelnut/train/good/355.png,
5aaedfd6d696deb83ead317c,pill,final_test,0,good,pill/test/good/000.png,
5abd80429f28e8ede4f9935c,transistor,selection,0,good,transistor/test/good/014.png,
5acdf3b79d6083634d07206e,grid,calibration_normal,0,good,grid/train/good/042.png,
5ad050cbe54d06051bec78b6,grid,final_test,1,bent,grid/test/bent/006.png,grid/ground_truth/bent/006_mask.png
5ad659d79cbec251fa20eece,grid,validation_normal,0,good,grid/train/good/064.png,
5adf7d7775f85ea4a6937c61,carpet,selection,1,hole,carpet/test/hole/004.png,carpet/ground_truth/hole/004_mask.png
5adfa71d089803695352866a,pill,selection,1,contamination,pill/test/contamination/016.png,pill/ground_truth/contamination/016_mask.png
5ae3d22575dd788fcba738d4,cable,fit,0,good,cable/train/good/073.png,
5b14b2a92d704aa95a5b5d6e,zipper,fit,0,good,zipper/train/good/143.png,
5b16e267e762359504c58576,grid,fit,0,good,grid/train/good/142.png,
5b21127cb77144ec56e20d1f,hazelnut,validation_normal,0,good,hazelnut/train/good/223.png,
5b32d9c6dd5503a38a5d69cc,wood,fit,0,good,wood/train/good/141.png,
5b6ad87eb2001eb44f154e88,transistor,final_test,1,cut_lead,transistor/test/cut_lead/009.png,transistor/ground_truth/cut_lead/009_mask.png
5b6d8d43bc22d22dce8c8439,metal_nut,selection,1,color,metal_nut/test/color/002.png,metal_nut/ground_truth/color/002_mask.png
5b879c3056ba2af48cfb57ad,cable,selection,1,cable_swap,cable/test/cable_swap/001.png,cable/ground_truth/cable_swap/001_mask.png
5b982769c831f5bd3795ca56,zipper,selection,0,good,zipper/test/good/017.png,
5b9e5ac7c75b5163ff8b6c0b,toothbrush,fit,0,good,toothbrush/train/good/035.png,
5ba5af55a40aa249c8e51a8e,wood,final_test,1,hole,wood/test/hole/007.png,wood/ground_truth/hole/007_mask.png
5ba740e1c32a8f82c95a2217,tile,calibration_normal,0,good,tile/train/good/028.png,
5bacb1cd9d9f04cc8a785859,bottle,validation_normal,0,good,bottle/train/good/018.png,
5baf727eea75e6f3626d6299,capsule,fit,0,good,capsule/train/good/101.png,
5bbc3b3f13e802432b755a19,zipper,fit,0,good,zipper/train/good/162.png,
5bcdecc00ed4a19773ddd7a1,leather,calibration_normal,0,good,leather/train/good/004.png,
5bd536044f56d0270cdc8372,screw,selection,1,scratch_neck,screw/test/scratch_neck/005.png,screw/ground_truth/scratch_neck/005_mask.png
5bdf1646509c9bef80736d5f,pill,fit,0,good,pill/train/good/228.png,
5be4bcf969b30f4b24f1074e,screw,fit,0,good,screw/train/good/156.png,
5be6cfc0821ac75e990d424f,cable,selection,0,good,cable/test/good/001.png,
5bf73cd975f419f02256983e,bottle,validation_normal,0,good,bottle/train/good/201.png,
5bf9b4472024ec8dea8c4e6e,carpet,final_test,1,cut,carpet/test/cut/008.png,carpet/ground_truth/cut/008_mask.png
5c1bd6fd57cb54aae1a23373,transistor,fit,0,good,transistor/train/good/167.png,
5c20bdb87a422b2198000051,zipper,final_test,1,fabric_interior,zipper/test/fabric_interior/012.png,zipper/ground_truth/fabric_interior/012_mask.png
5c2484773d4e5d5f5aa7e4de,grid,validation_normal,0,good,grid/train/good/204.png,
5c30f368f70eda2885a1fc68,screw,fit,0,good,screw/train/good/262.png,
5c321874320a2453ce03fcbd,capsule,fit,0,good,capsule/train/good/096.png,
5c35a25e0c4c858fa8fe13a2,tile,final_test,1,glue_strip,tile/test/glue_strip/012.png,tile/ground_truth/glue_strip/012_mask.png
5c3ab9338ff5fdbc4e5b7b78,metal_nut,final_test,1,flip,metal_nut/test/flip/017.png,metal_nut/ground_truth/flip/017_mask.png
5c43e20e0c2d3d6474fabf39,transistor,validation_normal,0,good,transistor/train/good/053.png,
5c4db28513b9e1f53856ed4d,carpet,fit,0,good,carpet/train/good/081.png,
5c82e8de9347b05e11e2b696,pill,calibration_normal,0,good,pill/train/good/106.png,
5c9acb64f94e0f3f5dc26e27,tile,selection,1,oil,tile/test/oil/015.png,tile/ground_truth/oil/015_mask.png
5c9bfb38b1ebd4f5340f312b,tile,fit,0,good,tile/train/good/228.png,
5c9e1322b3edfd2deeec58c8,hazelnut,calibration_normal,0,good,hazelnut/train/good/147.png,
5ca03c04beac4d524228beec,metal_nut,selection,0,good,metal_nut/test/good/009.png,
5ca0b32de866c0dc2f5e2abb,grid,validation_normal,0,good,grid/train/good/173.png,
5ca67db9adebcc7422c5beed,screw,final_test,1,manipulated_front,screw/test/manipulated_front/002.png,screw/ground_truth/manipulated_front/002_mask.png
5caa60ca1daac0567cfc77c8,metal_nut,fit,0,good,metal_nut/train/good/038.png,
5cc0ac66897d20251b9df34f,capsule,fit,0,good,capsule/train/good/158.png,
5cc0c6997edc28636dc2bbf4,zipper,fit,0,good,zipper/train/good/022.png,
5ce2d65cc2c94af30478ec23,hazelnut,fit,0,good,hazelnut/train/good/350.png,
5cf55adf276538cb90688dc5,metal_nut,calibration_normal,0,good,metal_nut/train/good/115.png,
5cfd4e94d1a00f5fbc7ba0ee,wood,validation_normal,0,good,wood/train/good/058.png,
5d0139104a9eefce00115334,zipper,validation_normal,0,good,zipper/train/good/046.png,
5d016eff8b0ca93940a8293d,screw,selection,1,thread_top,screw/test/thread_top/015.png,screw/ground_truth/thread_top/015_mask.png
5d2cf92ce82451cb2069c2e0,wood,calibration_normal,0,good,wood/train/good/020.png,
5d32aa84253365c4cd170a25,leather,fit,0,good,leather/train/good/089.png,
5d3785ec4b57ea0e8f6bdb6d,wood,final_test,1,color,wood/test/color/003.png,wood/ground_truth/color/003_mask.png
5d39192a7c8b7c02dede3ce8,tile,fit,0,good,tile/train/good/123.png,
5d3b98e29115460d67eaef2c,grid,fit,0,good,grid/train/good/199.png,
5d46a7d9ff6e338f4b2b1d06,wood,calibration_normal,0,good,wood/train/good/044.png,
5d5510fe3afae48087d069dd,grid,fit,0,good,grid/train/good/138.png,
5d699593c588e55db96724d5,zipper,fit,0,good,zipper/train/good/184.png,
5d717da7770e54bf165b8230,wood,final_test,1,scratch,wood/test/scratch/018.png,wood/ground_truth/scratch/018_mask.png
5d811bbc2549694b758744bc,grid,fit,0,good,grid/train/good/210.png,
5d8430f80c5b99a84c806af6,leather,final_test,1,glue,leather/test/glue/018.png,leather/ground_truth/glue/018_mask.png
5d8875ef50366a413d4ade35,metal_nut,validation_normal,0,good,metal_nut/train/good/037.png,
5d8afb720008e2d1859d7452,transistor,fit,0,good,transistor/train/good/193.png,
5d982cad13f6ef63ee5ae8dd,tile,final_test,1,glue_strip,tile/test/glue_strip/016.png,tile/ground_truth/glue_strip/016_mask.png
5d9cbf9919e42e320abf0314,screw,selection,1,scratch_head,screw/test/scratch_head/022.png,screw/ground_truth/scratch_head/022_mask.png
5da498cc4f81698d247fe3a8,screw,fit,0,good,screw/train/good/213.png,
5da6d66bae01055782e492e8,leather,final_test,1,glue,leather/test/glue/011.png,leather/ground_truth/glue/011_mask.png
5da9516f3aade826187a8eb6,tile,fit,0,good,tile/train/good/061.png,
5dabc482c6c5d337459940da,carpet,fit,0,good,carpet/train/good/136.png,
5dbbc349fbdb7a8e74928d56,transistor,fit,0,good,transistor/train/good/156.png,
5dc4c4c9cfbb475bc19f2b38,metal_nut,validation_normal,0,good,metal_nut/train/good/061.png,
5dd194fc2008817f45f9772c,grid,calibration_normal,0,good,grid/train/good/005.png,
5df488b2d473078e670a0a2c,screw,fit,0,good,screw/train/good/057.png,
5df4ed62258f5bf57b9a5b06,leather,final_test,1,cut,leather/test/cut/007.png,leather/ground_truth/cut/007_mask.png
5e141df6dc48ba14061af078,wood,fit,0,good,wood/train/good/158.png,
5e25557d80163706d84f1305,pill,fit,0,good,pill/train/good/124.png,
5e26dd5692d5c390aeea5758,bottle,final_test,0,good,bottle/test/good/005.png,
5e2dd5ba6fd3849850dd3477,screw,fit,0,good,screw/train/good/039.png,
5e3ed319b1428e6691849d4e,wood,final_test,1,liquid,wood/test/liquid/007.png,wood/ground_truth/liquid/007_mask.png
5e4bdd45b75db5181b341c59,zipper,fit,0,good,zipper/train/good/208.png,
5e84ef0e0c0058c76d2e45a2,zipper,calibration_normal,0,good,zipper/train/good/081.png,
5e871722b6f035b63d3c23fa,grid,fit,0,good,grid/train/good/203.png,
5e890da4cc3ac0860dda6b64,grid,fit,0,good,grid/train/good/209.png,
5eb93f3c8113bd1d6a39c2e8,leather,fit,0,good,leather/train/good/108.png,
5eb9ec43764fad72091984e0,leather,selection,1,fold,leather/test/fold/013.png,leather/ground_truth/fold/013_mask.png
5ebc2f7f0174b1bd935906ce,zipper,fit,0,good,zipper/train/good/093.png,
5ec1b0da4e2ed812904b3076,zipper,selection,0,good,zipper/test/good/020.png,
5ec7cb43eb314346ffa7c0a8,leather,fit,0,good,leather/train/good/017.png,
5ec8fb644c9eb097c97d1d2e,bottle,selection,1,broken_small,bottle/test/broken_small/019.png,bottle/ground_truth/broken_small/019_mask.png
5ed06a29085734ffdab50652,screw,fit,0,good,screw/train/good/019.png,
5ed80a27ddd4a42d5181adca,leather,final_test,1,fold,leather/test/fold/001.png,leather/ground_truth/fold/001_mask.png
5ee7003bcb14e4596f4d011f,pill,fit,0,good,pill/train/good/119.png,
5eea962bffce38628c2b1284,pill,final_test,1,contamination,pill/test/contamination/015.png,pill/ground_truth/contamination/015_mask.png
5eee6855814b719c0bac6868,capsule,fit,0,good,capsule/train/good/157.png,
5f0486080c27bea7b4ad0bf0,hazelnut,calibration_normal,0,good,hazelnut/train/good/202.png,
5f055776f60220fbc1efc051,pill,calibration_normal,0,good,pill/train/good/155.png,
5f18285da11ce8eacffa1445,wood,fit,0,good,wood/train/good/176.png,
5f226ccf427d636c974dfc87,leather,selection,1,glue,leather/test/glue/010.png,leather/ground_truth/glue/010_mask.png
5f349a096b855a6c00648292,pill,selection,0,good,pill/test/good/001.png,
5f34cacc3d50d30b2fb85cc1,pill,validation_normal,0,good,pill/train/good/193.png,
5f3bd8564020fbf9ab0250d2,leather,final_test,0,good,leather/test/good/025.png,
5f4cc42569b5fce61cb630cc,screw,calibration_normal,0,good,screw/train/good/116.png,
5f527ca1175ad8f90fabbd88,zipper,fit,0,good,zipper/train/good/016.png,
5f597152efa3f6033c2ee9ef,grid,fit,0,good,grid/train/good/126.png,
5f599d2b7848e2d0eddccf8e,screw,calibration_normal,0,good,screw/train/good/063.png,
5f5d77879be06ee750dfba2b,zipper,fit,0,good,zipper/train/good/038.png,
5f614b46b1779240bf7be5bd,screw,validation_normal,0,good,screw/train/good/095.png,
5f749b734336e4b486d4c6a3,leather,fit,0,good,leather/train/good/050.png,
5f7b20416237dcb9b1c90c78,hazelnut,final_test,1,hole,hazelnut/test/hole/007.png,hazelnut/ground_truth/hole/007_mask.png
5f87e577d905bfa8d75fe437,pill,fit,0,good,pill/train/good/105.png,
5f98b0462fc52e9dd50736cf,wood,calibration_normal,0,good,wood/train/good/208.png,
5fb6e8d2902087f8b0676758,grid,fit,0,good,grid/train/good/105.png,
5fb93467c4a7b79fa8e40dbd,zipper,final_test,1,combined,zipper/test/combined/002.png,zipper/ground_truth/combined/002_mask.png
5fbda73a2759292e806e761f,pill,fit,0,good,pill/train/good/130.png,
5fca2af120ec0e9498f75c99,zipper,fit,0,good,zipper/train/good/049.png,
5fcc7fe6109af3d1da59c59c,hazelnut,fit,0,good,hazelnut/train/good/216.png,
5fdc14cea9add57a2370546a,grid,calibration_normal,0,good,grid/train/good/178.png,
5fdf1ae29a7eedc4a953f81a,pill,fit,0,good,pill/train/good/247.png,
5ff55faaea1e6c5977cd5558,screw,fit,0,good,screw/train/good/090.png,
5ff6d5dd38aa0b24b1ffbe66,leather,fit,0,good,leather/train/good/203.png,
60022ad91d2f867246186311,zipper,final_test,1,split_teeth,zipper/test/split_teeth/010.png,zipper/ground_truth/split_teeth/010_mask.png
6003508b3cd6cfe6a4fbe9cd,screw,final_test,1,manipulated_front,screw/test/manipulated_front/008.png,screw/ground_truth/manipulated_front/008_mask.png
6018be7c12f82331bc5d198d,transistor,selection,1,damaged_case,transistor/test/damaged_case/006.png,transistor/ground_truth/damaged_case/006_mask.png
6030a608d5d7d4e9f88ef1c9,hazelnut,calibration_normal,0,good,hazelnut/train/good/052.png,
60321889fc3775ad7766c012,grid,calibration_normal,0,good,grid/train/good/110.png,
60321cd519f7e80e554ea32e,carpet,fit,0,good,carpet/train/good/270.png,
60348511aa21c33f7721676b,carpet,selection,1,cut,carpet/test/cut/001.png,carpet/ground_truth/cut/001_mask.png
603542003bc2cdd62581f815,carpet,final_test,1,color,carpet/test/color/012.png,carpet/ground_truth/color/012_mask.png
603e4499ed7240b5ee3a7086,cable,final_test,0,good,cable/test/good/002.png,
6047be262b0d5b668ca141cf,zipper,selection,0,good,zipper/test/good/003.png,
60725840a2166be388202784,zipper,fit,0,good,zipper/train/good/183.png,
60779bd3d55da80bdb8928a1,grid,selection,1,bent,grid/test/bent/004.png,grid/ground_truth/bent/004_mask.png
60879624a24341a403252f19,toothbrush,validation_normal,0,good,toothbrush/train/good/030.png,
608d7091ff8d1d126e74a15b,zipper,validation_normal,0,good,zipper/train/good/114.png,
6094e4081c0182787e37aadd,bottle,fit,0,good,bottle/train/good/011.png,
60a10912809d563f6a1e5fb9,grid,fit,0,good,grid/train/good/041.png,
60a7233c3e6dc14be8e80a67,tile,final_test,1,gray_stroke,tile/test/gray_stroke/010.png,tile/ground_truth/gray_stroke/010_mask.png
60a75ff2e38d0bd45e40fcab,screw,fit,0,good,screw/train/good/007.png,
60ad272a55814e4fe1d981b5,carpet,fit,0,good,carpet/train/good/166.png,
60b2cbea2597cdbc225756bd,leather,fit,0,good,leather/train/good/093.png,
60b660567d629d687eb45f76,tile,selection,1,crack,tile/test/crack/010.png,tile/ground_truth/crack/010_mask.png
60c9b34ffb4868cc0acac208,cable,fit,0,good,cable/train/good/052.png,
60ccc33eb6b2cf0c54ca5e41,carpet,fit,0,good,carpet/train/good/045.png,
60d8abf5745fbabd2d70b8fd,grid,fit,0,good,grid/train/good/015.png,
60e91f17e9c9a4f7b3d1f73e,carpet,fit,0,good,carpet/train/good/269.png,
60febdf08b4e6540b7a24f5e,capsule,validation_normal,0,good,capsule/train/good/103.png,
6108709d9b8e6f1d3c065d11,pill,fit,0,good,pill/train/good/046.png,
61266306eee33a7884387d01,cable,selection,1,bent_wire,cable/test/bent_wire/003.png,cable/ground_truth/bent_wire/003_mask.png
6134dad5b7e9664d9479369c,cable,final_test,1,combined,cable/test/combined/002.png,cable/ground_truth/combined/002_mask.png
6142bff21bab96f6461abc2c,cable,final_test,1,missing_cable,cable/test/missing_cable/010.png,cable/ground_truth/missing_cable/010_mask.png
614a726b6a36824f0acdd326,hazelnut,fit,0,good,hazelnut/train/good/362.png,
6151b0559615174311df9b8e,grid,calibration_normal,0,good,grid/train/good/201.png,
6174730db1bc87e38ba1c3d4,screw,fit,0,good,screw/train/good/190.png,
617e867e3126288b86b05d9c,pill,calibration_normal,0,good,pill/train/good/199.png,
617e988bc876d88c1921715c,tile,fit,0,good,tile/train/good/017.png,
617ff4a5dfbef4682b91acec,cable,validation_normal,0,good,cable/train/good/087.png,
618289168dc2f1d124ce96ec,bottle,validation_normal,0,good,bottle/train/good/034.png,
61aad53956e2e8fb63abb29c,cable,fit,0,good,cable/train/good/055.png,
61beb3cdfb8102b9568de3b2,screw,final_test,1,scratch_head,screw/test/scratch_head/016.png,screw/ground_truth/scratch_head/016_mask.png
61c37f208a128812511b24bd,grid,fit,0,good,grid/train/good/232.png,
61c584353866f8961c7988ca,carpet,final_test,0,good,carpet/test/good/027.png,
61cbe0214f8271f8575d4700,tile,calibration_normal,0,good,tile/train/good/075.png,
61d31a5d1a19f0d71a214e9f,grid,fit,0,good,grid/train/good/256.png,
61d31fffc681dc87659bbc95,hazelnut,fit,0,good,hazelnut/train/good/177.png,
61dc7f3c3af7ef391a8c4f69,metal_nut,calibration_normal,0,good,metal_nut/train/good/017.png,
61eabff847b11a773b4bb844,hazelnut,fit,0,good,hazelnut/train/good/299.png,
6204c95174161557c8d03f75,pill,fit,0,good,pill/train/good/051.png,
620abb0dddc561628a69c3fa,hazelnut,fit,0,good,hazelnut/train/good/281.png,
6222185c17cd0ebd258bcf96,transistor,fit,0,good,transistor/train/good/046.png,
622b2de4ce99a989e2c51c78,screw,fit,0,good,screw/train/good/140.png,
62361e16454e62f7b26b1e43,cable,validation_normal,0,good,cable/train/good/100.png,
62363fb8b23359e94ead0d02,screw,calibration_normal,0,good,screw/train/good/192.png,
62465f41896d77af4bef31ec,pill,final_test,1,pill_type,pill/test/pill_type/005.png,pill/ground_truth/pill_type/005_mask.png
625c37d17aea16e11371550f,capsule,fit,0,good,capsule/train/good/035.png,
6267dc877b02ec19e46e2459,leather,fit,0,good,leather/train/good/045.png,
627490e61772fcf2147e6cda,carpet,fit,0,good,carpet/train/good/142.png,
6279ddc3aeea1de5ef580d9e,cable,fit,0,good,cable/train/good/168.png,
627b2207374dc094f6cc62e8,cable,fit,0,good,cable/train/good/088.png,
6298d5f1ba5283afda3c0609,capsule,final_test,1,squeeze,capsule/test/squeeze/007.png,capsule/ground_truth/squeeze/007_mask.png
62a16241f37673bc8459ad96,wood,final_test,1,scratch,wood/test/scratch/009.png,wood/ground_truth/scratch/009_mask.png
62a1e76fc388ae94d37c7312,screw,fit,0,good,screw/train/good/271.png,
62bd465d4ed9d581ef31f997,carpet,fit,0,good,carpet/train/good/274.png,
62be34cf8e9592b812c1781a,wood,validation_normal,0,good,wood/train/good/015.png,
62cbafef7fc2c3d1ded920a1,capsule,fit,0,good,capsule/train/good/176.png,
62ddc3d4599eff6be339d91a,transistor,calibration_normal,0,good,transistor/train/good/160.png,
62e2b0ceec49c73564a3f597,bottle,fit,0,good,bottle/train/good/041.png,
62f49505f35760a0d71a17b8,carpet,selection,1,thread,carpet/test/thread/002.png,carpet/ground_truth/thread/002_mask.png
6301cbca0351ba3c9fa2c81a,pill,fit,0,good,pill/train/good/251.png,
63146862999e77206ed1470c,transistor,fit,0,good,transistor/train/good/207.png,
6314b7e95be6f7627133411f,grid,fit,0,good,grid/train/good/122.png,
63157d8e57272c759508fefc,hazelnut,calibration_normal,0,good,hazelnut/train/good/306.png,
631e965a14ac3bdbb1d29dc7,leather,fit,0,good,leather/train/good/028.png,
6326c147400323fecdd778a8,carpet,fit,0,good,carpet/train/good/032.png,
6338aa112f0eeee5261c6f56,tile,fit,0,good,tile/train/good/212.png,
6347024378689409bfa62c18,wood,final_test,0,good,wood/test/good/017.png,
63592217b7d71c94369666c1,screw,fit,0,good,screw/train/good/317.png,
635d22ca5496a7d819f1893b,carpet,calibration_normal,0,good,carpet/train/good/223.png,
635eb87c2f4e213f97b10f35,tile,calibration_normal,0,good,tile/train/good/106.png,
636aa7d030de20d197d8ac32,grid,fit,0,good,grid/train/good/193.png,
63724c1d6c6de3913c42a624,zipper,final_test,0,good,zipper/test/good/007.png,
637acec75c87811a5274b47b,metal_nut,selection,1,bent,metal_nut/test/bent/012.png,metal_nut/ground_truth/bent/012_mask.png
637d3d785cb34d36e0b08ef0,pill,calibration_normal,0,good,pill/train/good/125.png,
637fd1bc54269a68c428458d,carpet,fit,0,good,carpet/train/good/261.png,
638b6552144c1f867633b4ad,pill,final_test,1,contamination,pill/test/contamination/005.png,pill/ground_truth/contamination/005_mask.png
63a1a8ce8e280e316df34ca1,pill,final_test,1,scratch,pill/test/scratch/007.png,pill/ground_truth/scratch/007_mask.png
63a8bc81416986203945d75e,zipper,fit,0,good,zipper/train/good/156.png,
63b326314b4fffbb10e394bd,hazelnut,selection,0,good,hazelnut/test/good/005.png,
63d4ee4e9ea5d768d035ebe2,cable,fit,0,good,cable/train/good/204.png,
63df715b5cccb6f0a7487222,wood,selection,1,combined,wood/test/combined/002.png,wood/ground_truth/combined/002_mask.png
63e7fc13997030d973ccd2cc,zipper,fit,0,good,zipper/train/good/189.png,
6400b14e2ca6fcc7a1e03bdd,grid,fit,0,good,grid/train/good/070.png,
6406932dc2ebae8d7056f776,pill,calibration_normal,0,good,pill/train/good/032.png,
6412e7e2721d7b583525f61f,tile,fit,0,good,tile/train/good/027.png,
6414afaa22dfded845ff1d48,carpet,calibration_normal,0,good,carpet/train/good/129.png,
64301aeba6385f0f779158bf,transistor,fit,0,good,transistor/train/good/148.png,
6440dabd4fb97383368a79d2,grid,fit,0,good,grid/train/good/062.png,
64541f5e95e47ebe7af24db0,tile,calibration_normal,0,good,tile/train/good/146.png,
645dcb3520ffe51c1c41baf8,wood,calibration_normal,0,good,wood/train/good/022.png,
6464ac342c20853837bf5bde,zipper,fit,0,good,zipper/train/good/129.png,
646966c00bb12adf55d74485,grid,selection,1,thread,grid/test/thread/001.png,grid/ground_truth/thread/001_mask.png
646ec2fb3343cdcd869c321a,hazelnut,fit,0,good,hazelnut/train/good/256.png,
64747a5659af3ea0d62241b5,metal_nut,fit,0,good,metal_nut/train/good/049.png,
64756cb55d06290f2ed654f7,pill,final_test,1,crack,pill/test/crack/002.png,pill/ground_truth/crack/002_mask.png
647dd47abdd049eab9f6919c,toothbrush,validation_normal,0,good,toothbrush/train/good/045.png,
647e9141f7d2a419f012b6cb,capsule,calibration_normal,0,good,capsule/train/good/093.png,
6482df44b308b7210f3630fe,zipper,fit,0,good,zipper/train/good/144.png,
64a157fc8e18716032fc7c97,pill,fit,0,good,pill/train/good/229.png,
64a78703367e909082169824,screw,fit,0,good,screw/train/good/254.png,
64ad2fb2fc509ce5a51512f3,tile,selection,1,gray_stroke,tile/test/gray_stroke/002.png,tile/ground_truth/gray_stroke/002_mask.png
64c1aa0b369f94be5444bc15,bottle,calibration_normal,0,good,bottle/train/good/007.png,
64c3ebc3bbb66abce52840b4,cable,final_test,0,good,cable/test/good/035.png,
64d7d6fc49cb54d42c1d96fc,pill,fit,0,good,pill/train/good/137.png,
64dc1f9efd1f4e92610c7279,metal_nut,final_test,1,color,metal_nut/test/color/011.png,metal_nut/ground_truth/color/011_mask.png
64ea2b3b3d7ad5066ec3e271,hazelnut,selection,0,good,hazelnut/test/good/032.png,
64ef4b1c0116fb52f420106b,tile,fit,0,good,tile/train/good/095.png,
6501b422ef5d8fd1102eabb0,wood,fit,0,good,wood/train/good/224.png,
6517a8b29ac422c1496f3706,carpet,final_test,1,cut,carpet/test/cut/004.png,carpet/ground_truth/cut/004_mask.png
6527304799601355437ae542,grid,fit,0,good,grid/train/good/123.png,
65406fbadd522948e3e9bafd,cable,fit,0,good,cable/train/good/137.png,
65455e5b0336f6b2c99c08e7,tile,selection,1,glue_strip,tile/test/glue_strip/002.png,tile/ground_truth/glue_strip/002_mask.png
6549e0e83e7e6bc58e55fe22,zipper,fit,0,good,zipper/train/good/048.png,
6554a1e26a6ecee9ce0e6f51,metal_nut,final_test,1,bent,metal_nut/test/bent/007.png,metal_nut/ground_truth/bent/007_mask.png
655f0a4569dbbf6e73871eff,pill,fit,0,good,pill/train/good/189.png,
6568a89d25323afefa4d2483,screw,fit,0,good,screw/train/good/066.png,
657f712128b3112dc2f947f4,grid,fit,0,good,grid/train/good/141.png,
65878343760933314264e3ed,bottle,fit,0,good,bottle/train/good/047.png,
658eba909adba07307add23a,screw,fit,0,good,screw/train/good/104.png,
659766e8dae9d2f95b5d10ae,zipper,fit,0,good,zipper/train/good/119.png,
659bd315b6f2b95b1f61563b,zipper,final_test,1,fabric_border,zipper/test/fabric_border/007.png,zipper/ground_truth/fabric_border/007_mask.png
659c4222f58812c9fbafc7e9,metal_nut,final_test,0,good,metal_nut/test/good/015.png,
65a199bdb3a125c68d737a54,metal_nut,final_test,1,color,metal_nut/test/color/003.png,metal_nut/ground_truth/color/003_mask.png
65c61ad220e75f4a9b79533f,toothbrush,final_test,1,defective,toothbrush/test/defective/006.png,toothbrush/ground_truth/defective/006_mask.png
65fe33edef39ca00c8761960,capsule,validation_normal,0,good,capsule/train/good/178.png,
65fed7cde1678d85d792a83e,grid,validation_normal,0,good,grid/train/good/198.png,
6608249c5226ced633751fae,capsule,final_test,0,good,capsule/test/good/010.png,
6615aa9128804e5609a67b18,hazelnut,calibration_normal,0,good,hazelnut/train/good/085.png,
66201e64300069239ef818bd,grid,selection,0,good,grid/test/good/018.png,
662277311af4bb3a777306bf,wood,calibration_normal,0,good,wood/train/good/045.png,
663b2e41bb0eebab146b12c8,wood,validation_normal,0,good,wood/train/good/030.png,
66411808cc895e9a3d7bb6c2,leather,fit,0,good,leather/train/good/096.png,
6641abbc3186121b6279a6e8,hazelnut,fit,0,good,hazelnut/train/good/320.png,
6641c3968821e85acca22eef,capsule,final_test,0,good,capsule/test/good/012.png,
6670233b76cc3b8636387392,carpet,fit,0,good,carpet/train/good/164.png,
667919d0ebe28d36eb7bd0c4,bottle,final_test,1,broken_large,bottle/test/broken_large/015.png,bottle/ground_truth/broken_large/015_mask.png
669b673d2628893cee709596,carpet,fit,0,good,carpet/train/good/216.png,
66b1a5a81d1c09bf2325be4f,screw,final_test,1,thread_side,screw/test/thread_side/004.png,screw/ground_truth/thread_side/004_mask.png
66b37fe155fa5fdec3e4929c,zipper,final_test,1,broken_teeth,zipper/test/broken_teeth/000.png,zipper/ground_truth/broken_teeth/000_mask.png
66be8d7bcfb85f0cc2f2cbd6,transistor,fit,0,good,transistor/train/good/197.png,
66d6ef5ac031a193d0887dbe,hazelnut,final_test,1,crack,hazelnut/test/crack/012.png,hazelnut/ground_truth/crack/012_mask.png
66d949a6a63fc4bfb07e2381,tile,final_test,1,rough,tile/test/rough/008.png,tile/ground_truth/rough/008_mask.png
66de91e0c4f5b9bd56fb180f,screw,final_test,1,scratch_head,screw/test/scratch_head/008.png,screw/ground_truth/scratch_head/008_mask.png
66ff3df5155928dd4fb93889,toothbrush,fit,0,good,toothbrush/train/good/046.png,
670de24ca1a9c0d706d71eff,bottle,fit,0,good,bottle/train/good/005.png,
671c352fb2bb543af13fd3ca,transistor,validation_normal,0,good,transistor/train/good/065.png,
672856d2c0bcb5cd03b022d2,zipper,fit,0,good,zipper/train/good/222.png,
674194b6e7f3275b985977da,capsule,calibration_normal,0,good,capsule/train/good/201.png,
67444429bafe4437d0d8531d,transistor,fit,0,good,transistor/train/good/209.png,
67494aab4e621fcbe924af8f,capsule,calibration_normal,0,good,capsule/train/good/150.png,
674d42733e4b8ac90b0a251c,capsule,calibration_normal,0,good,capsule/train/good/184.png,
6757de6b3f3c654bc2d6a7e7,carpet,selection,0,good,carpet/test/good/025.png,
67651c08f4c978c8e9546e1a,zipper,calibration_normal,0,good,zipper/train/good/149.png,
6768888fc70dc072ebf55a49,transistor,fit,0,good,transistor/train/good/086.png,
6770bbd86b53bfe0d15af53b,hazelnut,fit,0,good,hazelnut/train/good/139.png,
67798766b218916adfba130c,pill,final_test,1,contamination,pill/test/contamination/012.png,pill/ground_truth/contamination/012_mask.png
677a80958da4abd33bf1e887,pill,fit,0,good,pill/train/good/058.png,
67a254b881910c1e1c54b95d,tile,fit,0,good,tile/train/good/060.png,
67a49641a9aade2dbfdcf64f,wood,fit,0,good,wood/train/good/217.png,
67a5f3279931bf080e74b24e,carpet,calibration_normal,0,good,carpet/train/good/272.png,
67ba54175cea6fc3c003345a,transistor,selection,0,good,transistor/test/good/016.png,
67ca7675a57a20dce48ad5cc,cable,selection,1,cut_outer_insulation,cable/test/cut_outer_insulation/001.png,cable/ground_truth/cut_outer_insulation/001_mask.png
67cb16652e97457f0779b6b4,tile,calibration_normal,0,good,tile/train/good/092.png,
67cd1d5ddfdb29f2a63c8b76,cable,fit,0,good,cable/train/good/079.png,
68097a8b5fa80954a34dbcdc,leather,fit,0,good,leather/train/good/106.png,
680ced21b8fb1bc8e689f44e,zipper,final_test,1,fabric_interior,zipper/test/fabric_interior/010.png,zipper/ground_truth/fabric_interior/010_mask.png
68202a6b3c2dbbbabda5706a,tile,final_test,1,oil,tile/test/oil/010.png,tile/ground_truth/oil/010_mask.png
6825e219813d881cac204656,wood,fit,0,good,wood/train/good/195.png,
6827decd4b7d8aa93450b4b4,transistor,fit,0,good,transistor/train/good/195.png,
682f04761d394d3233afb9c0,tile,fit,0,good,tile/train/good/155.png,
683932d09a574179e3980055,grid,fit,0,good,grid/train/good/057.png,
685d9dd33ca6825d175d566b,capsule,final_test,1,poke,capsule/test/poke/007.png,capsule/ground_truth/poke/007_mask.png
6880734f104fd3a1fca68adb,hazelnut,fit,0,good,hazelnut/train/good/162.png,
688b98fdece31a6327158869,capsule,fit,0,good,capsule/train/good/092.png,
689658b6a2351cb4e9b68741,metal_nut,selection,1,scratch,metal_nut/test/scratch/021.png,metal_nut/ground_truth/scratch/021_mask.png
68a5188b446f47ea1a21f30f,wood,fit,0,good,wood/train/good/060.png,
68aa57a9488527ebba8a0e31,hazelnut,fit,0,good,hazelnut/train/good/098.png,
68b07aa8d3b1dc53db2d0a2f,zipper,final_test,1,rough,zipper/test/rough/013.png,zipper/ground_truth/rough/013_mask.png
68b972207abbe8ddf8444e59,transistor,calibration_normal,0,good,transistor/train/good/169.png,
68cb2521186d6bd8c222f7d3,cable,fit,0,good,cable/train/good/037.png,
68d296635239cbd196cef828,screw,validation_normal,0,good,screw/train/good/198.png,
68e2b7fe3eb93c27516744ab,tile,fit,0,good,tile/train/good/096.png,
68f0cf9a2b6a7a0bc8ec189f,cable,final_test,0,good,cable/test/good/050.png,
68f884116abd2f531d3e429a,wood,fit,0,good,wood/train/good/173.png,
68f99cfc7d57cbf20f0536a2,carpet,calibration_normal,0,good,carpet/train/good/170.png,
68ff12186232fce11dde3f55,pill,final_test,0,good,pill/test/good/012.png,
691d172276132930260bad2f,bottle,fit,0,good,bottle/train/good/019.png,
692015fce6a566ceb50b2e87,transistor,final_test,0,good,transistor/test/good/030.png,
6934585cc86e1568f53fab57,leather,validation_normal,0,good,leather/train/good/118.png,
693585f8e0fb3ee8dc3a31e8,capsule,fit,0,good,capsule/train/good/119.png,
69451c08e5f0cff190b8fc23,transistor,fit,0,good,transistor/train/good/085.png,
694cf1b91e70e514a726a382,screw,final_test,1,manipulated_front,screw/test/manipulated_front/013.png,screw/ground_truth/manipulated_front/013_mask.png
69624f40cf77b0b625c303f5,hazelnut,fit,0,good,hazelnut/train/good/231.png,
696987f8c5b766103fac0bc7,pill,final_test,1,crack,pill/test/crack/001.png,pill/ground_truth/crack/001_mask.png
696ccb8b277d299bd5c558e1,capsule,calibration_normal,0,good,capsule/train/good/214.png,
697065ac9514ccd25bd15d8a,screw,fit,0,good,screw/train/good/307.png,
6993114b6856988a77eeba21,grid,final_test,1,metal_contamination,grid/test/metal_contamination/009.png,grid/ground_truth/metal_contamination/009_mask.png
6997ad6f5eb9df6a18866605,grid,fit,0,good,grid/train/good/247.png,
699e816f47b6a5bbb51e4017,leather,fit,0,good,leather/train/good/031.png,
699ee4bbfab52edd86d10c10,leather,final_test,1,color,leather/test/color/015.png,leather/ground_truth/color/015_mask.png
69b0032d55aa0caef0e248da,transistor,selection,0,good,transistor/test/good/044.png,
69cda7985d97da619cd74dcf,bottle,fit,0,good,bottle/train/good/194.png,
69d316b51c68091cac90b7dc,grid,validation_normal,0,good,grid/train/good/262.png,
69f1b16c31c376584de3564b,wood,fit,0,good,wood/train/good/189.png,
6a17ada7583d82142636d6ae,grid,fit,0,good,grid/train/good/019.png,
6a263d531bb21b53be7343da,wood,calibration_normal,0,good,wood/train/good/007.png,
6a266008223b3cb071b48f9c,transistor,fit,0,good,transistor/train/good/198.png,
6a3f91187e7910a805142a37,tile,final_test,1,glue_strip,tile/test/glue_strip/011.png,tile/ground_truth/glue_strip/011_mask.png
6a4ca9e0fa58a1bec3c1da30,wood,fit,0,good,wood/train/good/071.png,
6a51eab80b8ee3f9ed1ccbf1,leather,fit,0,good,leather/train/good/167.png,
6a5a8e4fc6f17c8745934272,zipper,selection,0,good,zipper/test/good/018.png,
6a5b0ad0e0cd95415936a61d,tile,fit,0,good,tile/train/good/173.png,
6a5be126e949254b539354b7,grid,validation_normal,0,good,grid/train/good/073.png,
6a720cd1cff3da4ea7a4987e,carpet,fit,0,good,carpet/train/good/144.png,
6a905f14092ab4498e210528,toothbrush,fit,0,good,toothbrush/train/good/002.png,
6a958b3fb96339f279a34fcc,toothbrush,selection,1,defective,toothbrush/test/defective/017.png,toothbrush/ground_truth/defective/017_mask.png
6a976f0beffe8d4e7276f009,wood,fit,0,good,wood/train/good/001.png,
6a99997453c6a55af8e54d80,leather,final_test,0,good,leather/test/good/012.png,
6ab09da5bde51ef4019b3969,cable,selection,0,good,cable/test/good/013.png,
6ab6d2a78e6ec7eec1c51532,screw,final_test,1,scratch_head,screw/test/scratch_head/011.png,screw/ground_truth/scratch_head/011_mask.png
6abf2dd1fb2db38df27897ca,transistor,final_test,0,good,transistor/test/good/004.png,
6aca8bfb150eba5f19e5e350,cable,final_test,1,cut_outer_insulation,cable/test/cut_outer_insulation/002.png,cable/ground_truth/cut_outer_insulation/002_mask.png
6ad45063cd8af8af545063db,cable,fit,0,good,cable/train/good/157.png,
6ad5ac3a0ec43aacf2a49286,zipper,fit,0,good,zipper/train/good/117.png,
6afc95d5aa3028df00adfc0e,pill,fit,0,good,pill/train/good/110.png,
6afe3786c6d6fdf032655e5c,grid,calibration_normal,0,good,grid/train/good/003.png,
6b040f11017e9dd8ba8c1abf,pill,fit,0,good,pill/train/good/190.png,
6b10288ed93d8c5e001d457f,pill,validation_normal,0,good,pill/train/good/213.png,
6b2ecacc3419ee2fdf48b8d8,bottle,fit,0,good,bottle/train/good/143.png,
6b34d475a14ce2cad0bdd2b4,capsule,calibration_normal,0,good,capsule/train/good/182.png,
6b3d7f8e4ef05096a72046ee,hazelnut,fit,0,good,hazelnut/train/good/372.png,
6b3f64bcf0fa1c9b1fccdf19,zipper,final_test,1,rough,zipper/test/rough/004.png,zipper/ground_truth/rough/004_mask.png
6b752b2bf075c399aaae1d74,hazelnut,final_test,0,good,hazelnut/test/good/007.png,
6b75f33ebab52e76e46225de,metal_nut,fit,0,good,metal_nut/train/good/052.png,
6b793168c4fe0be1047b56e5,metal_nut,fit,0,good,metal_nut/train/good/093.png,
6b8adb5ee49e705ffdb0ecb2,leather,final_test,1,cut,leather/test/cut/017.png,leather/ground_truth/cut/017_mask.png
6b969ff100fc487cba916f92,leather,fit,0,good,leather/train/good/023.png,
6ba2f10f09ce7c18093af66d,grid,final_test,0,good,grid/test/good/005.png,
6ba6dde08bfa9a6c316291bf,pill,final_test,1,crack,pill/test/crack/005.png,pill/ground_truth/crack/005_mask.png
6ba6e95ffde4e283e093dd79,bottle,fit,0,good,bottle/train/good/150.png,
6ba7c35543b7515614b2f811,tile,final_test,1,oil,tile/test/oil/004.png,tile/ground_truth/oil/004_mask.png
6bb7af631a591da6942296a2,metal_nut,fit,0,good,metal_nut/train/good/019.png,
6bce902618429b11dfc84b5f,capsule,final_test,1,squeeze,capsule/test/squeeze/006.png,capsule/ground_truth/squeeze/006_mask.png
6bcec84949317bf08ad7e68c,screw,selection,1,manipulated_front,screw/test/manipulated_front/012.png,screw/ground_truth/manipulated_front/012_mask.png
6bda07dfdba826a9b5fac633,carpet,fit,0,good,carpet/train/good/275.png,
6bde9a35bf716138ed4aadc1,leather,fit,0,good,leather/train/good/069.png,
6be079f3ae582f96ca20f99b,grid,fit,0,good,grid/train/good/115.png,
6bed10ce4bcb1b1112812a0b,cable,fit,0,good,cable/train/good/130.png,
6bf426fa6c4cbadad8539660,pill,calibration_normal,0,good,pill/train/good/014.png,
6bfa8f0a1b8d5fb40a0a32cc,screw,calibration_normal,0,good,screw/train/good/272.png,
6bff20f7207e0e9c9b733ef2,hazelnut,selection,1,hole,hazelnut/test/hole/005.png,hazelnut/ground_truth/hole/005_mask.png
6c0910a9b6286bf1209db65a,wood,final_test,1,combined,wood/test/combined/001.png,wood/ground_truth/combined/001_mask.png
6c09624c3435adf76477682f,transistor,fit,0,good,transistor/train/good/006.png,
6c1248c46453d1509184a2e0,hazelnut,fit,0,good,hazelnut/train/good/207.png,
6c29fbb6b8a2c6c70ab73770,screw,fit,0,good,screw/train/good/071.png,
6c3824d507f4a55e201e514c,metal_nut,fit,0,good,metal_nut/train/good/027.png,
6c47cbaa560039d0f3cb2d23,bottle,calibration_normal,0,good,bottle/train/good/069.png,
6c4e9f7744f3149d06c7babd,metal_nut,fit,0,good,metal_nut/train/good/121.png,
6c5004c32e80951c026c9bfe,screw,fit,0,good,screw/train/good/210.png,
6c77a19eb1c3d66536ec566e,carpet,fit,0,good,carpet/train/good/062.png,
6c78ba02e7777f3b40ad2662,wood,final_test,0,good,wood/test/good/013.png,
6c7e8768ec766cd692408a5a,hazelnut,fit,0,good,hazelnut/train/good/301.png,
6c8b4e06ae3a8b7e596ac24c,pill,final_test,1,scratch,pill/test/scratch/000.png,pill/ground_truth/scratch/000_mask.png
6c94b34c602b63090d7ef711,screw,fit,0,good,screw/train/good/078.png,
6c962077c53297165f47e5e6,hazelnut,fit,0,good,hazelnut/train/good/227.png,
6c984f790a0cfcfb9890c5b3,screw,final_test,0,good,screw/test/good/013.png,
6c9dd853b90eabd379548d7d,carpet,fit,0,good,carpet/train/good/113.png,
6ca219826f59aaca6f7ccf3e,screw,fit,0,good,screw/train/good/215.png,
6cc130fdc46a034cef70407f,screw,calibration_normal,0,good,screw/train/good/100.png,
6cc67bcab01bffb255218eba,tile,fit,0,good,tile/train/good/141.png,
6cc8fb2e25c7743d1d60a2ca,metal_nut,fit,0,good,metal_nut/train/good/206.png,
6cd3f0706224ffdddc7b199c,screw,fit,0,good,screw/train/good/084.png,
6cd5c69b352c70bc6cbce75e,metal_nut,validation_normal,0,good,metal_nut/train/good/118.png,
6cd8d03bdf755ebab2aa0c79,wood,fit,0,good,wood/train/good/117.png,
6cdb8575a38606a4f458d033,pill,fit,0,good,pill/train/good/196.png,
6cfe8a5a04cd0a8f5529e938,capsule,final_test,1,scratch,capsule/test/scratch/003.png,capsule/ground_truth/scratch/003_mask.png
6d1454cc8e4e23dc95f2ccfd,carpet,fit,0,good,carpet/train/good/080.png,
6d282518f5244ac0bd64697a,screw,selection,1,manipulated_front,screw/test/manipulated_front/014.png,screw/ground_truth/manipulated_front/014_mask.png
6d317e96cea9d48abdf2596f,bottle,final_test,1,broken_large,bottle/test/broken_large/013.png,bottle/ground_truth/broken_large/013_mask.png
6d347ed886a7c2dfc3456c93,bottle,fit,0,good,bottle/train/good/103.png,
6d38c9011b4307c8b9a5fc4c,carpet,fit,0,good,carpet/train/good/002.png,
6d3b53afc6e11637823cf208,leather,fit,0,good,leather/train/good/161.png,
6d4664c6cd68afbafb1e987d,cable,fit,0,good,cable/train/good/075.png,
6d46f34deb6e325845a7ec86,tile,final_test,1,crack,tile/test/crack/008.png,tile/ground_truth/crack/008_mask.png
6d48365b9abe6890d9e440ea,bottle,validation_normal,0,good,bottle/train/good/115.png,
6d5e850e76c23b5d5292cb2b,cable,fit,0,good,cable/train/good/046.png,
6d620226378df48379ce33c2,hazelnut,fit,0,good,hazelnut/train/good/333.png,
6d93b4806a99d74d0f0cb862,hazelnut,fit,0,good,hazelnut/train/good/348.png,
6dbd36ac4545591e1d38e915,transistor,selection,0,good,transistor/test/good/019.png,
6dc0c5b5ba35a401fb01fe4d,screw,final_test,0,good,screw/test/good/036.png,
6dc10eb0cd7de50f751d459a,carpet,calibration_normal,0,good,carpet/train/good/181.png,
6dd2082f11f97a7e7969c9ca,grid,fit,0,good,grid/train/good/205.png,
6dd3175ef8f369f84517c94c,zipper,final_test,1,combined,zipper/test/combined/013.png,zipper/ground_truth/combined/013_mask.png
6de062f6b40d2c9c944d8116,transistor,final_test,0,good,transistor/test/good/057.png,
6de10f1646ac04f41f2e31ff,transistor,final_test,0,good,transistor/test/good/022.png,
6de164aa00482da2725df28e,hazelnut,validation_normal,0,good,hazelnut/train/good/143.png,
6de5237558bd0842e6fb5460,transistor,fit,0,good,transistor/train/good/097.png,
6de97c1647e9caf9a1b7a874,transistor,validation_normal,0,good,transistor/train/good/074.png,
6df00b45eb83481fdc7ae9b4,wood,calibration_normal,0,good,wood/train/good/063.png,
6df2f07132826f351b61eca3,carpet,fit,0,good,carpet/train/good/044.png,
6dff631737a4166f82ee22e5,zipper,final_test,1,broken_teeth,zipper/test/broken_teeth/008.png,zipper/ground_truth/broken_teeth/008_mask.png
6dff9b05c69f598a182e9c6e,metal_nut,final_test,0,good,metal_nut/test/good/014.png,
6e1b04cfab667b6c281498bc,capsule,final_test,1,squeeze,capsule/test/squeeze/018.png,capsule/ground_truth/squeeze/018_mask.png
6e24396e206e637818c35cd9,metal_nut,calibration_normal,0,good,metal_nut/train/good/165.png,
6e4c18de480f7e70ec1599bf,screw,final_test,1,scratch_head,screw/test/scratch_head/021.png,screw/ground_truth/scratch_head/021_mask.png
6e606a12f1658207fd7b35f8,cable,validation_normal,0,good,cable/train/good/060.png,
6e6556c90036ffe396986ed0,carpet,final_test,1,thread,carpet/test/thread/010.png,carpet/ground_truth/thread/010_mask.png
6e68ad607d120cd6857508b4,capsule,selection,1,squeeze,capsule/test/squeeze/004.png,capsule/ground_truth/squeeze/004_mask.png
6e6b6f8e9a86fca3c6f5dd16,bottle,calibration_normal,0,good,bottle/train/good/099.png,
6e6e4ab701e63010f6efac3d,grid,fit,0,good,grid/train/good/260.png,
6e7dbcc489c9c9b054477361,carpet,fit,0,good,carpet/train/good/236.png,
6e7dfac8089daa6b3e138762,leather,calibration_normal,0,good,leather/train/good/030.png,
6e89eb7b54b9d375eeaa6498,pill,fit,0,good,pill/train/good/234.png,
6e8e9315a54eb4a6874dfcd9,screw,calibration_normal,0,good,screw/train/good/129.png,
6e97c44b6e16a011fe53b448,screw,validation_normal,0,good,screw/train/good/313.png,
6e98d2be48e56aefd1befa7d,leather,validation_normal,0,good,leather/train/good/040.png,
6ea13433914e6ff93cd7d71a,metal_nut,final_test,0,good,metal_nut/test/good/016.png,
6ea3e256472e88712e37bae6,carpet,fit,0,good,carpet/train/good/191.png,
6ecb792da6e8c3bd152f9aeb,grid,final_test,0,good,grid/test/good/019.png,
6ed81c75c813009b4fb5e911,grid,fit,0,good,grid/train/good/171.png,
6ee174ad6b626432c69f11dc,screw,fit,0,good,screw/train/good/278.png,
6ee84af3dc8dd8cc3b903653,transistor,calibration_normal,0,good,transistor/train/good/171.png,
6eecd38eb7e87ae470927a5f,toothbrush,validation_normal,0,good,toothbrush/train/good/020.png,
6f0d16fd2bf203e0103ee25d,wood,validation_normal,0,good,wood/train/good/076.png,
6f1286e61abaf6f2857b27e9,leather,fit,0,good,leather/train/good/163.png,
6f2dcca2e5b1376fb79bccef,hazelnut,validation_normal,0,good,hazelnut/train/good/343.png,
6f2e03dbd489227c0f8b790d,wood,final_test,1,color,wood/test/color/007.png,wood/ground_truth/color/007_mask.png
6f52977182af4c7959f58119,wood,validation_normal,0,good,wood/train/good/079.png,
6f6860fc6694d7acfa244baa,tile,selection,0,good,tile/test/good/031.png,
6f695ff13f7b90d341d83d05,capsule,calibration_normal,0,good,capsule/train/good/001.png,
6f724a05aa68e1defce905b1,transistor,fit,0,good,transistor/train/good/201.png,
6f75e7d1a9e42a70b6810b47,tile,fit,0,good,tile/train/good/196.png,
6f9c4aa251dda2c65757f410,transistor,fit,0,good,transistor/train/good/026.png,
6f9f6241ba729913d73e4c98,zipper,fit,0,good,zipper/train/good/227.png,
6fa65cb14b43ecd4f627774b,hazelnut,validation_normal,0,good,hazelnut/train/good/054.png,
6fa6f90804dadbbab227a4b0,hazelnut,fit,0,good,hazelnut/train/good/104.png,
6fab295cbc1d14084df2f760,wood,fit,0,good,wood/train/good/039.png,
6fb2aab25c0c6aeca31b48b8,tile,fit,0,good,tile/train/good/221.png,
6fb2fe540c26c5d00a213ffa,screw,fit,0,good,screw/train/good/306.png,
6fb80071a32d8970762d6d4b,wood,calibration_normal,0,good,wood/train/good/138.png,
6fbfcd3ab974658914072240,transistor,fit,0,good,transistor/train/good/135.png,
6fc736491eb0ba9b9c8c9643,capsule,validation_normal,0,good,capsule/train/good/061.png,
6fd6b85e420022d0e97b2fa3,bottle,fit,0,good,bottle/train/good/032.png,
6fe5067676c8d171b79876a9,transistor,validation_normal,0,good,transistor/train/good/003.png,
6ff36eb0da1ab9963fe4c8e5,carpet,fit,0,good,carpet/train/good/190.png,
700d9321caff82b804cae8f3,capsule,fit,0,good,capsule/train/good/005.png,
700f891b4bd06cb8121dd9c1,bottle,validation_normal,0,good,bottle/train/good/036.png,
7012eeb2ae5c9b403b5d5d1c,transistor,final_test,0,good,transistor/test/good/050.png,
7026b2232c8eb6fd13560766,pill,selection,1,combined,pill/test/combined/008.png,pill/ground_truth/combined/008_mask.png
702ae79b591e557529b584b6,carpet,fit,0,good,carpet/train/good/079.png,
702c5bbd8f4f11a8da8ee519,metal_nut,fit,0,good,metal_nut/train/good/108.png,
703687e0b1002d139e6d4017,pill,fit,0,good,pill/train/good/043.png,
703ba2e937f8d9e130e56d31,tile,validation_normal,0,good,tile/train/good/179.png,
704881b2b53c19c56b8d37dc,bottle,final_test,1,contamination,bottle/test/contamination/000.png,bottle/ground_truth/contamination/000_mask.png
705dbcbad6157004fe7d135e,transistor,calibration_normal,0,good,transistor/train/good/056.png,
7060c3f24d99c9d78fcdb092,metal_nut,selection,1,flip,metal_nut/test/flip/004.png,metal_nut/ground_truth/flip/004_mask.png
706110cc61ed8c15029565c0,leather,fit,0,good,leather/train/good/091.png,
706de783efadae624c43055b,toothbrush,fit,0,good,toothbrush/train/good/053.png,
70af595fea94bff78632efd6,metal_nut,validation_normal,0,good,metal_nut/train/good/178.png,
70b87647c6f2712e08be6456,bottle,selection,1,contamination,bottle/test/contamination/008.png,bottle/ground_truth/contamination/008_mask.png
70c626bd9b66afce3ff42dba,screw,fit,0,good,screw/train/good/031.png,
70cd10e1f242432ed0b954b2,tile,validation_normal,0,good,tile/train/good/025.png,
70cdb39e3b458d81a6519edb,transistor,calibration_normal,0,good,transistor/train/good/091.png,
70cf01b9f948ccef4d2715c3,zipper,fit,0,good,zipper/train/good/213.png,
70e5d6fe4cc814238c1744cc,tile,fit,0,good,tile/train/good/191.png,
70e76848b1448a751d7fb39e,grid,fit,0,good,grid/train/good/095.png,
70ee2925507de7f65cdf2b4e,zipper,fit,0,good,zipper/train/good/160.png,
70f4b0db0d023ff1ff948a2d,pill,validation_normal,0,good,pill/train/good/017.png,
710a12990d9160d1037c7a29,screw,fit,0,good,screw/train/good/009.png,
711c1b4f4d0c1c143cf63e22,bottle,validation_normal,0,good,bottle/train/good/075.png,
71312d9e08a9757f0d3de704,toothbrush,selection,1,defective,toothbrush/test/defective/013.png,toothbrush/ground_truth/defective/013_mask.png
71437d1eeec977a9f10df514,grid,calibration_normal,0,good,grid/train/good/079.png,
714616b3c12a2ab4511a4149,metal_nut,final_test,1,bent,metal_nut/test/bent/010.png,metal_nut/ground_truth/bent/010_mask.png
7158f8cea1b0b40158bd6c52,cable,fit,0,good,cable/train/good/142.png,
715e31ab8fd41ed34ed38d85,cable,fit,0,good,cable/train/good/197.png,
7177ef2237549f433e401f94,bottle,final_test,0,good,bottle/test/good/002.png,
71787b6e81ac0335b21f9db0,metal_nut,calibration_normal,0,good,metal_nut/train/good/104.png,
71813719b75515978173ef82,carpet,selection,1,thread,carpet/test/thread/009.png,carpet/ground_truth/thread/009_mask.png
71889ce8b9002568cf4d3ec6,grid,fit,0,good,grid/train/good/219.png,
718b00f77d5ffd41d62ad146,leather,validation_normal,0,good,leather/train/good/148.png,
71a1b73c24a694e18456f1ab,pill,final_test,1,faulty_imprint,pill/test/faulty_imprint/002.png,pill/ground_truth/faulty_imprint/002_mask.png
71a22752ae46a387c18e1917,screw,calibration_normal,0,good,screw/train/good/184.png,
71b61b166e1a693d0184ce94,screw,final_test,0,good,screw/test/good/018.png,
71bd38afa21ca85a1930c77a,zipper,fit,0,good,zipper/train/good/051.png,
71cd208817c97f15f5fb0b01,zipper,fit,0,good,zipper/train/good/105.png,
71d1c0d5d5d2b3d168c7e1f3,grid,final_test,1,broken,grid/test/broken/001.png,grid/ground_truth/broken/001_mask.png
71f3077a0540ca11a0f6fb16,zipper,selection,1,squeezed_teeth,zipper/test/squeezed_teeth/013.png,zipper/ground_truth/squeezed_teeth/013_mask.png
71f517e9755cac77ecf2bf29,zipper,selection,0,good,zipper/test/good/010.png,
721bfa8193ba3e7a3bab3f21,metal_nut,fit,0,good,metal_nut/train/good/026.png,
722068fbe1846e1ad3f3ad8c,screw,selection,1,thread_top,screw/test/thread_top/004.png,screw/ground_truth/thread_top/004_mask.png
722237a6b439fa0c4ca97424,screw,final_test,1,thread_side,screw/test/thread_side/021.png,screw/ground_truth/thread_side/021_mask.png
72428f6307f3fad4c153ec3b,capsule,final_test,1,scratch,capsule/test/scratch/015.png,capsule/ground_truth/scratch/015_mask.png
724fcaff027da3751cec039a,transistor,calibration_normal,0,good,transistor/train/good/129.png,
7275fdc3c285a44539fdfad0,cable,final_test,1,cut_inner_insulation,cable/test/cut_inner_insulation/009.png,cable/ground_truth/cut_inner_insulation/009_mask.png
72780c0bf94a103e61a76236,metal_nut,final_test,1,flip,metal_nut/test/flip/010.png,metal_nut/ground_truth/flip/010_mask.png
727f095f1733bd7006238c01,transistor,selection,0,good,transistor/test/good/040.png,
72989fae7fc6de665006dae4,metal_nut,fit,0,good,metal_nut/train/good/215.png,
72998032b14381e538830ffc,bottle,fit,0,good,bottle/train/good/174.png,
72b2bf010ace0334409f4802,tile,fit,0,good,tile/train/good/111.png,
72bf1a98c8bfba2427f2a0a2,toothbrush,validation_normal,0,good,toothbrush/train/good/050.png,
72d0110c913560cc74a7cbf7,capsule,fit,0,good,capsule/train/good/049.png,
72e07ad163df75d2970233ab,bottle,final_test,1,broken_small,bottle/test/broken_small/004.png,bottle/ground_truth/broken_small/004_mask.png
72e8a06ad3eec628cee13e45,cable,final_test,0,good,cable/test/good/014.png,
72ee3ea9b91cae97b5ec9422,leather,final_test,1,poke,leather/test/poke/002.png,leather/ground_truth/poke/002_mask.png
72ee950f5de83b0ae0156031,transistor,calibration_normal,0,good,transistor/train/good/122.png,
72efd3d8f19ba39d2b4f1be4,pill,selection,0,good,pill/test/good/009.png,
72f3415e8e2295b363e46788,wood,selection,1,color,wood/test/color/005.png,wood/ground_truth/color/005_mask.png
72f55162338247783b669a4c,capsule,validation_normal,0,good,capsule/train/good/162.png,
72f5aed599288ed28523a752,hazelnut,final_test,1,crack,hazelnut/test/crack/004.png,hazelnut/ground_truth/crack/004_mask.png
72f8a908f815167440667668,hazelnut,calibration_normal,0,good,hazelnut/train/good/060.png,
7306011c69d83e0b880884d1,screw,final_test,0,good,screw/test/good/035.png,
730a7d207cb736690bcb9cd6,metal_nut,fit,0,good,metal_nut/train/good/161.png,
730e638bfcfa37dc3a269b6b,screw,fit,0,good,screw/train/good/040.png,
7312cd2b071213516db289de,zipper,fit,0,good,zipper/train/good/023.png,
7319da08b435da04287e90df,zipper,selection,1,broken_teeth,zipper/test/broken_teeth/017.png,zipper/ground_truth/broken_teeth/017_mask.png
731ca7b61157713f5aa119b2,hazelnut,validation_normal,0,good,hazelnut/train/good/366.png,
732eba2b1c06d34e6bffde36,hazelnut,fit,0,good,hazelnut/train/good/237.png,
7332303e0a4f229ce9a8aaad,cable,validation_normal,0,good,cable/train/good/032.png,
73369a40108f45bac8c918f2,capsule,fit,0,good,capsule/train/good/199.png,
733bff146d8960d0ab49984e,hazelnut,fit,0,good,hazelnut/train/good/238.png,
733f5aa2d63b3d3b25c666a2,hazelnut,selection,1,crack,hazelnut/test/crack/008.png,hazelnut/ground_truth/crack/008_mask.png
734f88947e0f2fdd8a2481d9,metal_nut,final_test,1,scratch,metal_nut/test/scratch/005.png,metal_nut/ground_truth/scratch/005_mask.png
7352de454f70315227584f3b,capsule,validation_normal,0,good,capsule/train/good/213.png,
73553dce675a0506503c64c7,pill,selection,1,color,pill/test/color/009.png,pill/ground_truth/color/009_mask.png
73561e20a5a3c8a60a9ce967,pill,final_test,1,faulty_imprint,pill/test/faulty_imprint/000.png,pill/ground_truth/faulty_imprint/000_mask.png
736a51cea7e3091e5beeb706,leather,final_test,1,color,leather/test/color/001.png,leather/ground_truth/color/001_mask.png
7376fd2210ac4e21898119c9,pill,fit,0,good,pill/train/good/122.png,
737e2c2d95276e0fc72cdee1,transistor,fit,0,good,transistor/train/good/066.png,
738c06a44707f3c42d85edee,carpet,fit,0,good,carpet/train/good/017.png,
739600825d8c09af1616e2c9,metal_nut,fit,0,good,metal_nut/train/good/203.png,
73a6aa9b362ffb44a91357fa,metal_nut,fit,0,good,metal_nut/train/good/212.png,
73af6f916f7b6c7e9ac76c55,capsule,fit,0,good,capsule/train/good/090.png,
73b4421b84701d604aff33cb,toothbrush,validation_normal,0,good,toothbrush/train/good/009.png,
73c6dcd8e170a46c5be2e1d5,tile,selection,1,rough,tile/test/rough/007.png,tile/ground_truth/rough/007_mask.png
73cb01ffb68225a03c9bdbd5,zipper,fit,0,good,zipper/train/good/086.png,
73cd37ce51073b01a5a45438,carpet,calibration_normal,0,good,carpet/train/good/068.png,
73d547d6db466702dc11c609,capsule,selection,0,good,capsule/test/good/019.png,
73db9553fd3c5274f2d6c69e,hazelnut,fit,0,good,hazelnut/train/good/390.png,
73de092b01a4a66840333d87,cable,fit,0,good,cable/train/good/177.png,
73e420788af450efd2a09e5f,zipper,fit,0,good,zipper/train/good/041.png,
73e9ed5f7924ae64e2187243,pill,fit,0,good,pill/train/good/160.png,
7400645bdc6acc821ab8c108,transistor,final_test,1,damaged_case,transistor/test/damaged_case/007.png,transistor/ground_truth/damaged_case/007_mask.png
74026df55f8e542edd3304f0,wood,final_test,1,scratch,wood/test/scratch/004.png,wood/ground_truth/scratch/004_mask.png
7405ed0a3b1fa66aa09a73f0,zipper,selection,1,fabric_interior,zipper/test/fabric_interior/008.png,zipper/ground_truth/fabric_interior/008_mask.png
740d3709371bb2ea77277ae9,metal_nut,fit,0,good,metal_nut/train/good/012.png,
7410d32efa1047aa5969b4d9,transistor,selection,0,good,transistor/test/good/013.png,
741dbdff786de3629962f46a,metal_nut,final_test,1,bent,metal_nut/test/bent/001.png,metal_nut/ground_truth/bent/001_mask.png
741fb71c00f697863d8e4f1d,leather,fit,0,good,leather/train/good/018.png,
74254ec68ef72d6c348b3068,screw,fit,0,good,screw/train/good/291.png,
743cbc8ebb97e2ef5b8020b8,zipper,calibration_normal,0,good,zipper/train/good/168.png,
747641628c2296054963b62d,capsule,final_test,0,good,capsule/test/good/006.png,
74970acfdb84993ee567fe56,wood,fit,0,good,wood/train/good/188.png,
74a0e9d68d758020e63c3a24,cable,selection,1,poke_insulation,cable/test/poke_insulation/000.png,cable/ground_truth/poke_insulation/000_mask.png
74b64c24695f214399ed137f,grid,fit,0,good,grid/train/good/147.png,
74b79b7c20b24857ea6328e7,metal_nut,calibration_normal,0,good,metal_nut/train/good/033.png,
74bbc9f1e526ea7ad942a203,transistor,validation_normal,0,good,transistor/train/good/121.png,
74c10cd740ab3324533fc492,tile,final_test,1,gray_stroke,tile/test/gray_stroke/012.png,tile/ground_truth/gray_stroke/012_mask.png
74cb72ca33c1446557cca5aa,transistor,selection,1,cut_lead,transistor/test/cut_lead/003.png,transistor/ground_truth/cut_lead/003_mask.png
74e9de49fff1201d162a0943,leather,fit,0,good,leather/train/good/195.png,
74eebccaf890aef5e4e5207c,carpet,validation_normal,0,good,carpet/train/good/176.png,
74fba390b334c72c002c857f,wood,fit,0,good,wood/train/good/145.png,
750d03fee2d0313fd4c9a8c1,bottle,final_test,1,contamination,bottle/test/contamination/001.png,bottle/ground_truth/contamination/001_mask.png
750deac0431c78548ce67c3a,leather,fit,0,good,leather/train/good/123.png,
752335e220fdb1e88adce007,bottle,fit,0,good,bottle/train/good/078.png,
75477bf4ec28b51847961154,carpet,calibration_normal,0,good,carpet/train/good/155.png,
7562545a88b82149a605cb02,toothbrush,final_test,1,defective,toothbrush/test/defective/021.png,toothbrush/ground_truth/defective/021_mask.png
7569d6f863a6002b341fab06,capsule,validation_normal,0,good,capsule/train/good/080.png,
756e768e13cbd261334c9a73,zipper,fit,0,good,zipper/train/good/089.png,
7571c6209f9020fd2e2b3bdb,toothbrush,fit,0,good,toothbrush/train/good/039.png,
758086edcb95c173d597c477,zipper,final_test,0,good,zipper/test/good/031.png,
758dca25769ba2b487368f8a,leather,validation_normal,0,good,leather/train/good/164.png,
759f6bff4d9ef9c7b9b4c8fc,leather,fit,0,good,leather/train/good/000.png,
75c215223d89bc9929c491d3,bottle,fit,0,good,bottle/train/good/120.png,
75da6470bd8937b1c5f5365e,cable,selection,1,cut_outer_insulation,cable/test/cut_outer_insulation/006.png,cable/ground_truth/cut_outer_insulation/006_mask.png
75e4e7ab73146b5f789aeec1,hazelnut,fit,0,good,hazelnut/train/good/003.png,
75eaf25d3f2558d4daa669d0,capsule,fit,0,good,capsule/train/good/037.png,
75efdfc33eb5d6c003dee0b7,hazelnut,final_test,1,crack,hazelnut/test/crack/006.png,hazelnut/ground_truth/crack/006_mask.png
7600214e516f38ecf1f70da6,metal_nut,final_test,1,flip,metal_nut/test/flip/008.png,metal_nut/ground_truth/flip/008_mask.png
760a73260ff6de39c17c56ac,carpet,final_test,1,thread,carpet/test/thread/007.png,carpet/ground_truth/thread/007_mask.png
761e01a7faf5581f18c9c048,pill,fit,0,good,pill/train/good/177.png,
762c5b11ff32eb8167819609,hazelnut,fit,0,good,hazelnut/train/good/388.png,
7631be218f34a612d2799a53,transistor,final_test,1,bent_lead,transistor/test/bent_lead/004.png,transistor/ground_truth/bent_lead/004_mask.png
7641dd41ae7803eb74b029ac,zipper,fit,0,good,zipper/train/good/088.png,
764692ca6d7bff52b797ab0c,pill,fit,0,good,pill/train/good/050.png,
7660d965b0d6e020c335e4b0,bottle,validation_normal,0,good,bottle/train/good/020.png,
766b79c002a4544def530e34,hazelnut,fit,0,good,hazelnut/train/good/058.png,
767ed34402275add99a8d2f9,capsule,fit,0,good,capsule/train/good/064.png,
7697bb9faa0cfb27fbe41f1a,screw,fit,0,good,screw/train/good/021.png,
76a7439e13cbf91d322daff4,hazelnut,validation_normal,0,good,hazelnut/train/good/103.png,
76c8d489761a1bebaae1c8b2,wood,fit,0,good,wood/train/good/178.png,
76cf5b64ac4da58532e9c7d9,carpet,final_test,1,hole,carpet/test/hole/006.png,carpet/ground_truth/hole/006_mask.png
76d4c36563f438d002e4f0a0,grid,fit,0,good,grid/train/good/059.png,
76d9c770b691e9c44706494e,grid,fit,0,good,grid/train/good/240.png,
76e11e25934a0c8539eb83b2,metal_nut,fit,0,good,metal_nut/train/good/158.png,
76f25b5e1a803467f3b85bd7,pill,fit,0,good,pill/train/good/147.png,
76f30970c5c9509ca2ac5f53,cable,fit,0,good,cable/train/good/070.png,
770439e931945153c9e4dab7,tile,fit,0,good,tile/train/good/132.png,
771a41baf35f9d4cf97f32ec,wood,fit,0,good,wood/train/good/232.png,
7724832fe917a0911e088d4c,hazelnut,fit,0,good,hazelnut/train/good/171.png,
772957cea071817ee85a9083,zipper,validation_normal,0,good,zipper/train/good/178.png,
774dde3888460a6c206a1ccc,capsule,calibration_normal,0,good,capsule/train/good/032.png,
77543ec451b68c644ebd1456,grid,fit,0,good,grid/train/good/104.png,
7756a03f9565e64f40c873ac,grid,fit,0,good,grid/train/good/061.png,
7759643f44a66c9f05312bf3,metal_nut,calibration_normal,0,good,metal_nut/train/good/159.png,
777618179d59053a8e7e6ac9,wood,final_test,0,good,wood/test/good/004.png,
778229b2897e5803739690a9,screw,final_test,1,thread_side,screw/test/thread_side/011.png,screw/ground_truth/thread_side/011_mask.png
7784401b577bba5e3e5d128c,leather,selection,0,good,leather/test/good/027.png,
7784e509319d4450fb048064,leather,fit,0,good,leather/train/good/239.png,
778f1704a2d590753ff53fdf,metal_nut,validation_normal,0,good,metal_nut/train/good/169.png,
77b6843852c7179fe7cf9153,carpet,final_test,0,good,carpet/test/good/005.png,
77bc44ba38636ea2be0f9d0a,tile,final_test,1,rough,tile/test/rough/012.png,tile/ground_truth/rough/012_mask.png
77c6ba63bf619f3926d1c80c,zipper,fit,0,good,zipper/train/good/192.png,
77dc41bd81b2eba2feb311df,grid,fit,0,good,grid/train/good/225.png,
77ecb5cba53eec3593e5825c,toothbrush,final_test,0,good,toothbrush/test/good/004.png,
7802cb886947e9220e03134f,hazelnut,validation_normal,0,good,hazelnut/train/good/122.png,
7815dcba895e00513e5e49f8,metal_nut,fit,0,good,metal_nut/train/good/117.png,
78296d20f2a33b65400c3e7a,cable,fit,0,good,cable/train/good/112.png,
78432da85714dd8026bef97a,metal_nut,fit,0,good,metal_nut/train/good/132.png,
787841f877e6003777ca4f38,hazelnut,fit,0,good,hazelnut/train/good/106.png,
787ecbf23897e5e01052bb0f,carpet,final_test,1,hole,carpet/test/hole/009.png,carpet/ground_truth/hole/009_mask.png
788ebd7230b886c514c48842,pill,fit,0,good,pill/train/good/059.png,
78900ce6762e9122bb8fedd3,pill,fit,0,good,pill/train/good/138.png,
78995a33bc64509f01afda30,bottle,selection,0,good,bottle/test/good/009.png,
78aba1e8a9838d441f9b191f,bottle,selection,1,broken_small,bottle/test/broken_small/003.png,bottle/ground_truth/broken_small/003_mask.png
78b59e74e35f7e24c303663f,transistor,fit,0,good,transistor/train/good/099.png,
78bc1e03f1a7cdd6bde6956d,hazelnut,fit,0,good,hazelnut/train/good/244.png,
78ce610020a8b3cfd89f7f6f,transistor,validation_normal,0,good,transistor/train/good/131.png,
78e1fda376b8c7a48100c8a9,leather,fit,0,good,leather/train/good/194.png,
78e9dcc7436f8ed3b7daeaa3,cable,fit,0,good,cable/train/good/161.png,
790614a445fcf9141cfc7d98,cable,selection,0,good,cable/test/good/048.png,
79298709b63de5d1c034bc8f,zipper,final_test,1,rough,zipper/test/rough/011.png,zipper/ground_truth/rough/011_mask.png
7942ddd7e6cbe3531731bf5b,capsule,fit,0,good,capsule/train/good/203.png,
7960bdaa41030572e0b76938,leather,selection,1,cut,leather/test/cut/016.png,leather/ground_truth/cut/016_mask.png
796382005815ff3cc3e62a8f,leather,fit,0,good,leather/train/good/160.png,
796ec85c238c63763e8a22c2,leather,final_test,1,fold,leather/test/fold/014.png,leather/ground_truth/fold/014_mask.png
797af7c17058dbf1678236fd,leather,final_test,1,fold,leather/test/fold/008.png,leather/ground_truth/fold/008_mask.png
798e7c3ff97eef9b3ec21892,pill,calibration_normal,0,good,pill/train/good/038.png,
7997abd2b130cab0854cefe7,wood,fit,0,good,wood/train/good/216.png,
79990fca42b56a29641ed820,hazelnut,selection,1,crack,hazelnut/test/crack/014.png,hazelnut/ground_truth/crack/014_mask.png
79b14ddf9573ec934522a4b8,grid,validation_normal,0,good,grid/train/good/022.png,
79b397fcbadfc3cad30a9dc8,pill,final_test,1,pill_type,pill/test/pill_type/004.png,pill/ground_truth/pill_type/004_mask.png
79c0911a4e64e2965064db89,leather,final_test,1,glue,leather/test/glue/016.png,leather/ground_truth/glue/016_mask.png
79c58cba28632573a3f10da7,wood,validation_normal,0,good,wood/train/good/169.png,
79cbda75622c31b9df5ee09a,wood,fit,0,good,wood/train/good/029.png,
79ce87ee8a9d5ac2cb97107b,capsule,final_test,1,crack,capsule/test/crack/020.png,capsule/ground_truth/crack/020_mask.png
79d7bbd0b7ab6ab893809684,wood,fit,0,good,wood/train/good/201.png,
79dfc2bcf7e0d09ff6997bf9,metal_nut,final_test,1,flip,metal_nut/test/flip/011.png,metal_nut/ground_truth/flip/011_mask.png
79e838b5c1977c53bf1cbc08,hazelnut,final_test,1,hole,hazelnut/test/hole/008.png,hazelnut/ground_truth/hole/008_mask.png
79ee4034ad8a00d4e7232f2d,pill,calibration_normal,0,good,pill/train/good/217.png,
79f5abdf42f4ee38266d2418,metal_nut,final_test,1,scratch,metal_nut/test/scratch/008.png,metal_nut/ground_truth/scratch/008_mask.png
7a00af6325e0eb2505a6a9ec,cable,final_test,1,combined,cable/test/combined/005.png,cable/ground_truth/combined/005_mask.png
7a03a1a5b54bd7b6e3af1b83,leather,fit,0,good,leather/train/good/184.png,
7a07b85097f53e5596ee946f,leather,selection,1,glue,leather/test/glue/004.png,leather/ground_truth/glue/004_mask.png
7a07e751abd8bdb1e99641b6,wood,calibration_normal,0,good,wood/train/good/130.png,
7a091525b50eb476d9306021,zipper,fit,0,good,zipper/train/good/102.png,
7a12fcafadfbf5ffaf2c7e30,bottle,final_test,1,broken_large,bottle/test/broken_large/016.png,bottle/ground_truth/broken_large/016_mask.png
7a14880db2a4e2bad53b2397,tile,fit,0,good,tile/train/good/157.png,
7a161006402596ff1c45996b,screw,calibration_normal,0,good,screw/train/good/195.png,
7a18eb048c7f5f4ff5dcb9d0,pill,fit,0,good,pill/train/good/197.png,
7a1a9c2ed122d8a3b19c6065,screw,fit,0,good,screw/train/good/161.png,
7a1cdb5e81d11198e26b5eb8,bottle,final_test,1,broken_large,bottle/test/broken_large/009.png,bottle/ground_truth/broken_large/009_mask.png
7a1d79d136e61e4a24ca5c14,wood,fit,0,good,wood/train/good/137.png,
7a25e9913e005352860cedf2,cable,selection,1,missing_cable,cable/test/missing_cable/011.png,cable/ground_truth/missing_cable/011_mask.png
7a2bef215e1ff8ee50ba1552,hazelnut,fit,0,good,hazelnut/train/good/044.png,
7a3c638ad68b5cba9cd0119e,screw,final_test,1,thread_side,screw/test/thread_side/020.png,screw/ground_truth/thread_side/020_mask.png
7a487914299c73612c46ac4e,tile,selection,1,crack,tile/test/crack/016.png,tile/ground_truth/crack/016_mask.png
7a4e67d2e3a4c21555e38c99,toothbrush,calibration_normal,0,good,toothbrush/train/good/042.png,
7a6016e8658df5f86b44dca2,screw,fit,0,good,screw/train/good/241.png,
7a6af8612c2f96aebced6551,hazelnut,validation_normal,0,good,hazelnut/train/good/342.png,
7a719974355ca5821d516799,grid,final_test,1,metal_contamination,grid/test/metal_contamination/004.png,grid/ground_truth/metal_contamination/004_mask.png
7a74a7a7aac72c1e9d9a18bf,cable,fit,0,good,cable/train/good/020.png,
7a860845abd34b6d04296417,hazelnut,calibration_normal,0,good,hazelnut/train/good/172.png,
7a89a94db59b515f5f8992cc,pill,final_test,0,good,pill/test/good/006.png,
7a8c5c4a3d1147d9f40cbf0f,grid,calibration_normal,0,good,grid/train/good/009.png,
7a8cfa418d6b4559676fe616,hazelnut,fit,0,good,hazelnut/train/good/309.png,
7a90997d4a877a05fec1f77e,zipper,selection,0,good,zipper/test/good/025.png,
7a90f33153d9e785d235247e,cable,calibration_normal,0,good,cable/train/good/180.png,
7a9a35cc4ffd2822e248c491,capsule,fit,0,good,capsule/train/good/166.png,
7aabf76b303798b2362b4e67,zipper,final_test,1,split_teeth,zipper/test/split_teeth/002.png,zipper/ground_truth/split_teeth/002_mask.png
7abcb42c398d6416815ee500,metal_nut,fit,0,good,metal_nut/train/good/046.png,
7ac3e5dcf28975248aa003d2,metal_nut,fit,0,good,metal_nut/train/good/157.png,
7acbd8bd7e047367794cd5e9,leather,final_test,1,glue,leather/test/glue/015.png,leather/ground_truth/glue/015_mask.png
7ae3119e9abafa5f22ffe33e,metal_nut,fit,0,good,metal_nut/train/good/166.png,
7ae58b81928885d779d54dc0,zipper,final_test,1,squeezed_teeth,zipper/test/squeezed_teeth/008.png,zipper/ground_truth/squeezed_teeth/008_mask.png
7b0d5550da4542809f2633cb,transistor,fit,0,good,transistor/train/good/120.png,
7b20aaa264d22b38594975ea,pill,calibration_normal,0,good,pill/train/good/146.png,
7b3da9e834e7240204425c75,screw,selection,1,scratch_neck,screw/test/scratch_neck/007.png,screw/ground_truth/scratch_neck/007_mask.png
7b5de46e151bb365253042e2,tile,selection,1,glue_strip,tile/test/glue_strip/014.png,tile/ground_truth/glue_strip/014_mask.png
7b61d2c4dc30da21e2121d46,capsule,fit,0,good,capsule/train/good/052.png,
7b6fa4cde65d258d660ab4b1,toothbrush,fit,0,good,toothbrush/train/good/043.png,
7b701717b7be200636258844,zipper,selection,1,split_teeth,zipper/test/split_teeth/017.png,zipper/ground_truth/split_teeth/017_mask.png
7b84b501fec8a3de4454906c,zipper,final_test,1,fabric_interior,zipper/test/fabric_interior/000.png,zipper/ground_truth/fabric_interior/000_mask.png
7b8d2fdd24fd2659cc899ad0,cable,fit,0,good,cable/train/good/188.png,
7b8e669de89d4739cdad9de0,bottle,selection,1,broken_large,bottle/test/broken_large/007.png,bottle/ground_truth/broken_large/007_mask.png
7b9133fa70a484d12b55209d,metal_nut,final_test,1,bent,metal_nut/test/bent/013.png,metal_nut/ground_truth/bent/013_mask.png
7b95c2911d7cf81bf861613a,capsule,selection,1,scratch,capsule/test/scratch/019.png,capsule/ground_truth/scratch/019_mask.png
7b97178651706eab80697615,transistor,fit,0,good,transistor/train/good/051.png,
7b99cd846dcd4f0a30f20ff5,carpet,final_test,1,hole,carpet/test/hole/010.png,carpet/ground_truth/hole/010_mask.png
7bafba004b6629aef3bc0acf,cable,validation_normal,0,good,cable/train/good/173.png,
7bb911be83271f6c4001e878,bottle,fit,0,good,bottle/train/good/129.png,
7bb914ddce6d1e4bedd1003c,cable,final_test,0,good,cable/test/good/056.png,
7bc5f9585c4e468d38a2e004,tile,fit,0,good,tile/train/good/102.png,
7bf194b4a64223fa9f3e7baf,hazelnut,fit,0,good,hazelnut/train/good/270.png,
7bf3ab06b9a24f304dd319e9,metal_nut,calibration_normal,0,good,metal_nut/train/good/092.png,
7c04c21eda8a876ca7c4483c,zipper,final_test,0,good,zipper/test/good/006.png,
7c04f9784c1c4921e2df26ee,bottle,final_test,1,contamination,bottle/test/contamination/014.png,bottle/ground_truth/contamination/014_mask.png
7c2754edfdb6276be45ef130,screw,fit,0,good,screw/train/good/197.png,
7c2b638614c5707371820861,hazelnut,fit,0,good,hazelnut/train/good/376.png,
7c2e570b59a141d05ebdba00,toothbrush,fit,0,good,toothbrush/train/good/005.png,
7c3f6c59540e6e1d571228ec,metal_nut,final_test,0,good,metal_nut/test/good/007.png,
7c4c0ff06e4ac5ac5c9cc300,toothbrush,fit,0,good,toothbrush/train/good/012.png,
7c4e405c1c7d88eddc04749a,capsule,fit,0,good,capsule/train/good/117.png,
7c5716b3f719c0419c03edc7,pill,fit,0,good,pill/train/good/244.png,
7c9155c31ec5eb350b3e8be6,grid,fit,0,good,grid/train/good/039.png,
7c9d8d89031ea95f31a89cf9,bottle,fit,0,good,bottle/train/good/014.png,
7cab4886721d78b92dd85b4a,cable,final_test,0,good,cable/test/good/031.png,
7caef3dd24b499fb0c1ed657,grid,fit,0,good,grid/train/good/046.png,
7cb0ff01861ac65391f08345,carpet,fit,0,good,carpet/train/good/055.png,
7cb32803fb7486e1889bacf7,capsule,selection,1,crack,capsule/test/crack/007.png,capsule/ground_truth/crack/007_mask.png
7cc9c3889fd32698d957d8d4,metal_nut,fit,0,good,metal_nut/train/good/156.png,
7ce44c921b0ed320dd53362e,bottle,final_test,1,contamination,bottle/test/contamination/017.png,bottle/ground_truth/contamination/017_mask.png
7ce630985cb9055960ebb5d5,zipper,fit,0,good,zipper/train/good/170.png,
7ce6fc09379a64503dca3b79,metal_nut,final_test,1,color,metal_nut/test/color/005.png,metal_nut/ground_truth/color/005_mask.png
7ce79d7e8652b0bbd450b9b5,hazelnut,fit,0,good,hazelnut/train/good/006.png,
7ce7d821bc09fca529885c0b,wood,fit,0,good,wood/train/good/171.png,
7cf73f58c22dec591ef82b97,tile,validation_normal,0,good,tile/train/good/202.png,
7cf8241f8b452a922882c4bb,hazelnut,validation_normal,0,good,hazelnut/train/good/276.png,
7cfc33f5f371fafd6810b949,toothbrush,final_test,1,defective,toothbrush/test/defective/027.png,toothbrush/ground_truth/defective/027_mask.png
7d24ab1e95b0ab327292e28d,carpet,final_test,1,cut,carpet/test/cut/007.png,carpet/ground_truth/cut/007_mask.png
7d260b9e696e906ea145f86a,grid,fit,0,good,grid/train/good/255.png,
7d26f98c3b9afd7e20f99b24,wood,fit,0,good,wood/train/good/069.png,
7d2f898c30987fa8e9872c3c,bottle,calibration_normal,0,good,bottle/train/good/149.png,
7d3623db4458573005cc0dd3,hazelnut,fit,0,good,hazelnut/train/good/167.png,
7d4799674220d63e111246b2,bottle,validation_normal,0,good,bottle/train/good/091.png,
7d6d194d34e8418e5b4c59c9,grid,fit,0,good,grid/train/good/102.png,
7d85657caf2b1a693c93fd56,carpet,selection,1,thread,carpet/test/thread/017.png,carpet/ground_truth/thread/017_mask.png
7d859f219068c6d0887a58e8,hazelnut,validation_normal,0,good,hazelnut/train/good/061.png,
7d95460274639faf6afd1824,zipper,fit,0,good,zipper/train/good/113.png,
7d9ae57f8aa0c52d086ee20a,cable,fit,0,good,cable/train/good/065.png,
7d9c640434fac3c5f07b9b93,carpet,fit,0,good,carpet/train/good/105.png,
7db40ab0875f46b862ad3419,grid,fit,0,good,grid/train/good/008.png,
7dd1e99eed871ab03b92d41a,bottle,fit,0,good,bottle/train/good/184.png,
7dd3e97960c2dbe844a00363,hazelnut,fit,0,good,hazelnut/train/good/125.png,
7de0ad24896907e51ec5bb66,capsule,fit,0,good,capsule/train/good/009.png,
7de3dd3980399ce7b01c15ad,capsule,fit,0,good,capsule/train/good/152.png,
7df94164662555ad9008dfd3,hazelnut,fit,0,good,hazelnut/train/good/178.png,
7dfe2cf4a9e173b676ea4e83,cable,final_test,1,bent_wire,cable/test/bent_wire/005.png,cable/ground_truth/bent_wire/005_mask.png
7e0113cca5d8f4cd3a7a8b69,leather,fit,0,good,leather/train/good/107.png,
7e03d328333cc58868ae2f62,grid,fit,0,good,grid/train/good/164.png,
7e25a88aa81e9f1da05d7d34,pill,fit,0,good,pill/train/good/224.png,
7e3e97ade3991d81a7b29465,tile,final_test,1,crack,tile/test/crack/015.png,tile/ground_truth/crack/015_mask.png
7e54e08fd9cd9e46fb5b9dc0,wood,fit,0,good,wood/train/good/066.png,
7e5820590750beeeb76d1d16,metal_nut,fit,0,good,metal_nut/train/good/032.png,
7e689370624444baf6e5abc3,leather,final_test,1,color,leather/test/color/007.png,leather/ground_truth/color/007_mask.png
7e6c670998f2dd32810b45df,zipper,validation_normal,0,good,zipper/train/good/004.png,
7e8b178d1c8200b40d9a1817,hazelnut,fit,0,good,hazelnut/train/good/116.png,
7e941d2634364e01aa8d8a0b,hazelnut,final_test,1,cut,hazelnut/test/cut/012.png,hazelnut/ground_truth/cut/012_mask.png
7e979a730c6a449de4614e80,hazelnut,calibration_normal,0,good,hazelnut/train/good/146.png,
7e9f6dbce1660e1f9d9ddb6d,zipper,fit,0,good,zipper/train/good/050.png,
7eab675a1e2c9ba4de2e41c4,pill,final_test,1,scratch,pill/test/scratch/012.png,pill/ground_truth/scratch/012_mask.png
7eb1d7919cdb864c01850200,screw,fit,0,good,screw/train/good/172.png,
7eb1f9144b9545eb4469d0fc,pill,fit,0,good,pill/train/good/039.png,
7eb7f8bf9f8e6561d81d1712,zipper,final_test,0,good,zipper/test/good/013.png,
7ebe2945d8efab500954c18b,bottle,fit,0,good,bottle/train/good/188.png,
7ec7b1b763f6952f651dcf72,bottle,calibration_normal,0,good,bottle/train/good/087.png,
7eca5a285bccaaeb8d405ffd,bottle,validation_normal,0,good,bottle/train/good/181.png,
7ed6e32f05d3a511c9ea24d9,cable,calibration_normal,0,good,cable/train/good/123.png,
7ef151a8a1dea5ee03530422,carpet,fit,0,good,carpet/train/good/069.png,
7ef3a03c97f1810b23613a08,leather,final_test,1,fold,leather/test/fold/004.png,leather/ground_truth/fold/004_mask.png
7efa2db9f3c65e11099688eb,screw,calibration_normal,0,good,screw/train/good/318.png,
7efddb812080a6694300603d,screw,selection,1,manipulated_front,screw/test/manipulated_front/006.png,screw/ground_truth/manipulated_front/006_mask.png
7eff976f1efadf6a9683ff40,tile,fit,0,good,tile/train/good/029.png,
7f01757ac869e4de4aae4e85,pill,fit,0,good,pill/train/good/170.png,
7f101ceeca8c0f0e88d401bf,capsule,final_test,1,squeeze,capsule/test/squeeze/011.png,capsule/ground_truth/squeeze/011_mask.png
7f196bbc6cf685a4b7273729,tile,fit,0,good,tile/train/good/030.png,
7f1db50cc48c456d934fe4ab,metal_nut,fit,0,good,metal_nut/train/good/041.png,
7f2d8efe2b5d6bf29ae834fb,grid,validation_normal,0,good,grid/train/good/013.png,
7f39df71c9cecc6fef0c2118,transistor,fit,0,good,transistor/train/good/192.png,
7f827eb6d02193dac6751d17,hazelnut,calibration_normal,0,good,hazelnut/train/good/220.png,
7f8769ee19e12e0086a7323e,tile,validation_normal,0,good,tile/train/good/121.png,
7f899cdefe81326a3e634af5,pill,selection,1,crack,pill/test/crack/016.png,pill/ground_truth/crack/016_mask.png
7f89da898474ef69ae8f1b41,pill,fit,0,good,pill/train/good/094.png,
7fb61992994030fff24feb68,leather,final_test,0,good,leather/test/good/008.png,
7fb8d5f2f64c87725e9d5e70,transistor,final_test,1,bent_lead,transistor/test/bent_lead/002.png,transistor/ground_truth/bent_lead/002_mask.png
7fb9a3ab09934a690bc81d40,carpet,selection,1,hole,carpet/test/hole/002.png,carpet/ground_truth/hole/002_mask.png
7fbc4f44736475597fbc05ec,screw,fit,0,good,screw/train/good/267.png,
7fd7f398e33546a8f57f5f91,hazelnut,final_test,0,good,hazelnut/test/good/009.png,
7fdc33320ad3f1f1012f98c9,capsule,selection,1,crack,capsule/test/crack/004.png,capsule/ground_truth/crack/004_mask.png
7fe1682fe4eaf31e62e02ae4,cable,fit,0,good,cable/train/good/054.png,
7fe21352b7b419fa850646e1,carpet,validation_normal,0,good,carpet/train/good/046.png,
7fee37d7448839d1348e800d,screw,fit,0,good,screw/train/good/006.png,
7ff04bd85794dc70b32238be,carpet,final_test,1,hole,carpet/test/hole/011.png,carpet/ground_truth/hole/011_mask.png
7ff509776679c49214194fe2,grid,calibration_normal,0,good,grid/train/good/136.png,
7ff83c95be6a4e4c51711ef1,screw,fit,0,good,screw/train/good/112.png,
7ff87eb513a60b195332fd69,cable,final_test,0,good,cable/test/good/030.png,
7ffab5419ca10f2713f349a0,screw,final_test,1,scratch_neck,screw/test/scratch_neck/017.png,screw/ground_truth/scratch_neck/017_mask.png
8004955fe39d1246ecbe7fc1,cable,validation_normal,0,good,cable/train/good/125.png,
8009168e5b822dfd7963d7c3,capsule,fit,0,good,capsule/train/good/017.png,
800eb63849833e5948966e2e,screw,validation_normal,0,good,screw/train/good/166.png,
8026d2eb41b4430abac9b7d1,pill,calibration_normal,0,good,pill/train/good/167.png,
804f23cab3cd4b2adc2743a4,carpet,fit,0,good,carpet/train/good/267.png,
805c61dc1de03158bb5fdf4f,metal_nut,final_test,1,scratch,metal_nut/test/scratch/015.png,metal_nut/ground_truth/scratch/015_mask.png
8064c5593655fcb1ea38b53d,capsule,fit,0,good,capsule/train/good/171.png,
807b3f259b4f967a90b35d1c,wood,final_test,0,good,wood/test/good/012.png,
807d3396e264bd38659b1af7,zipper,fit,0,good,zipper/train/good/118.png,
80911a28fa4dfa0e89ead04d,leather,validation_normal,0,good,leather/train/good/013.png,
80935c8040ffa76f746af3fd,metal_nut,validation_normal,0,good,metal_nut/train/good/043.png,
80a5abad5775dd255ea984a3,hazelnut,final_test,1,crack,hazelnut/test/crack/017.png,hazelnut/ground_truth/crack/017_mask.png
80ab701ed395bf8d3d674cae,screw,final_test,1,scratch_neck,screw/test/scratch_neck/016.png,screw/ground_truth/scratch_neck/016_mask.png
80c553551004094a0c8d6e83,grid,fit,0,good,grid/train/good/006.png,
80c7c5fabd776cb5ff8cd29e,pill,calibration_normal,0,good,pill/train/good/126.png,
80c998c453a278e2c69a0421,carpet,fit,0,good,carpet/train/good/034.png,
80d6eaed39fc1e143f881d2d,screw,fit,0,good,screw/train/good/203.png,
80db23b429c534b7164caecf,screw,validation_normal,0,good,screw/train/good/144.png,
80f3fab3c18fa5035f72172a,grid,selection,1,glue,grid/test/glue/002.png,grid/ground_truth/glue/002_mask.png
80f91a6919df4d63f6d7d82d,tile,final_test,1,glue_strip,tile/test/glue_strip/015.png,tile/ground_truth/glue_strip/015_mask.png
80fb89ba842817a0896eaeac,pill,fit,0,good,pill/train/good/054.png,
80fbac92df96d4b9e1928bf1,pill,validation_normal,0,good,pill/train/good/098.png,
80fbc6bea15714430ee29f03,carpet,fit,0,good,carpet/train/good/232.png,
81043485546c68ca976ebfcb,carpet,fit,0,good,carpet/train/good/227.png,
8111f55c5fe9139b8f2e1290,screw,calibration_normal,0,good,screw/train/good/050.png,
81135a39091f780b6e667a48,zipper,fit,0,good,zipper/train/good/014.png,
8119ddb28daf8300659e20fa,hazelnut,fit,0,good,hazelnut/train/good/288.png,
8126857108e67ce6d600f421,hazelnut,fit,0,good,hazelnut/train/good/215.png,
813ffae2d5b5a66b557f8a5f,screw,final_test,0,good,screw/test/good/012.png,
8141ff2588e8a0b2ee360867,cable,calibration_normal,0,good,cable/train/good/126.png,
81593693b6b32f7faee2bfae,capsule,fit,0,good,capsule/train/good/060.png,
816962b1cd4e1b32af5a0873,metal_nut,fit,0,good,metal_nut/train/good/193.png,
816dae3cdb190586daa82724,zipper,selection,0,good,zipper/test/good/023.png,
8182112e3a2bddc885793b2f,transistor,final_test,1,damaged_case,transistor/test/damaged_case/001.png,transistor/ground_truth/damaged_case/001_mask.png
818418ed6cff3482b77483fb,capsule,fit,0,good,capsule/train/good/019.png,
8189e7ac67a692f332a9f055,bottle,fit,0,good,bottle/train/good/095.png,
81995047c8d035ceac7360af,hazelnut,fit,0,good,hazelnut/train/good/081.png,
81aab41c8475f6e27d8445cc,transistor,fit,0,good,transistor/train/good/104.png,
81acc3d3556cfa3e6df2786c,tile,fit,0,good,tile/train/good/043.png,
81af9e27f3683ced82e27b6f,capsule,fit,0,good,capsule/train/good/159.png,
81c1ef7919bef4bfbb9f731f,cable,fit,0,good,cable/train/good/053.png,
81c810b9c4fe72d8f3b7b0f1,hazelnut,validation_normal,0,good,hazelnut/train/good/107.png,
81cff269c8f90a2381441cff,screw,calibration_normal,0,good,screw/train/good/092.png,
81d3340afd13877e4d3c42e3,pill,fit,0,good,pill/train/good/085.png,
81d6f6ce67c31e348b7cc3a0,cable,fit,0,good,cable/train/good/001.png,
81e1ad138cd25c299fed0b3a,transistor,selection,1,cut_lead,transistor/test/cut_lead/004.png,transistor/ground_truth/cut_lead/004_mask.png
81f86a3fec5b8322bd726f5b,zipper,calibration_normal,0,good,zipper/train/good/217.png,
82075bba85468e197ed73257,tile,final_test,0,good,tile/test/good/032.png,
821b7f5ded2727a917de36aa,tile,selection,0,good,tile/test/good/024.png,
821d207c028670ce255bebc7,cable,final_test,1,combined,cable/test/combined/001.png,cable/ground_truth/combined/001_mask.png
82520b6071c722e5ea45f10e,carpet,calibration_normal,0,good,carpet/train/good/134.png,
825f811a6ab9a31ba4730bbd,wood,selection,1,scratch,wood/test/scratch/011.png,wood/ground_truth/scratch/011_mask.png
8264cee7d4d85a02a3dc8c30,pill,final_test,1,pill_type,pill/test/pill_type/007.png,pill/ground_truth/pill_type/007_mask.png
827a5df29bc4774d21c71ffd,wood,selection,1,scratch,wood/test/scratch/017.png,wood/ground_truth/scratch/017_mask.png
827afac75bf5c0a59ad17592,hazelnut,fit,0,good,hazelnut/train/good/186.png,
827f2897dd3e8ec3ae27b5ca,hazelnut,fit,0,good,hazelnut/train/good/262.png,
828ba3510dceecccd163995b,leather,fit,0,good,leather/train/good/036.png,
8290720caa64cb5885d6fc8c,transistor,fit,0,good,transistor/train/good/203.png,
829edde3b2726f4550b1b6df,leather,final_test,0,good,leather/test/good/009.png,
82a0a3fcaadec8adf6a7dd73,metal_nut,validation_normal,0,good,metal_nut/train/good/098.png,
82b59509e3f114ffda71cf61,hazelnut,fit,0,good,hazelnut/train/good/259.png,
82bc8547d48b6d44bb5ed7c3,tile,fit,0,good,tile/train/good/215.png,
82c034986e07b9d2682e10b7,zipper,selection,1,rough,zipper/test/rough/007.png,zipper/ground_truth/rough/007_mask.png
82c198daa025080ff7fe78ca,hazelnut,fit,0,good,hazelnut/train/good/094.png,
82c72bafbf97d5c68a580c25,capsule,fit,0,good,capsule/train/good/149.png,
82c95bb484b9abb5ef931d62,cable,validation_normal,0,good,cable/train/good/208.png,
82cfbe45479f8bd54a981b4d,bottle,fit,0,good,bottle/train/good/183.png,
82dda3b8856b61b87a661ea7,transistor,calibration_normal,0,good,transistor/train/good/007.png,
82e18146c5adafdcd2d2e86d,hazelnut,final_test,1,cut,hazelnut/test/cut/006.png,hazelnut/ground_truth/cut/006_mask.png
82e1e6d9fcb3afa42d158096,leather,selection,1,color,leather/test/color/012.png,leather/ground_truth/color/012_mask.png
82f04baeac9a03f0de5c78e2,tile,validation_normal,0,good,tile/train/good/216.png,
83091a99262e2b00f51603ff,hazelnut,fit,0,good,hazelnut/train/good/118.png,
83160b811bb34ed1d1677f0d,screw,final_test,1,manipulated_front,screw/test/manipulated_front/018.png,screw/ground_truth/manipulated_front/018_mask.png
832091274c7e8bf0aa8271c1,cable,fit,0,good,cable/train/good/014.png,
83292d6f84986e79325bbeb4,zipper,fit,0,good,zipper/train/good/199.png,
833547beff2047b8c02c1aac,transistor,final_test,1,misplaced,transistor/test/misplaced/001.png,transistor/ground_truth/misplaced/001_mask.png
83378133329822ce873758e0,carpet,fit,0,good,carpet/train/good/063.png,
83433e67f76b4a192905bb7b,screw,fit,0,good,screw/train/good/299.png,
83730ae3ff8b99ff952f8dbd,cable,calibration_normal,0,good,cable/train/good/218.png,
8374dbc8cc4edcd946a4e776,wood,final_test,0,good,wood/test/good/006.png,
8382a708ba69fbd9a1d8189e,transistor,fit,0,good,transistor/train/good/081.png,
83c27b98e4e0fcdf943b7357,bottle,calibration_normal,0,good,bottle/train/good/173.png,
83cb83e1b7bcb584794402a3,hazelnut,selection,1,print,hazelnut/test/print/001.png,hazelnut/ground_truth/print/001_mask.png
83cebc14fc54a4d1d798b752,transistor,selection,0,good,transistor/test/good/042.png,
83ec5305d0264d2a70de31bf,bottle,fit,0,good,bottle/train/good/118.png,
842002baedc01ade4a012dc7,bottle,calibration_normal,0,good,bottle/train/good/086.png,
84201d5350205091f83e8ce0,leather,fit,0,good,leather/train/good/176.png,
842185fc22eaf96b2853f589,wood,calibration_normal,0,good,wood/train/good/023.png,
8429ad97d6a18a9c8b435b79,metal_nut,fit,0,good,metal_nut/train/good/025.png,
842f1cc458efe0f42028ad1d,pill,final_test,0,good,pill/test/good/021.png,
84326a9a202d0d07fab081d8,leather,fit,0,good,leather/train/good/057.png,
8441f3e6cdbb84f59d613d30,screw,final_test,0,good,screw/test/good/039.png,
84496ccd08725ed84dd541eb,bottle,selection,0,good,bottle/test/good/006.png,
845b326e5b6dcb9112975169,hazelnut,validation_normal,0,good,hazelnut/train/good/101.png,
846dcd189870bf0bb9daf53e,metal_nut,validation_normal,0,good,metal_nut/train/good/015.png,
846ef34765f20c662d41c243,pill,selection,1,faulty_imprint,pill/test/faulty_imprint/015.png,pill/ground_truth/faulty_imprint/015_mask.png
848007341e8c95fa2244b1bd,leather,fit,0,good,leather/train/good/103.png,
8487bda471a8407017e445cc,zipper,fit,0,good,zipper/train/good/054.png,
8497e676a01402d797474582,carpet,final_test,1,thread,carpet/test/thread/014.png,carpet/ground_truth/thread/014_mask.png
84a7dc799f055e2103402c44,metal_nut,fit,0,good,metal_nut/train/good/208.png,
84ab55c77fa14f4f9c451f03,cable,fit,0,good,cable/train/good/155.png,
84b313e3f0739ce8cfb6fcd0,capsule,final_test,1,poke,capsule/test/poke/012.png,capsule/ground_truth/poke/012_mask.png
84bfcbcd78b364d6c9e99ada,screw,selection,0,good,screw/test/good/040.png,
84c6605c105759dc79f4dbfd,zipper,validation_normal,0,good,zipper/train/good/165.png,
84d69f084ac3161b2a84ca94,pill,fit,0,good,pill/train/good/236.png,
84e575a979ab6c877c83b1b4,hazelnut,fit,0,good,hazelnut/train/good/363.png,
8504bccfdff2e2bd22dc4230,wood,fit,0,good,wood/train/good/016.png,
850bcccd48a5f7a348292606,toothbrush,fit,0,good,toothbrush/train/good/058.png,
850c82ebbf7d38576f86856d,bottle,final_test,1,broken_small,bottle/test/broken_small/007.png,bottle/ground_truth/broken_small/007_mask.png
851473a217f66582637f0385,cable,fit,0,good,cable/train/good/143.png,
851a301ebd31dcc4070faf77,screw,selection,0,good,screw/test/good/008.png,
851e40b3a9f9968cac5e1a7e,leather,final_test,1,fold,leather/test/fold/000.png,leather/ground_truth/fold/000_mask.png
853d87fb4157f4b6a6d758cf,capsule,validation_normal,0,good,capsule/train/good/068.png,
8541043b691302301b57b10f,wood,fit,0,good,wood/train/good/047.png,
85414b7d57cfba01d50afa32,tile,validation_normal,0,good,tile/train/good/204.png,
85571daebc4201020db67a6f,transistor,fit,0,good,transistor/train/good/068.png,
85672dcd9ec326e62ca0dff7,zipper,validation_normal,0,good,zipper/train/good/094.png,
856a6a6a70f34d011e621da7,leather,validation_normal,0,good,leather/train/good/226.png,
857645a5d753e429599e478e,zipper,final_test,1,fabric_border,zipper/test/fabric_border/002.png,zipper/ground_truth/fabric_border/002_mask.png
857b89da86326d15446e0a32,tile,fit,0,good,tile/train/good/079.png,
857e9d25cbe74730dee9b536,hazelnut,fit,0,good,hazelnut/train/good/148.png,
8587b24fc319a6d8d85f3ce0,tile,selection,0,good,tile/test/good/005.png,
858d87f6c8a26142d682ed77,grid,final_test,1,bent,grid/test/bent/008.png,grid/ground_truth/bent/008_mask.png
8593678bc5152b979ddde10c,pill,final_test,1,color,pill/test/color/011.png,pill/ground_truth/color/011_mask.png
85c66501d84d5bb5563dd612,wood,fit,0,good,wood/train/good/092.png,
85e1b85bdd7f34f4e8cdb3c6,screw,final_test,1,manipulated_front,screw/test/manipulated_front/023.png,screw/ground_truth/manipulated_front/023_mask.png
85efd1ad9915b42d147c7ba7,hazelnut,final_test,1,print,hazelnut/test/print/014.png,hazelnut/ground_truth/print/014_mask.png
85f1760095d60c68df169096,zipper,validation_normal,0,good,zipper/train/good/166.png,
8626ab5a4e53708fddf6531c,zipper,final_test,0,good,zipper/test/good/004.png,
862919580f31c22a06ea6527,cable,fit,0,good,cable/train/good/220.png,
862d0c94874271dfe765e65e,tile,final_test,1,rough,tile/test/rough/000.png,tile/ground_truth/rough/000_mask.png
862fb8d62ec757b5d7523ffa,carpet,fit,0,good,carpet/train/good/146.png,
86376209238794470cd0b4f3,grid,fit,0,good,grid/train/good/215.png,
8637a247f0b7c836741274cf,leather,fit,0,good,leather/train/good/224.png,
8639104146299ef036743035,screw,selection,1,scratch_neck,screw/test/scratch_neck/009.png,screw/ground_truth/scratch_neck/009_mask.png
86436cfe60e4acad390ef09a,zipper,fit,0,good,zipper/train/good/150.png,
8669f9a3a2c0aca5de370fbd,metal_nut,fit,0,good,metal_nut/train/good/036.png,
86778ef9bab531ec2bf8f185,zipper,final_test,1,rough,zipper/test/rough/010.png,zipper/ground_truth/rough/010_mask.png
867d2a9b21c712ac4792bcaa,tile,fit,0,good,tile/train/good/042.png,
867fca98e85e48b697b3a441,transistor,validation_normal,0,good,transistor/train/good/079.png,
868cbba12c7c65efc5614816,capsule,selection,1,crack,capsule/test/crack/005.png,capsule/ground_truth/crack/005_mask.png
868d63078540242585d808b4,screw,fit,0,good,screw/train/good/141.png,
86a6cc16dcf6a2189eccc20a,tile,validation_normal,0,good,tile/train/good/094.png,
86aa8798b50b455da15b0a15,grid,validation_normal,0,good,grid/train/good/150.png,
86b70d1ccd4dddb861affdc4,capsule,final_test,0,good,capsule/test/good/022.png,
86b93003aa566bea285d2c07,zipper,fit,0,good,zipper/train/good/060.png,
86cac61a6a40a4cba6c58092,tile,calibration_normal,0,good,tile/train/good/089.png,
86d4b3d10549cbb680f2b791,tile,calibration_normal,0,good,tile/train/good/062.png,
86d78236c231cc85fefa57c0,carpet,final_test,1,color,carpet/test/color/006.png,carpet/ground_truth/color/006_mask.png
86e995681d5f4d7b5990eb09,cable,final_test,1,missing_wire,cable/test/missing_wire/004.png,cable/ground_truth/missing_wire/004_mask.png
86f7461f8e39097cd62d96bf,tile,final_test,1,glue_strip,tile/test/glue_strip/001.png,tile/ground_truth/glue_strip/001_mask.png
8706d50b83a31443d0696e13,grid,fit,0,good,grid/train/good/023.png,
87089451d29ded6221ffc8cd,leather,fit,0,good,leather/train/good/054.png,
870cc4a658abfba2a93a74f5,bottle,fit,0,good,bottle/train/good/111.png,
8711dccb9aa3501d74d557a9,metal_nut,calibration_normal,0,good,metal_nut/train/good/022.png,
871e4d0301c309cd0ef5c452,wood,fit,0,good,wood/train/good/148.png,
87278faca3b21781769d70ea,toothbrush,fit,0,good,toothbrush/train/good/018.png,
8727cc8170182985707df953,hazelnut,calibration_normal,0,good,hazelnut/train/good/340.png,
8731a6b61db2596bddb715db,grid,final_test,0,good,grid/test/good/011.png,
873814333de2577030a22aba,zipper,fit,0,good,zipper/train/good/171.png,
873f7f3e90043d9e24989277,transistor,final_test,0,good,transistor/test/good/045.png,
874e33902a1fe1d229cc1f93,hazelnut,validation_normal,0,good,hazelnut/train/good/387.png,
8798aca81a859390973442f1,tile,final_test,1,gray_stroke,tile/test/gray_stroke/008.png,tile/ground_truth/gray_stroke/008_mask.png
87a4ee13304bf258d189a500,pill,final_test,1,contamination,pill/test/contamination/007.png,pill/ground_truth/contamination/007_mask.png
87b1223eda67a9a48529caf7,hazelnut,fit,0,good,hazelnut/train/good/322.png,
87d730a1223a35e2e4289867,screw,fit,0,good,screw/train/good/308.png,
87efebaf876980829e24572e,screw,fit,0,good,screw/train/good/281.png,
87ff0fa4fd737255b27f89b2,hazelnut,calibration_normal,0,good,hazelnut/train/good/300.png,
8804a9d9b55b7bbe9f7d9091,leather,fit,0,good,leather/train/good/168.png,
8810b7e67a542626716a6abc,hazelnut,fit,0,good,hazelnut/train/good/379.png,
882df916a18483c49e5863d1,transistor,fit,0,good,transistor/train/good/117.png,
88383b8fab9dc8890f310077,screw,validation_normal,0,good,screw/train/good/002.png,
884d0b3268f89309951c3faa,pill,fit,0,good,pill/train/good/179.png,
885bfb73fae7a908671d522d,hazelnut,selection,1,hole,hazelnut/test/hole/000.png,hazelnut/ground_truth/hole/000_mask.png
8878cbe8022480d08bbe9655,zipper,selection,1,rough,zipper/test/rough/008.png,zipper/ground_truth/rough/008_mask.png
887bc46beeff6e2655349c85,transistor,final_test,0,good,transistor/test/good/052.png,
88810dfd08679b19d9663b84,carpet,validation_normal,0,good,carpet/train/good/186.png,
88837073115a2b0087a0b3c1,hazelnut,final_test,1,print,hazelnut/test/print/008.png,hazelnut/ground_truth/print/008_mask.png
88c2345a022a096a1d69da5e,zipper,selection,1,combined,zipper/test/combined/014.png,zipper/ground_truth/combined/014_mask.png
88c26d1c6890963325bb1bdd,carpet,fit,0,good,carpet/train/good/199.png,
88cbde9d63233b4531af2707,transistor,fit,0,good,transistor/train/good/084.png,
88ce1f1012bec53508fd6971,leather,final_test,1,glue,leather/test/glue/000.png,leather/ground_truth/glue/000_mask.png
88cf8fd07e056284e079af2d,cable,validation_normal,0,good,cable/train/good/034.png,
88d05e95fa7aa4c6ec52c114,wood,selection,0,good,wood/test/good/016.png,
88d9732fc1193b73f320c67b,screw,fit,0,good,screw/train/good/109.png,
89042939f02186f849e709d3,wood,fit,0,good,wood/train/good/018.png,
891d63d43bb30b11262ad318,pill,fit,0,good,pill/train/good/238.png,
893ba6fb2d8d956844fccd67,pill,final_test,1,color,pill/test/color/020.png,pill/ground_truth/color/020_mask.png
893c93fb777cb201271d42f0,transistor,fit,0,good,transistor/train/good/047.png,
894701258cc71104a388da00,leather,validation_normal,0,good,leather/train/good/141.png,
89532889be942cbc77eb4b43,zipper,fit,0,good,zipper/train/good/087.png,
895867c4b9be1e8b18ab5e55,transistor,fit,0,good,transistor/train/good/100.png,
8962c9a7b86787abf856574c,leather,fit,0,good,leather/train/good/012.png,
89a21005993893fa05832133,zipper,calibration_normal,0,good,zipper/train/good/032.png,
89a2cf02aceb986455442f3e,cable,selection,0,good,cable/test/good/006.png,
89baa9b02d4640c99b4f639e,grid,final_test,1,bent,grid/test/bent/005.png,grid/ground_truth/bent/005_mask.png
89c0ffc75f3bd65b5831fd2b,leather,final_test,1,fold,leather/test/fold/016.png,leather/ground_truth/fold/016_mask.png
89cbef0dc84b3eb02d80ef94,carpet,fit,0,good,carpet/train/good/228.png,
89dd0b082502e32efcfa0842,bottle,fit,0,good,bottle/train/good/094.png,
89ee3c6f074dd0f079aa2b51,pill,fit,0,good,pill/train/good/216.png,
89fe48a5df68a0338885a532,grid,fit,0,good,grid/train/good/051.png,
8a01abcfcf13927a25217112,hazelnut,final_test,1,print,hazelnut/test/print/016.png,hazelnut/ground_truth/print/016_mask.png
8a08baa72b4ab310588c4b76,carpet,selection,0,good,carpet/test/good/010.png,
8a258a91e24a2632d0a3fa29,pill,validation_normal,0,good,pill/train/good/205.png,
8a2f0fdfcb87d6cdb34eb60f,metal_nut,fit,0,good,metal_nut/train/good/113.png,
8a340746cc9eef6c59472ef1,capsule,fit,0,good,capsule/train/good/186.png,
8a370199f505eaf8f0d6080f,cable,calibration_normal,0,good,cable/train/good/042.png,
8a3789fbf18c44696ffc2332,hazelnut,selection,1,hole,hazelnut/test/hole/004.png,hazelnut/ground_truth/hole/004_mask.png
8a50e6cae8ab1881116e7e25,screw,validation_normal,0,good,screw/train/good/222.png,
8a58417351ac46fdea1d969c,capsule,selection,1,poke,capsule/test/poke/003.png,capsule/ground_truth/poke/003_mask.png
8a6bc8715579495176d10814,carpet,final_test,1,cut,carpet/test/cut/000.png,carpet/ground_truth/cut/000_mask.png
8a6cf2d689b0d8716d3c0787,bottle,final_test,0,good,bottle/test/good/014.png,
8a72b98055b1d9327ba21d8a,cable,final_test,1,missing_wire,cable/test/missing_wire/001.png,cable/ground_truth/missing_wire/001_mask.png
8a7b2c260f714a3a47b0fe70,zipper,fit,0,good,zipper/train/good/070.png,
8a85856a8476506143e5f755,wood,fit,0,good,wood/train/good/143.png,
8a8c106fd6614b7ab8a13986,hazelnut,validation_normal,0,good,hazelnut/train/good/357.png,
8a9779b3f5930feff14357a6,screw,final_test,1,thread_top,screw/test/thread_top/002.png,screw/ground_truth/thread_top/002_mask.png
8a9ad70f5cc99ce3dbc2532c,grid,final_test,1,metal_contamination,grid/test/metal_contamination/000.png,grid/ground_truth/metal_contamination/000_mask.png
8a9b7605e250c855ac444f8c,screw,fit,0,good,screw/train/good/102.png,
8aae128ba4acdbf09644caf2,tile,validation_normal,0,good,tile/train/good/044.png,
8ac62559a842c9a54f66838e,zipper,fit,0,good,zipper/train/good/065.png,
8ac8b3efc386d2d977a52275,screw,fit,0,good,screw/train/good/256.png,
8ace51f086350441c58f5f78,leather,calibration_normal,0,good,leather/train/good/144.png,
8ae428baddad7cca40b4da25,hazelnut,fit,0,good,hazelnut/train/good/371.png,
8ae88b22dbf1f592dccb54d4,screw,fit,0,good,screw/train/good/176.png,
8af0be52c97b893ed36b6f7a,wood,fit,0,good,wood/train/good/174.png,
8af4a4a433b7ed2fe1a36670,pill,final_test,1,scratch,pill/test/scratch/015.png,pill/ground_truth/scratch/015_mask.png
8b076b930aafc195450d100b,screw,fit,0,good,screw/train/good/082.png,
8b14ad9c57ff007ea6610011,screw,validation_normal,0,good,screw/train/good/232.png,
8b1a56777d5f3a8b0a7e14ad,leather,calibration_normal,0,good,leather/train/good/076.png,
8b2497829931f34a79eda9c3,leather,selection,1,cut,leather/test/cut/010.png,leather/ground_truth/cut/010_mask.png
8b25132320b2f1374d146b6f,bottle,validation_normal,0,good,bottle/train/good/126.png,
8b2a0dd0bbd37ebbdcacacb4,transistor,final_test,0,good,transistor/test/good/017.png,
8b301363ff5e4d6776fa91b5,carpet,final_test,1,metal_contamination,carpet/test/metal_contamination/004.png,carpet/ground_truth/metal_contamination/004_mask.png
8b3bc74d712954ffcc0437b4,capsule,final_test,1,squeeze,capsule/test/squeeze/002.png,capsule/ground_truth/squeeze/002_mask.png
8b45c85c690a72353cd67c86,capsule,fit,0,good,capsule/train/good/088.png,
8b58deeed83c0e7a239da77d,screw,fit,0,good,screw/train/good/010.png,
8b6f417307f51797e69174f5,cable,fit,0,good,cable/train/good/171.png,
8b8bcbcf32da27cbe73fb46f,bottle,fit,0,good,bottle/train/good/044.png,
8b9b8400ada5946087e50fa2,bottle,final_test,1,broken_small,bottle/test/broken_small/000.png,bottle/ground_truth/broken_small/000_mask.png
8b9dbafdc84684c3c8b85b23,capsule,fit,0,good,capsule/train/good/122.png,
8bb0c3bc3ee3759f26726ec2,grid,final_test,1,broken,grid/test/broken/007.png,grid/ground_truth/broken/007_mask.png
8bbc5491610cff12e52d51e5,hazelnut,fit,0,good,hazelnut/train/good/131.png,
8bedae8b536bee1f2aba468d,leather,fit,0,good,leather/train/good/039.png,
8bf2ed1e3d6d90b6bf99d8f0,bottle,selection,0,good,bottle/test/good/012.png,
8bf4285f896e870e38fcd423,screw,selection,1,thread_top,screw/test/thread_top/006.png,screw/ground_truth/thread_top/006_mask.png
8bf5df437c2ea6336b72af9e,cable,fit,0,good,cable/train/good/051.png,
8c05564a050437c620134472,tile,fit,0,good,tile/train/good/140.png,
8c07261bb7a91132205c33b7,cable,calibration_normal,0,good,cable/train/good/099.png,
8c0d240fc476b30a19623f78,wood,fit,0,good,wood/train/good/075.png,
8c1744d3a61a4b94fa9253cf,bottle,validation_normal,0,good,bottle/train/good/085.png,
8c2fd95f2e22269545528ce4,transistor,final_test,0,good,transistor/test/good/041.png,
8c33872e9ce2c28d808dcea5,tile,fit,0,good,tile/train/good/101.png,
8c405e6bc676f56e81f308ee,pill,validation_normal,0,good,pill/train/good/079.png,
8c5d70781b90cbb45ad992e4,hazelnut,fit,0,good,hazelnut/train/good/200.png,
8c665556c9aebaf81cba05f4,carpet,final_test,1,cut,carpet/test/cut/009.png,carpet/ground_truth/cut/009_mask.png
8c7d0a312644037d3fa13f81,metal_nut,selection,1,flip,metal_nut/test/flip/021.png,metal_nut/ground_truth/flip/021_mask.png
8c8624605a536ecdaa915c5c,transistor,selection,0,good,transistor/test/good/010.png,
8cb3dc532ce89de74abb6a5f,cable,validation_normal,0,good,cable/train/good/167.png,
8cc03cfaaf18e768b5416c35,capsule,selection,0,good,capsule/test/good/020.png,
8ccdb3bb6de0ff396f99ecf4,wood,final_test,1,liquid,wood/test/liquid/009.png,wood/ground_truth/liquid/009_mask.png
8cd217992f5aae0637da13ba,leather,fit,0,good,leather/train/good/233.png,
8ced1abe18e23d16e355335f,bottle,fit,0,good,bottle/train/good/165.png,
8ced26dad25a38eb82ece657,metal_nut,fit,0,good,metal_nut/train/good/209.png,
8cf1bead372d329f7d0b660c,zipper,calibration_normal,0,good,zipper/train/good/202.png,
8cf3c587bea031d6659d6d6a,bottle,fit,0,good,bottle/train/good/016.png,
8cfb7663370cba0eed9283cc,metal_nut,selection,1,scratch,metal_nut/test/scratch/022.png,metal_nut/ground_truth/scratch/022_mask.png
8d04c5c08a7d1f24d5051fb2,leather,fit,0,good,leather/train/good/127.png,
8d16075457b3ab44780640ad,pill,selection,1,faulty_imprint,pill/test/faulty_imprint/001.png,pill/ground_truth/faulty_imprint/001_mask.png
8d3c0d642ca3640f6ae58bc7,leather,fit,0,good,leather/train/good/038.png,
8d3c78f68837f208896f92c8,leather,fit,0,good,leather/train/good/066.png,
8d479d8c6c843fc10a0e4d48,grid,selection,0,good,grid/test/good/007.png,
8d4c24af4d88e53b0243ba5b,carpet,fit,0,good,carpet/train/good/184.png,
8d554f1974b254a71520dbe2,hazelnut,fit,0,good,hazelnut/train/good/360.png,
8d58a2b01c7982286d87b4ef,hazelnut,validation_normal,0,good,hazelnut/train/good/190.png,
8d61f971d901115c299147d1,pill,fit,0,good,pill/train/good/078.png,
8d65669a53ce7430555d10e3,bottle,fit,0,good,bottle/train/good/134.png,
8d67203714bfe8993bc94bd9,tile,fit,0,good,tile/train/good/115.png,
8d68ac62769d5b2dd50be372,pill,fit,0,good,pill/train/good/176.png,
8d6f8824a5b06936ffbe5409,metal_nut,validation_normal,0,good,metal_nut/train/good/064.png,
8d7161c721f2fbed6e361040,toothbrush,final_test,1,defective,toothbrush/test/defective/015.png,toothbrush/ground_truth/defective/015_mask.png
8d8f4bb54d91d4fc146596fe,hazelnut,fit,0,good,hazelnut/train/good/230.png,
8d9966b5eeaf7d196aa40221,carpet,calibration_normal,0,good,carpet/train/good/273.png,
8da9ccbc96d8bc5ef7e6a591,zipper,selection,1,squeezed_teeth,zipper/test/squeezed_teeth/003.png,zipper/ground_truth/squeezed_teeth/003_mask.png
8dc87196d86e44e41c4c5bcc,tile,final_test,0,good,tile/test/good/015.png,
8de18334895bf43996c0ea9c,carpet,selection,1,metal_contamination,carpet/test/metal_contamination/003.png,carpet/ground_truth/metal_contamination/003_mask.png
8dec4fc4378df70a57ff63de,hazelnut,selection,0,good,hazelnut/test/good/003.png,
8df21846ef62ebb3b310ad32,capsule,fit,0,good,capsule/train/good/168.png,
8df33b1947bff9acad4b5bc3,cable,calibration_normal,0,good,cable/train/good/038.png,
8e33ce06145ceab2bdf4f84b,screw,final_test,1,thread_top,screw/test/thread_top/010.png,screw/ground_truth/thread_top/010_mask.png
8e4478b68a22293d82bfa451,screw,fit,0,good,screw/train/good/075.png,
8e4a70f8df90886f99079d2e,bottle,final_test,1,contamination,bottle/test/contamination/002.png,bottle/ground_truth/contamination/002_mask.png
8e4da2eda290a669670cd361,pill,fit,0,good,pill/train/good/246.png,
8e579013eaee335ede20e5e6,pill,selection,1,combined,pill/test/combined/002.png,pill/ground_truth/combined/002_mask.png
8e72e7d2c4881bc948a51048,hazelnut,fit,0,good,hazelnut/train/good/368.png,
8e7cb5e15ebeb4759b2ea609,screw,calibration_normal,0,good,screw/train/good/163.png,
8e8395ab0215dc89413075c7,bottle,fit,0,good,bottle/train/good/025.png,
8e92f4c390efc86ed531387e,cable,calibration_normal,0,good,cable/train/good/084.png,
8e935f361ac0cb12e985e698,cable,fit,0,good,cable/train/good/074.png,
8e955fec36542df658e8ed6b,cable,final_test,1,cable_swap,cable/test/cable_swap/000.png,cable/ground_truth/cable_swap/000_mask.png
8ea01ef3e0017a555cecd25d,grid,final_test,1,glue,grid/test/glue/008.png,grid/ground_truth/glue/008_mask.png
8ea0c451e4b92a1148d9b01b,cable,validation_normal,0,good,cable/train/good/086.png,
8ebc543ee7d5d2f24f51e8bd,transistor,calibration_normal,0,good,transistor/train/good/211.png,
8ebd84923262af3337c07b90,zipper,selection,1,rough,zipper/test/rough/014.png,zipper/ground_truth/rough/014_mask.png
8ecfcd0666016fbe53e807e8,grid,fit,0,good,grid/train/good/007.png,
8ed2ca19f6c0d2af41a817ed,wood,selection,1,hole,wood/test/hole/005.png,wood/ground_truth/hole/005_mask.png
8ee7fc6c73c1322d0e480c44,leather,fit,0,good,leather/train/good/065.png,
8ef2ecdc32275092a81c870e,wood,fit,0,good,wood/train/good/110.png,
8ef56f8f2f0d4e7b1e434615,hazelnut,selection,1,hole,hazelnut/test/hole/012.png,hazelnut/ground_truth/hole/012_mask.png
8ef6f487c646e131bdef5d3a,toothbrush,validation_normal,0,good,toothbrush/train/good/014.png,
8efc7691f986703fee4b330b,tile,calibration_normal,0,good,tile/train/good/108.png,
8f4901eaeb09ed2dd5596e56,metal_nut,fit,0,good,metal_nut/train/good/084.png,
8f4e9ee3377540605d252ee2,hazelnut,fit,0,good,hazelnut/train/good/158.png,
8f683bca0fc6ccaf0bcf2834,wood,validation_normal,0,good,wood/train/good/230.png,
8f6e12b6821eab918e89f8f2,capsule,selection,1,faulty_imprint,capsule/test/faulty_imprint/020.png,capsule/ground_truth/faulty_imprint/020_mask.png
8f7b11663c6160b99b279ed0,leather,validation_normal,0,good,leather/train/good/077.png,
8f8a2572057e58687fac5afa,cable,final_test,1,cable_swap,cable/test/cable_swap/002.png,cable/ground_truth/cable_swap/002_mask.png
8f8bcb5a731c7b72a775c551,zipper,fit,0,good,zipper/train/good/006.png,
8f9062a8166fe9cca192393d,metal_nut,selection,1,flip,metal_nut/test/flip/016.png,metal_nut/ground_truth/flip/016_mask.png
8f97c161d469dd32de2a49c2,carpet,validation_normal,0,good,carpet/train/good/097.png,
8faca5e399b142d20e992c73,pill,fit,0,good,pill/train/good/082.png,
8faef3dfa5933dcbc451ef6a,screw,fit,0,good,screw/train/good/315.png,
8fc68e95810a17234984a802,pill,final_test,1,crack,pill/test/crack/021.png,pill/ground_truth/crack/021_mask.png
8fcc4264e05fef32637c058d,cable,fit,0,good,cable/train/good/182.png,
8fdba1f2b57081d026ffdfc1,pill,final_test,1,combined,pill/test/combined/007.png,pill/ground_truth/combined/007_mask.png
8ffda6b9ae5ada0d7269729f,toothbrush,selection,1,defective,toothbrush/test/defective/023.png,toothbrush/ground_truth/defective/023_mask.png
90077debb79f3f923b62a9fc,grid,final_test,1,broken,grid/test/broken/006.png,grid/ground_truth/broken/006_mask.png
9010cdda9e0b8168cae962a5,wood,fit,0,good,wood/train/good/239.png,
90299f8f2190582b27f4500d,capsule,fit,0,good,capsule/train/good/050.png,
902d7ef248a2763676f8b131,leather,fit,0,good,leather/train/good/158.png,
903273d415cd9a74bf245d44,zipper,selection,1,combined,zipper/test/combined/001.png,zipper/ground_truth/combined/001_mask.png
9033c09318b1a22ec00a15d3,cable,selection,1,combined,cable/test/combined/003.png,cable/ground_truth/combined/003_mask.png
9035bc597b01ad5e90a68703,metal_nut,calibration_normal,0,good,metal_nut/train/good/141.png,
904305276ead9cc8a0399a14,transistor,final_test,1,bent_lead,transistor/test/bent_lead/008.png,transistor/ground_truth/bent_lead/008_mask.png
9052c756d11e24bfaa07dc9f,leather,validation_normal,0,good,leather/train/good/230.png,
9053609bb7ca2944de925574,hazelnut,fit,0,good,hazelnut/train/good/295.png,
905e151a336f13a6413de8a7,pill,selection,1,contamination,pill/test/contamination/004.png,pill/ground_truth/contamination/004_mask.png
907c3fd2170061a60cb9f52e,metal_nut,fit,0,good,metal_nut/train/good/217.png,
908bc59a99f30d1a1b5fb740,pill,fit,0,good,pill/train/good/009.png,
909a57c417f82d6c2a1075ae,wood,validation_normal,0,good,wood/train/good/152.png,
90eb845d87b278faba61f09b,metal_nut,final_test,0,good,metal_nut/test/good/017.png,
90f05f1789a7aa195f47de96,wood,fit,0,good,wood/train/good/197.png,
90f303abbf446625e4b9ca0e,wood,final_test,0,good,wood/test/good/007.png,
90f5b9ff0ab06f940cabfb9a,transistor,final_test,1,cut_lead,transistor/test/cut_lead/000.png,transistor/ground_truth/cut_lead/000_mask.png
911ae02c06a86de28f8beff9,capsule,fit,0,good,capsule/train/good/183.png,
9125a28c2f6d6e6ab77d946c,transistor,fit,0,good,transistor/train/good/069.png,
9138748cb780f0460f14186f,transistor,final_test,1,damaged_case,transistor/test/damaged_case/008.png,transistor/ground_truth/damaged_case/008_mask.png
913afeec43698fad9835aa9e,capsule,final_test,1,poke,capsule/test/poke/005.png,capsule/ground_truth/poke/005_mask.png
91492dbad79f736fe1a5265f,leather,fit,0,good,leather/train/good/159.png,
914df92aca312f271f12bb4a,carpet,fit,0,good,carpet/train/good/163.png,
9161c4b8b8acd3486edd40a2,screw,final_test,0,good,screw/test/good/000.png,
9194cae3eb5f74af1494df9c,tile,selection,1,glue_strip,tile/test/glue_strip/006.png,tile/ground_truth/glue_strip/006_mask.png
9198f17770a3c22c07041618,screw,fit,0,good,screw/train/good/165.png,
91ae2037f67454231c0370e9,toothbrush,selection,1,defective,toothbrush/test/defective/008.png,toothbrush/ground_truth/defective/008_mask.png
91aec05aac628016382e1332,cable,final_test,1,cut_outer_insulation,cable/test/cut_outer_insulation/005.png,cable/ground_truth/cut_outer_insulation/005_mask.png
91b5494df91ee80b67dae549,carpet,fit,0,good,carpet/train/good/233.png,
91b5d3e1476c851faf209b44,wood,calibration_normal,0,good,wood/train/good/177.png,
91c386a8654de40745963d4a,screw,fit,0,good,screw/train/good/284.png,
91dec09d1b4a48bdad62567c,capsule,fit,0,good,capsule/train/good/144.png,
91e50d9232aa9b698873fa62,hazelnut,fit,0,good,hazelnut/train/good/211.png,
91eb2c35e5fecd30b855f86d,metal_nut,selection,1,scratch,metal_nut/test/scratch/003.png,metal_nut/ground_truth/scratch/003_mask.png
91ef753043df976fa7de09e6,screw,calibration_normal,0,good,screw/train/good/008.png,
92088d7e8b97e56a097d36fe,leather,selection,1,glue,leather/test/glue/001.png,leather/ground_truth/glue/001_mask.png
920bad12d0cbdb472da654b2,pill,fit,0,good,pill/train/good/067.png,
920df086b03b70e4d79d566d,carpet,calibration_normal,0,good,carpet/train/good/061.png,
9244301b7fc98c472c81c8f4,transistor,calibration_normal,0,good,transistor/train/good/154.png,
9246d46ca5e0a4845ae27ba4,pill,final_test,1,faulty_imprint,pill/test/faulty_imprint/006.png,pill/ground_truth/faulty_imprint/006_mask.png
9252f0d3d5135d617b817424,metal_nut,fit,0,good,metal_nut/train/good/010.png,
92545bd2e945ad2cf79239be,tile,fit,0,good,tile/train/good/164.png,
9263351f7f642c815a7ec15b,metal_nut,final_test,1,scratch,metal_nut/test/scratch/000.png,metal_nut/ground_truth/scratch/000_mask.png
9282865b11a37ac28b107bec,transistor,fit,0,good,transistor/train/good/188.png,
9284c934a5c448bc04744308,capsule,fit,0,good,capsule/train/good/173.png,
92855fab7f3353755e4fbac9,pill,selection,1,crack,pill/test/crack/000.png,pill/ground_truth/crack/000_mask.png
928698503d8f5d31c854820c,metal_nut,calibration_normal,0,good,metal_nut/train/good/082.png,
929ecc03c6f1f8ae0eede5e3,zipper,selection,0,good,zipper/test/good/022.png,
92afedc1646c4349768701f6,grid,fit,0,good,grid/train/good/047.png,
92baa463a52f9327504038e5,capsule,fit,0,good,capsule/train/good/174.png,
92bc3f800bea58abbf41717c,hazelnut,fit,0,good,hazelnut/train/good/149.png,
92c0f37df7d0b37a2664c84f,cable,calibration_normal,0,good,cable/train/good/071.png,
92d11102f5ef3ae515d0b94d,leather,final_test,1,poke,leather/test/poke/016.png,leather/ground_truth/poke/016_mask.png
92dca7eec8a938cddbcb1170,zipper,fit,0,good,zipper/train/good/139.png,
92e339cb67a1e95acb6d285a,screw,final_test,1,scratch_head,screw/test/scratch_head/001.png,screw/ground_truth/scratch_head/001_mask.png
92e4d3126bda42d46b126546,hazelnut,calibration_normal,0,good,hazelnut/train/good/009.png,
9302c183eb3a0b19bdd56250,tile,selection,0,good,tile/test/good/017.png,
931034a9755dc301aec2f54d,cable,final_test,0,good,cable/test/good/000.png,
9315a39fa80d7e7070eaee51,metal_nut,final_test,1,flip,metal_nut/test/flip/000.png,metal_nut/ground_truth/flip/000_mask.png
932368e743c5da222744ebfb,grid,fit,0,good,grid/train/good/207.png,
93358bee10e68d4c3946245a,hazelnut,fit,0,good,hazelnut/train/good/369.png,
934ae9663aa4b38e0651ad9e,wood,fit,0,good,wood/train/good/032.png,
93575c3eb5d686fab0e3ed83,leather,validation_normal,0,good,leather/train/good/202.png,
936af0d0d887f1ed1e2fa182,hazelnut,fit,0,good,hazelnut/train/good/272.png,
9372e34f41e39be6d8ef6ddc,cable,selection,1,bent_wire,cable/test/bent_wire/001.png,cable/ground_truth/bent_wire/001_mask.png
93804b897e848545597e1f41,metal_nut,fit,0,good,metal_nut/train/good/024.png,
938c7052534b7ecc08d04f8c,screw,final_test,1,scratch_neck,screw/test/scratch_neck/020.png,screw/ground_truth/scratch_neck/020_mask.png
9395122f19f9bb5e4f9f938e,leather,selection,0,good,leather/test/good/024.png,
9396ecfd606e77c1b9a12bc2,transistor,fit,0,good,transistor/train/good/139.png,
939d4449f68bce646929fec8,leather,final_test,0,good,leather/test/good/021.png,
93bf8ab60d003d6aeefa191a,bottle,fit,0,good,bottle/train/good/178.png,
93c7a6fe647b393cb8e36d1f,metal_nut,fit,0,good,metal_nut/train/good/196.png,
93d106822c0bd06afc576ecb,hazelnut,final_test,1,crack,hazelnut/test/crack/013.png,hazelnut/ground_truth/crack/013_mask.png
93d11b31a5ce092937fc585d,zipper,fit,0,good,zipper/train/good/214.png,
93d76601c79938b66a00f315,transistor,fit,0,good,transistor/train/good/136.png,
9404a1610aad8142536988c5,screw,validation_normal,0,good,screw/train/good/204.png,
940898cc4726c056446b09cc,tile,fit,0,good,tile/train/good/158.png,
940c4f717fbfa57d82eb7e79,hazelnut,fit,0,good,hazelnut/train/good/274.png,
9411681d65c8108ffdef411f,hazelnut,fit,0,good,hazelnut/train/good/141.png,
9421ecec4d7fad50e690cb67,hazelnut,final_test,1,hole,hazelnut/test/hole/016.png,hazelnut/ground_truth/hole/016_mask.png
942258007a76e89feb4cba79,grid,final_test,1,metal_contamination,grid/test/metal_contamination/005.png,grid/ground_truth/metal_contamination/005_mask.png
9425c3e5c0da54a598a8a175,capsule,calibration_normal,0,good,capsule/train/good/153.png,
94286f925378abfe00d5db64,tile,calibration_normal,0,good,tile/train/good/156.png,
94438b8b428002ef147de019,cable,final_test,1,missing_cable,cable/test/missing_cable/000.png,cable/ground_truth/missing_cable/000_mask.png
94778d107f0cd64156996842,leather,selection,1,color,leather/test/color/002.png,leather/ground_truth/color/002_mask.png
9478064e8eb0c8291f2b3061,tile,fit,0,good,tile/train/good/167.png,
947a7760469977277b2eda34,hazelnut,fit,0,good,hazelnut/train/good/222.png,
9483af6f42352df6bb62a60d,zipper,fit,0,good,zipper/train/good/205.png,
948cef9bd185c5b8783ce1ad,capsule,fit,0,good,capsule/train/good/109.png,
949636a9e5997859d3d21548,transistor,fit,0,good,transistor/train/good/032.png,
9499b37d5b765c3c3d632d83,hazelnut,fit,0,good,hazelnut/train/good/128.png,
949cffc458943e58b4ff1ef2,metal_nut,final_test,1,scratch,metal_nut/test/scratch/020.png,metal_nut/ground_truth/scratch/020_mask.png
94a67599e5a3a9acda9e0a57,capsule,calibration_normal,0,good,capsule/train/good/136.png,
94b2b342622a6e7eacd5ee04,zipper,fit,0,good,zipper/train/good/042.png,
94b4b1075ca8e1f7987bd5c8,tile,fit,0,good,tile/train/good/069.png,
94d03f88172c4ba8da26781b,hazelnut,fit,0,good,hazelnut/train/good/307.png,
94d8d990d33abc51886c1553,grid,fit,0,good,grid/train/good/077.png,
94de313939c7fab6fedb2f32,hazelnut,final_test,0,good,hazelnut/test/good/026.png,
94e5df72ae14a4aa4493fd30,bottle,calibration_normal,0,good,bottle/train/good/192.png,
94e79c4c5e59a2dca17588c8,capsule,final_test,1,poke,capsule/test/poke/001.png,capsule/ground_truth/poke/001_mask.png
94ec5442407f7a775c7675f8,bottle,fit,0,good,bottle/train/good/123.png,
94f550f195efd2d8700112be,pill,fit,0,good,pill/train/good/135.png,
950d5c514d53db33d27b901d,zipper,selection,1,combined,zipper/test/combined/003.png,zipper/ground_truth/combined/003_mask.png
9510081e7f6f70feb63a9918,capsule,fit,0,good,capsule/train/good/065.png,
9516a8f3d8903b866fbe0f26,grid,fit,0,good,grid/train/good/045.png,
95171f75854fd24f3fa9c4b8,pill,fit,0,good,pill/train/good/007.png,
9517dcfcaead7ed7401194ea,leather,fit,0,good,leather/train/good/181.png,
951a9f398477d2a48026ce37,zipper,fit,0,good,zipper/train/good/158.png,
951e4cb5105f3ef63f1c0886,carpet,calibration_normal,0,good,carpet/train/good/091.png,
9530f2ce2c08b4d3d502e9f8,carpet,fit,0,good,carpet/train/good/103.png,
953c8b1de6d4011acf0b9e82,pill,validation_normal,0,good,pill/train/good/134.png,
9542ccf1a52f092a232157be,metal_nut,calibration_normal,0,good,metal_nut/train/good/034.png,
9544d9b65917bd173c73d7ac,tile,validation_normal,0,good,tile/train/good/001.png,
95510dd1268949d81f04f575,pill,validation_normal,0,good,pill/train/good/000.png,
95669ca3864dc06b8e50597c,wood,validation_normal,0,good,wood/train/good/033.png,
956c7dbce0f4f6f08ade22dd,screw,fit,0,good,screw/train/good/106.png,
957213479780fd942f6ad559,cable,final_test,0,good,cable/test/good/015.png,
95894012e19b338ce5c3d689,wood,final_test,1,color,wood/test/color/000.png,wood/ground_truth/color/000_mask.png
958a6fed34b3c709265aa9f3,zipper,final_test,1,combined,zipper/test/combined/012.png,zipper/ground_truth/combined/012_mask.png
959016e5890c82d048a1452a,transistor,fit,0,good,transistor/train/good/210.png,
95a67777fdafb1cc09edb042,toothbrush,fit,0,good,toothbrush/train/good/052.png,
95ab70d75f29c5f5ba47568d,metal_nut,fit,0,good,metal_nut/train/good/189.png,
95c9f42fa27557a266b6dd15,capsule,selection,1,faulty_imprint,capsule/test/faulty_imprint/006.png,capsule/ground_truth/faulty_imprint/006_mask.png
95cb2d619a989885ffa54dbd,zipper,fit,0,good,zipper/train/good/142.png,
95cba49e48e962113fef11e5,pill,selection,1,scratch,pill/test/scratch/003.png,pill/ground_truth/scratch/003_mask.png
95df873da31635e84e3303e9,tile,selection,0,good,tile/test/good/002.png,
95f4bdc99ea16e03f87d0503,grid,fit,0,good,grid/train/good/250.png,
95fa03b7661f92beb8000ec8,carpet,fit,0,good,carpet/train/good/090.png,
95fa4708eeceda540850bdec,metal_nut,selection,1,bent,metal_nut/test/bent/018.png,metal_nut/ground_truth/bent/018_mask.png
95ffc576274cd9db7a98ff01,wood,fit,0,good,wood/train/good/134.png,
96036bbb3426eb9ee6c134f3,hazelnut,fit,0,good,hazelnut/train/good/205.png,
960719043536f6ed32483208,hazelnut,fit,0,good,hazelnut/train/good/112.png,
960d917d25455764d3d5d5d7,leather,fit,0,good,leather/train/good/072.png,
960d98809c7f61d71e03f44d,hazelnut,fit,0,good,hazelnut/train/good/245.png,
9628f251fa0a72b9de7a9239,grid,selection,0,good,grid/test/good/004.png,
96357c232a20879fb213008d,pill,validation_normal,0,good,pill/train/good/034.png,
965593d62f2fa1d861274731,metal_nut,selection,1,flip,metal_nut/test/flip/022.png,metal_nut/ground_truth/flip/022_mask.png
9662a05ddfd8caa76b891a84,zipper,validation_normal,0,good,zipper/train/good/177.png,
9664729fa0320a57e14f72fc,zipper,calibration_normal,0,good,zipper/train/good/100.png,
967e1721941c0e48e393074f,bottle,fit,0,good,bottle/train/good/092.png,
968cec1d9aa58bf6adb69429,carpet,selection,1,cut,carpet/test/cut/013.png,carpet/ground_truth/cut/013_mask.png
968f9d31c4ceef54133e63c2,screw,fit,0,good,screw/train/good/247.png,
968ff1a5749596f59dc7c0f9,cable,fit,0,good,cable/train/good/164.png,
96a770ef749b76323381a25c,wood,calibration_normal,0,good,wood/train/good/175.png,
96b2567a89f003f3c6dc99bd,carpet,fit,0,good,carpet/train/good/159.png,
96ca0f7eed594fb7e9d653c4,leather,final_test,1,color,leather/test/color/010.png,leather/ground_truth/color/010_mask.png
96cfacd2bde9ae69403c4301,grid,fit,0,good,grid/train/good/128.png,
96d3df3d7752c2ef970c8411,grid,fit,0,good,grid/train/good/195.png,
96e2e4efac7b3bc26ced4ef3,bottle,fit,0,good,bottle/train/good/141.png,
96e5fb731577deb7acd0c9a2,screw,fit,0,good,screw/train/good/062.png,
96f57ce54143b4199f316e1b,transistor,calibration_normal,0,good,transistor/train/good/144.png,
970e03e272b683384059dbe1,hazelnut,final_test,1,print,hazelnut/test/print/012.png,hazelnut/ground_truth/print/012_mask.png
97144ec16d67d4bc0a8a4f46,pill,fit,0,good,pill/train/good/210.png,
971bfedf7566faaef58e78b9,zipper,final_test,1,fabric_border,zipper/test/fabric_border/014.png,zipper/ground_truth/fabric_border/014_mask.png
9725a92f675754f43705acca,carpet,fit,0,good,carpet/train/good/040.png,
972833aaada019a3206c3535,bottle,validation_normal,0,good,bottle/train/good/023.png,
973265634347946852992d04,leather,fit,0,good,leather/train/good/010.png,
97467cac7754f24e7d250f45,hazelnut,fit,0,good,hazelnut/train/good/253.png,
975669c127ab8154856bac96,tile,fit,0,good,tile/train/good/124.png,
97626b1174c318eb6b283752,cable,selection,1,poke_insulation,cable/test/poke_insulation/001.png,cable/ground_truth/poke_insulation/001_mask.png
977234a707a77c2317a6dc3b,grid,fit,0,good,grid/train/good/151.png,
9773f53362d94d3b1e191bed,screw,validation_normal,0,good,screw/train/good/023.png,
9786e14887a4d4a6c9efd089,leather,calibration_normal,0,good,leather/train/good/024.png,
978b85b618f0421fab1f2097,cable,fit,0,good,cable/train/good/012.png,
978cd1dd08cbdbfb92cdac5e,pill,final_test,1,color,pill/test/color/001.png,pill/ground_truth/color/001_mask.png
9791a54f430d4bfa6f0a394e,capsule,fit,0,good,capsule/train/good/094.png,
97ae790648a63c2e8c0ec40f,hazelnut,fit,0,good,hazelnut/train/good/197.png,
97bc341b204a10cbd83a4e98,capsule,validation_normal,0,good,capsule/train/good/025.png,
97cfee00239c9dd1d1825de8,leather,selection,1,color,leather/test/color/004.png,leather/ground_truth/color/004_mask.png
97d73d94512b6aabb633d57c,screw,calibration_normal,0,good,screw/train/good/251.png,
97d8618bae32bf769728fe12,screw,fit,0,good,screw/train/good/186.png,
97e645db576f0d14d18a5570,capsule,selection,1,squeeze,capsule/test/squeeze/009.png,capsule/ground_truth/squeeze/009_mask.png
97f1658d36f56000138ad090,grid,fit,0,good,grid/train/good/188.png,
980c2389dd1b48196964b6af,carpet,validation_normal,0,good,carpet/train/good/118.png,
98206fe60b8c37bd977e311a,cable,selection,1,missing_cable,cable/test/missing_cable/009.png,cable/ground_truth/missing_cable/009_mask.png
983ff289f6d4dc06bcee5c47,metal_nut,validation_normal,0,good,metal_nut/train/good/168.png,
984663a90db8e6df86e47c35,grid,validation_normal,0,good,grid/train/good/113.png,
98469431cab2e57730a7379f,tile,final_test,0,good,tile/test/good/007.png,
98474673e5be1b5b283c92a8,bottle,final_test,0,good,bottle/test/good/010.png,
984b7b0181698827bccea426,zipper,final_test,1,fabric_interior,zipper/test/fabric_interior/014.png,zipper/ground_truth/fabric_interior/014_mask.png
985659378061b54f4fd88571,hazelnut,fit,0,good,hazelnut/train/good/142.png,
9867bbf78b0387e95c1be0b4,screw,fit,0,good,screw/train/good/128.png,
9868d799763ff4319322f66b,screw,fit,0,good,screw/train/good/131.png,
986accda8cf88423d0312b43,wood,final_test,1,scratch,wood/test/scratch/008.png,wood/ground_truth/scratch/008_mask.png
986c86b98bc91d45f0b5ca0c,metal_nut,fit,0,good,metal_nut/train/good/008.png,
9883fa028a3fd3fa642c583d,tile,validation_normal,0,good,tile/train/good/019.png,
98850a587156e5b1fabb35d4,cable,calibration_normal,0,good,cable/train/good/027.png,
9893cad407639b7b14babf9c,zipper,validation_normal,0,good,zipper/train/good/229.png,
98a7d96026cec70c4f3b016e,pill,selection,1,crack,pill/test/crack/025.png,pill/ground_truth/crack/025_mask.png
98b174e47eb286579ebb9383,bottle,fit,0,good,bottle/train/good/116.png,
98b19f8e5565bf7adbf6b5b4,screw,fit,0,good,screw/train/good/218.png,
98c52783b5954b045b8194ca,screw,selection,1,thread_top,screw/test/thread_top/020.png,screw/ground_truth/thread_top/020_mask.png
98d5b7e4fe335803e6131614,tile,final_test,0,good,tile/test/good/009.png,
98ec0ff3fc0611c887f97a6e,transistor,calibration_normal,0,good,transistor/train/good/035.png,
98edaa465113fe051abf66e3,grid,fit,0,good,grid/train/good/112.png,
98edb786ac26325708d8202c,screw,fit,0,good,screw/train/good/250.png,
98fce40ce0d36a6d7caf1a9f,zipper,selection,1,broken_teeth,zipper/test/broken_teeth/003.png,zipper/ground_truth/broken_teeth/003_mask.png
99233b031b12b497f4dc9e59,screw,fit,0,good,screw/train/good/242.png,
992b09eff995e15666a31bc1,bottle,fit,0,good,bottle/train/good/061.png,
992ba12b3a40b4467705ec0d,zipper,calibration_normal,0,good,zipper/train/good/121.png,
993245e7310787ca8d6e5d1e,screw,validation_normal,0,good,screw/train/good/260.png,
9937eaee087b93247bfb8ecf,pill,final_test,0,good,pill/test/good/008.png,
993ae5e9e4618d745d1e4b54,carpet,fit,0,good,carpet/train/good/114.png,
9943fb4248a47ae3507da194,hazelnut,fit,0,good,hazelnut/train/good/331.png,
9949fb3336a257ba3cc28ce8,cable,fit,0,good,cable/train/good/139.png,
995bb2fa81d4f7b91e7fd444,leather,selection,1,poke,leather/test/poke/015.png,leather/ground_truth/poke/015_mask.png
9961749692552330341c91a1,hazelnut,fit,0,good,hazelnut/train/good/072.png,
997738873471ae1a6e0b98dd,capsule,fit,0,good,capsule/train/good/053.png,
997d0ac79fa4e9a2bb663f74,metal_nut,final_test,1,bent,metal_nut/test/bent/019.png,metal_nut/ground_truth/bent/019_mask.png
998690d0af739ef992697f6b,carpet,fit,0,good,carpet/train/good/239.png,
999996a69ef5a36db6207764,tile,calibration_normal,0,good,tile/train/good/045.png,
99a61fc31eeb0c777a1ac3af,cable,fit,0,good,cable/train/good/080.png,
99b5a3af8a2ba745f39b12b6,capsule,final_test,0,good,capsule/test/good/016.png,
99c1dfb82ecfd901055522a7,tile,validation_normal,0,good,tile/train/good/182.png,
99d1d1fe7744c2ef9f08bd4a,pill,selection,1,color,pill/test/color/004.png,pill/ground_truth/color/004_mask.png
99f28fdc508fe7e92caf7ed4,screw,fit,0,good,screw/train/good/228.png,
99f9bcc7769aa688193615d6,zipper,fit,0,good,zipper/train/good/176.png,
99fb788220554f7505fbc3c2,grid,fit,0,good,grid/train/good/024.png,
9a00f4937d6e6cfea03684da,metal_nut,validation_normal,0,good,metal_nut/train/good/109.png,
9a04f954f59e83681b55bd61,pill,calibration_normal,0,good,pill/train/good/260.png,
9a0901f2784f9c87a9e4357f,wood,final_test,0,good,wood/test/good/005.png,
9a1857fd929ea769b2bd36c7,transistor,final_test,0,good,transistor/test/good/032.png,
9a1e6c282022e4e084246c85,capsule,selection,1,poke,capsule/test/poke/018.png,capsule/ground_truth/poke/018_mask.png
9a2dcacb2c5b144fbc9ba779,hazelnut,final_test,1,print,hazelnut/test/print/006.png,hazelnut/ground_truth/print/006_mask.png
9a2fe663fcbfde2ddeec78d6,carpet,fit,0,good,carpet/train/good/037.png,
9a3a0e1f39f62c8f7b27a922,pill,final_test,1,color,pill/test/color/012.png,pill/ground_truth/color/012_mask.png
9a43c811556f6f0abe416566,hazelnut,fit,0,good,hazelnut/train/good/191.png,
9a7b2981b69d3834752dba05,wood,selection,0,good,wood/test/good/003.png,
9a82e1b2f95b887bc54d74ec,carpet,fit,0,good,carpet/train/good/182.png,
9a8ef08fd19c501f309d2979,pill,final_test,1,faulty_imprint,pill/test/faulty_imprint/012.png,pill/ground_truth/faulty_imprint/012_mask.png
9a913efa8fdd53d3ed53822d,screw,fit,0,good,screw/train/good/208.png,
9a91719b6412ecc92e90aebe,hazelnut,selection,1,hole,hazelnut/test/hole/011.png,hazelnut/ground_truth/hole/011_mask.png
9a99c6cd06faf8f698b7d741,screw,final_test,1,scratch_neck,screw/test/scratch_neck/004.png,screw/ground_truth/scratch_neck/004_mask.png
9ae7c2e55682cfc1398f7562,grid,fit,0,good,grid/train/good/169.png,
9af06898f902a21ef31e4356,metal_nut,calibration_normal,0,good,metal_nut/train/good/122.png,
9afb6e8c1e5c1e6a9d5f9ec6,hazelnut,final_test,0,good,hazelnut/test/good/010.png,
9b081deaaca706e0771463ad,carpet,fit,0,good,carpet/train/good/210.png,
9b16f421fa9cbe12e8f61aad,capsule,selection,1,poke,capsule/test/poke/006.png,capsule/ground_truth/poke/006_mask.png
9b1c5c4667c256a81b0abc5e,cable,final_test,0,good,cable/test/good/025.png,
9b1e9d8c86780b9bf29d6a53,pill,fit,0,good,pill/train/good/220.png,
9b2471132a88225d00accf0d,screw,fit,0,good,screw/train/good/224.png,
9b38d426e4e3551308725496,capsule,final_test,1,scratch,capsule/test/scratch/007.png,capsule/ground_truth/scratch/007_mask.png
9b3d4383f8b8433cbc08723d,wood,validation_normal,0,good,wood/train/good/120.png,
9b3dd117735ed033003682c5,pill,selection,1,crack,pill/test/crack/008.png,pill/ground_truth/crack/008_mask.png
9b4857da5ae0131b7f957967,screw,fit,0,good,screw/train/good/269.png,
9b49436e79fdb43493b3fc98,tile,fit,0,good,tile/train/good/078.png,
9b4ccda3621ca323b02c14d5,pill,fit,0,good,pill/train/good/226.png,
9b4dc001d29b54586f92fce5,pill,fit,0,good,pill/train/good/028.png,
9b4eea65fb7b8fd58ec3e5b2,hazelnut,fit,0,good,hazelnut/train/good/286.png,
9b6463decc03609d42357506,carpet,fit,0,good,carpet/train/good/271.png,
9b6eeb658112b26a82fbe6cc,screw,final_test,1,thread_top,screw/test/thread_top/005.png,screw/ground_truth/thread_top/005_mask.png
9b7ef3d0918cf60afa063e56,pill,selection,1,contamination,pill/test/contamination/017.png,pill/ground_truth/contamination/017_mask.png
9b8bcfe8ccbc0cccc430412c,screw,fit,0,good,screw/train/good/297.png,
9b8fadc05e8f928b04dd4c31,capsule,validation_normal,0,good,capsule/train/good/129.png,
9b927d57ea5ad2dfeed503bb,zipper,calibration_normal,0,good,zipper/train/good/228.png,
9b9a6ab9b83b81eff3025fcf,screw,fit,0,good,screw/train/good/159.png,
9bbad9f97c32cf55cc23280f,bottle,fit,0,good,bottle/train/good/153.png,
9bc1f8d2c4ac2519073205c3,hazelnut,final_test,1,hole,hazelnut/test/hole/006.png,hazelnut/ground_truth/hole/006_mask.png
9bce18bc4e930251a65f67ad,capsule,selection,1,crack,capsule/test/crack/002.png,capsule/ground_truth/crack/002_mask.png
9bdb0dafb1bbf2c4e8bd86de,carpet,validation_normal,0,good,carpet/train/good/077.png,
9bdb3c9c618e25167471ba07,capsule,validation_normal,0,good,capsule/train/good/140.png,
9bdef81bc620777463c3f7d6,hazelnut,validation_normal,0,good,hazelnut/train/good/239.png,
9be1a7d9f0102898c5bb2e70,cable,selection,1,cut_inner_insulation,cable/test/cut_inner_insulation/004.png,cable/ground_truth/cut_inner_insulation/004_mask.png
9be2323c2002249b4b756d93,leather,final_test,1,cut,leather/test/cut/014.png,leather/ground_truth/cut/014_mask.png
9bf097e90e92ad472b7e0a3d,leather,fit,0,good,leather/train/good/074.png,
9c024daf704b5805d0997169,carpet,fit,0,good,carpet/train/good/070.png,
9c0e8a0863835b4c17367279,hazelnut,fit,0,good,hazelnut/train/good/298.png,
9c291353512d5f7b10e89d7b,screw,selection,1,scratch_head,screw/test/scratch_head/005.png,screw/ground_truth/scratch_head/005_mask.png
9c32ec529694661e82ec0245,transistor,fit,0,good,transistor/train/good/204.png,
9c4bd8ca74ae13f4150e6d39,carpet,final_test,1,thread,carpet/test/thread/003.png,carpet/ground_truth/thread/003_mask.png
9c4c15deca143344090eec0d,screw,fit,0,good,screw/train/good/266.png,
9c52e386bcc60e49204ded57,capsule,calibration_normal,0,good,capsule/train/good/146.png,
9c564c4fe0449c64b55002b7,pill,validation_normal,0,good,pill/train/good/232.png,
9c58be0c959848b18aae4bbc,cable,fit,0,good,cable/train/good/090.png,
9c8ba900ed996e8d09e1670f,pill,fit,0,good,pill/train/good/029.png,
9c8fb3d4907609ccb747361d,pill,final_test,0,good,pill/test/good/017.png,
9c96b9b98b8c790d0bac0197,capsule,final_test,1,faulty_imprint,capsule/test/faulty_imprint/001.png,capsule/ground_truth/faulty_imprint/001_mask.png
9ca079fee047cbf88014ed0c,tile,final_test,0,good,tile/test/good/011.png,
9ca89f1a34e186e4bd8dcbe2,cable,fit,0,good,cable/train/good/057.png,
9cb4713147ef46f5233c0ec6,tile,calibration_normal,0,good,tile/train/good/099.png,
9cbf8d446c897d9ab1d89221,carpet,fit,0,good,carpet/train/good/265.png,
9ce4a15b403a219f1f25defb,tile,calibration_normal,0,good,tile/train/good/039.png,
9ce5acabf532df217e10a157,transistor,selection,0,good,transistor/test/good/020.png,
9ce652ef3ab1d411a13d3b93,tile,fit,0,good,tile/train/good/205.png,
9cf03954fbd12d62c1297020,grid,final_test,1,metal_contamination,grid/test/metal_contamination/001.png,grid/ground_truth/metal_contamination/001_mask.png
9cf29ae0edb9ae3a0b730ee1,tile,final_test,1,glue_strip,tile/test/glue_strip/013.png,tile/ground_truth/glue_strip/013_mask.png
9cfa2a624d8c3c039c8a95f9,bottle,fit,0,good,bottle/train/good/053.png,
9d03ab58526f92881bebd095,capsule,selection,1,faulty_imprint,capsule/test/faulty_imprint/021.png,capsule/ground_truth/faulty_imprint/021_mask.png
9d1e47fd1e179f039f8a8427,screw,selection,0,good,screw/test/good/015.png,
9d2ad5fc1ef32e971751c391,leather,fit,0,good,leather/train/good/238.png,
9d336a800bfa3c212abbf754,wood,fit,0,good,wood/train/good/104.png,
9d3ec8ce6ca9b70a88ee4027,zipper,fit,0,good,zipper/train/good/130.png,
9d3ee74f0ac0c0bcb3cb3cdc,hazelnut,fit,0,good,hazelnut/train/good/067.png,
9d5cf9c3d43b499e6caf8849,tile,selection,1,rough,tile/test/rough/003.png,tile/ground_truth/rough/003_mask.png
9d5f074908bb6fe2b37e5e20,hazelnut,final_test,1,hole,hazelnut/test/hole/015.png,hazelnut/ground_truth/hole/015_mask.png
9d648e3cd851992007c0d386,tile,fit,0,good,tile/train/good/224.png,
9d66f2d266e0f84cae54dc48,zipper,validation_normal,0,good,zipper/train/good/056.png,
9d6efc90f76de0f306ddd51c,tile,selection,0,good,tile/test/good/021.png,
9d7629547a84ef6b68e915e4,bottle,fit,0,good,bottle/train/good/171.png,
9d7e1f058fad6b2b420f4fb3,pill,selection,1,contamination,pill/test/contamination/009.png,pill/ground_truth/contamination/009_mask.png
9d7eac2673fbe18b5b602ff3,hazelnut,fit,0,good,hazelnut/train/good/045.png,
9d90bf5609e5c0fa4d8e621d,grid,fit,0,good,grid/train/good/099.png,
9daae936e0547a8b3287f1b5,grid,selection,1,broken,grid/test/broken/010.png,grid/ground_truth/broken/010_mask.png
9db1599e0586f97020c6a66e,capsule,final_test,1,faulty_imprint,capsule/test/faulty_imprint/011.png,capsule/ground_truth/faulty_imprint/011_mask.png
9db5e77521095aeff7914e67,cable,final_test,1,poke_insulation,cable/test/poke_insulation/003.png,cable/ground_truth/poke_insulation/003_mask.png
9dc2ab7b139ebed0a5d7f392,wood,final_test,0,good,wood/test/good/015.png,
9dd75a16ed2354f8b7bd978c,screw,fit,0,good,screw/train/good/115.png,
9de33300587b7422b3341b06,zipper,selection,1,broken_teeth,zipper/test/broken_teeth/016.png,zipper/ground_truth/broken_teeth/016_mask.png
9de8578d1eb112cbfbc370c9,zipper,fit,0,good,zipper/train/good/225.png,
9df7a291b397c6a9a9e2b8af,pill,validation_normal,0,good,pill/train/good/103.png,
9df8b702268e6eae756d5b06,pill,validation_normal,0,good,pill/train/good/257.png,
9dfca8dcb1eb45fc8589a395,screw,selection,0,good,screw/test/good/017.png,
9e071bbaa6ae825bf93c229d,capsule,fit,0,good,capsule/train/good/008.png,
9e114a2b6082a1088f9e3be3,tile,final_test,1,oil,tile/test/oil/000.png,tile/ground_truth/oil/000_mask.png
9e14eb3a496fab5d4b1e5375,tile,fit,0,good,tile/train/good/153.png,
9e2278e0eaf5e87a504cad6e,cable,fit,0,good,cable/train/good/147.png,
9e23df4b351f5c7d2dcbe36b,bottle,selection,1,broken_large,bottle/test/broken_large/008.png,bottle/ground_truth/broken_large/008_mask.png
9e33e7c7570c69fa201dbba5,transistor,final_test,1,cut_lead,transistor/test/cut_lead/005.png,transistor/ground_truth/cut_lead/005_mask.png
9e4080bf109909b277578fc6,pill,final_test,0,good,pill/test/good/013.png,
9e4c44010f6cc9a530809171,zipper,fit,0,good,zipper/train/good/221.png,
9e57c6475883f6044dad28b0,pill,fit,0,good,pill/train/good/107.png,
9e72766960245797a2cf7255,bottle,fit,0,good,bottle/train/good/122.png,
9e74351b2a528a019f99e7d9,leather,final_test,1,glue,leather/test/glue/014.png,leather/ground_truth/glue/014_mask.png
9e752e70975f493b002507c6,transistor,fit,0,good,transistor/train/good/011.png,
9e912df575f789b6e50b4893,cable,fit,0,good,cable/train/good/154.png,
9e94e4f17f2e4f7a39d9a1a0,zipper,selection,1,split_teeth,zipper/test/split_teeth/008.png,zipper/ground_truth/split_teeth/008_mask.png
9e95cd847ac8101df8856bad,carpet,final_test,1,color,carpet/test/color/004.png,carpet/ground_truth/color/004_mask.png
9e964e0d30d52afa441d0718,pill,fit,0,good,pill/train/good/181.png,
9ea6ca50431918299b8b1270,screw,fit,0,good,screw/train/good/120.png,
9ea9750ede1d255635852e89,pill,fit,0,good,pill/train/good/065.png,
9eb279e88ea4c823039fc966,wood,validation_normal,0,good,wood/train/good/167.png,
9ebb180976b2275d35373a62,leather,fit,0,good,leather/train/good/213.png,
9edb10d3012d7c01222848b4,grid,final_test,0,good,grid/test/good/015.png,
9ef0333228e777b5dff33f09,hazelnut,fit,0,good,hazelnut/train/good/314.png,
9ef5267888e63e12ba7da95a,zipper,fit,0,good,zipper/train/good/080.png,
9ef5a3cd2f7c09b3f4d4b74b,transistor,fit,0,good,transistor/train/good/040.png,
9ef8c8d89f50375f96728900,zipper,final_test,0,good,zipper/test/good/001.png,
9f0683dc08b789ee65c04468,capsule,selection,1,scratch,capsule/test/scratch/013.png,capsule/ground_truth/scratch/013_mask.png
9f09829eec6e8ba72d75f286,leather,selection,0,good,leather/test/good/002.png,
9f1144a9ab4235c8af219ec6,bottle,fit,0,good,bottle/train/good/017.png,
9f17913ed0a269f5f0fb97c2,pill,fit,0,good,pill/train/good/159.png,
9f4399936f1e81fa9d8dfd38,grid,fit,0,good,grid/train/good/037.png,
9f761c3ace9e0310df805c26,wood,final_test,1,scratch,wood/test/scratch/006.png,wood/ground_truth/scratch/006_mask.png
9f82756e2b745495389c40fd,capsule,validation_normal,0,good,capsule/train/good/163.png,
9f83770ac8f0f70cbb263ba0,hazelnut,fit,0,good,hazelnut/train/good/029.png,
9fa8a65ac9eeee7e8a0ba9be,wood,final_test,1,hole,wood/test/hole/001.png,wood/ground_truth/hole/001_mask.png
9fad38d63d8924f46952783a,tile,fit,0,good,tile/train/good/013.png,
9fb3938054041430b9c5b29a,transistor,validation_normal,0,good,transistor/train/good/045.png,
9fc5a5d7f81e3d63f892f476,capsule,selection,1,faulty_imprint,capsule/test/faulty_imprint/003.png,capsule/ground_truth/faulty_imprint/003_mask.png
9fc8c655ec235ed34ac80fc3,cable,validation_normal,0,good,cable/train/good/005.png,
9fdf723ae7f66c28416de1b5,bottle,calibration_normal,0,good,bottle/train/good/179.png,
9feb50c1f5a7e1090d655535,screw,validation_normal,0,good,screw/train/good/237.png,
9fee5aed8a5ee30dbcde0fb2,grid,fit,0,good,grid/train/good/196.png,
a002742ba1466d0c92ee58ad,toothbrush,fit,0,good,toothbrush/train/good/003.png,
a004d2377918ea948a155ad3,carpet,calibration_normal,0,good,carpet/train/good/246.png,
a00b7a09c309f52d7ac69b27,screw,selection,1,thread_side,screw/test/thread_side/000.png,screw/ground_truth/thread_side/000_mask.png
a00c97106b98e50256967b77,carpet,fit,0,good,carpet/train/good/099.png,
a026aab002bb554368a77c8c,capsule,fit,0,good,capsule/train/good/072.png,
a032951ef1b0cfb8c08c746f,hazelnut,final_test,1,crack,hazelnut/test/crack/005.png,hazelnut/ground_truth/crack/005_mask.png
a03341747548fb28356adb9c,screw,final_test,1,thread_side,screw/test/thread_side/010.png,screw/ground_truth/thread_side/010_mask.png
a0488e48074fbb64fa8e8483,wood,fit,0,good,wood/train/good/203.png,
a05a7c1b47a72f05bcfd1a37,screw,fit,0,good,screw/train/good/085.png,
a071146495a74e7ccb75a3a7,capsule,fit,0,good,capsule/train/good/018.png,
a0847a71497b0f6fd97a24d0,tile,fit,0,good,tile/train/good/209.png,
a08b366f52fd8514e3a78c90,bottle,calibration_normal,0,good,bottle/train/good/070.png,
a0a7ab50825185fc5ec65ab6,capsule,fit,0,good,capsule/train/good/172.png,
a0b5140046dc41133d58f556,carpet,fit,0,good,carpet/train/good/263.png,
a0d21119f2c68744b0827618,carpet,calibration_normal,0,good,carpet/train/good/107.png,
a0ee1882bd5e5d2c6a9eaacb,zipper,selection,1,combined,zipper/test/combined/007.png,zipper/ground_truth/combined/007_mask.png
a106f01d536fcef3f56ef229,zipper,final_test,0,good,zipper/test/good/000.png,
a12ae55874c9ff004a6ace91,transistor,validation_normal,0,good,transistor/train/good/161.png,
a12ca25bf424386d5963e36f,grid,calibration_normal,0,good,grid/train/good/189.png,
a1319a6cd2ae3fa2f358d462,tile,calibration_normal,0,good,tile/train/good/176.png,
a1339ae3953cee968a6f6541,capsule,fit,0,good,capsule/train/good/217.png,
a13409c882d7e1a832d0a4b3,zipper,final_test,0,good,zipper/test/good/015.png,
a13bde20f911d258ad3c198e,bottle,fit,0,good,bottle/train/good/074.png,
a13d19deaa6502b204841cf2,metal_nut,validation_normal,0,good,metal_nut/train/good/006.png,
a15bfddc615f3c10ca39d8d3,wood,fit,0,good,wood/train/good/114.png,
a16618bee0acb9e116d932a7,screw,fit,0,good,screw/train/good/220.png,
a1a082998016f69b304eef5b,screw,calibration_normal,0,good,screw/train/good/304.png,
a1bc09336cd311fe17957194,metal_nut,calibration_normal,0,good,metal_nut/train/good/013.png,
a1dc1233cd528148ae46463d,tile,validation_normal,0,good,tile/train/good/074.png,
a1dd65cfa284d946e414d0d1,wood,fit,0,good,wood/train/good/055.png,
a2012a2eac6401a38a838624,zipper,fit,0,good,zipper/train/good/234.png,
a21c1dc350c94739f3a03cc4,grid,calibration_normal,0,good,grid/train/good/194.png,
a220e5a711dbc69e15de271b,wood,fit,0,good,wood/train/good/057.png,
a225c24a8879f767db7ebcd9,zipper,fit,0,good,zipper/train/good/181.png,
a22d38b8a739fce4a987f823,wood,fit,0,good,wood/train/good/218.png,
a24225f3eaba769d5ef2f9d1,tile,fit,0,good,tile/train/good/171.png,
a24bd899d3699b11f7f028db,pill,final_test,0,good,pill/test/good/005.png,
a266b56e06df14aa3cd4c7c7,zipper,fit,0,good,zipper/train/good/015.png,
a268a595d5f4c4b426dccab2,bottle,selection,1,broken_small,bottle/test/broken_small/021.png,bottle/ground_truth/broken_small/021_mask.png
a26934ae9fc54daadfaaa2a4,bottle,calibration_normal,0,good,bottle/train/good/169.png,
a269c97435fac485fedc359c,cable,fit,0,good,cable/train/good/145.png,
a288c72046825e59e3488bfa,transistor,final_test,0,good,transistor/test/good/002.png,
a28b9e291153eaefef8735cb,hazelnut,selection,0,good,hazelnut/test/good/033.png,
a2a3979bc7b5abd49e117d4e,metal_nut,final_test,1,flip,metal_nut/test/flip/012.png,metal_nut/ground_truth/flip/012_mask.png
a2a6a299e5c38cf2b5e689f3,metal_nut,fit,0,good,metal_nut/train/good/018.png,
a2c97ff3afe4d1ac468a7bd7,cable,fit,0,good,cable/train/good/047.png,
a2d703f39829e8d3bc2a4855,capsule,selection,0,good,capsule/test/good/009.png,
a3263a6ec0c88fbc9c66a50c,tile,fit,0,good,tile/train/good/129.png,
a3397c326efbdb9ed576e005,bottle,fit,0,good,bottle/train/good/089.png,
a3718df67351e06fc69559e3,leather,fit,0,good,leather/train/good/215.png,
a3a87f330923113e3792ed6f,capsule,fit,0,good,capsule/train/good/200.png,
a3bf6c57c4f21681abee54c9,screw,fit,0,good,screw/train/good/097.png,
a3cab9d3695c7c5eca280ea5,hazelnut,fit,0,good,hazelnut/train/good/084.png,
a3d94a415850a5608470d4df,metal_nut,fit,0,good,metal_nut/train/good/125.png,
a3da15a333701c6433954940,pill,calibration_normal,0,good,pill/train/good/026.png,
a3db2d0ec77d80ef995c2296,leather,calibration_normal,0,good,leather/train/good/061.png,
a3e3a4bcbe2a9f38773d66ba,metal_nut,calibration_normal,0,good,metal_nut/train/good/180.png,
a3e6f220b9fc4d3ce7b082c2,wood,fit,0,good,wood/train/good/129.png,
a3fbde7673e925c7bd54667d,toothbrush,fit,0,good,toothbrush/train/good/016.png,
a40c84b047b02cc5158e5004,leather,selection,0,good,leather/test/good/014.png,
a41cf29f0ecfa2ef90fa1b89,grid,fit,0,good,grid/train/good/214.png,
a42a579203eb9140ebde8901,capsule,fit,0,good,capsule/train/good/216.png,
a448c5700607503a701850bf,tile,calibration_normal,0,good,tile/train/good/150.png,
a44d698578f6f21703cb2e29,cable,fit,0,good,cable/train/good/111.png,
a45ab366f3073f5ec41d3f6a,bottle,final_test,1,broken_small,bottle/test/broken_small/001.png,bottle/ground_truth/broken_small/001_mask.png
a45ea8860b6bf7ad25a95612,metal_nut,fit,0,good,metal_nut/train/good/149.png,
a46d77d39d71596dce802eb0,bottle,fit,0,good,bottle/train/good/159.png,
a4870170ff9594e5c02599a7,bottle,fit,0,good,bottle/train/good/040.png,
a48ad6fe0e8325d765a9158a,pill,fit,0,good,pill/train/good/201.png,
a4a8a9128a2e26f09e02030c,carpet,fit,0,good,carpet/train/good/102.png,
a4a9d58677dce601fc6f3a12,screw,fit,0,good,screw/train/good/051.png,
a4ba67bbc2be2e3f968461a2,tile,fit,0,good,tile/train/good/128.png,
a4bf09313a8d15b6eb3720cb,tile,fit,0,good,tile/train/good/203.png,
a4dd8c315f265a4c3d56dcd2,hazelnut,fit,0,good,hazelnut/train/good/150.png,
a4e46202080dde16305d298a,screw,fit,0,good,screw/train/good/180.png,
a4eec29efdb728086431a336,capsule,validation_normal,0,good,capsule/train/good/040.png,
a4fa6a3dad02ceb36693fbd1,metal_nut,selection,1,bent,metal_nut/test/bent/021.png,metal_nut/ground_truth/bent/021_mask.png
a520bfb78bde040ca9e045b9,wood,fit,0,good,wood/train/good/099.png,
a52c9d0b61069b6e46b8f54f,hazelnut,fit,0,good,hazelnut/train/good/066.png,
a52f1ac45b7c110b201b21ba,leather,final_test,1,poke,leather/test/poke/003.png,leather/ground_truth/poke/003_mask.png
a54a3607e92721f69d9b7d3e,zipper,selection,1,fabric_interior,zipper/test/fabric_interior/003.png,zipper/ground_truth/fabric_interior/003_mask.png
a557164adbdce0d05fa4b072,tile,final_test,0,good,tile/test/good/023.png,
a5689887f4497844f7f9e512,leather,fit,0,good,leather/train/good/188.png,
a5781145dc36450d42c496ca,screw,selection,0,good,screw/test/good/034.png,
a595b30beb7a3349885e53b8,hazelnut,selection,1,print,hazelnut/test/print/010.png,hazelnut/ground_truth/print/010_mask.png
a59a69708b8fe145238aab6a,hazelnut,calibration_normal,0,good,hazelnut/train/good/008.png,
a5bb9a913c3bf8a01529a633,metal_nut,final_test,0,good,metal_nut/test/good/018.png,
a5d005f17b82f1d8b2a23b97,pill,fit,0,good,pill/train/good/161.png,
a5d14814d77f729e5debef56,wood,fit,0,good,wood/train/good/037.png,
a5da5353f549abf6170543ce,transistor,final_test,0,good,transistor/test/good/028.png,
a5db316b4829a7e2fd3289ac,capsule,final_test,1,crack,capsule/test/crack/013.png,capsule/ground_truth/crack/013_mask.png
a5df0ac00831c531d548c424,pill,fit,0,good,pill/train/good/090.png,
a5ea2f288180b7fab98bb1d7,cable,final_test,1,missing_cable,cable/test/missing_cable/003.png,cable/ground_truth/missing_cable/003_mask.png
a5f05c7bdaa72557951833ee,screw,selection,1,thread_top,screw/test/thread_top/018.png,screw/ground_truth/thread_top/018_mask.png
a62587325b59bbf9f6435199,tile,fit,0,good,tile/train/good/064.png,
a628e0122ecd4861c23ac788,grid,selection,1,metal_contamination,grid/test/metal_contamination/007.png,grid/ground_truth/metal_contamination/007_mask.png
a63e049bba34248c14f97464,pill,fit,0,good,pill/train/good/231.png,
a645abb5e00d6902e3839946,cable,validation_normal,0,good,cable/train/good/119.png,
a645cc70aae903a3370acc63,zipper,final_test,1,broken_teeth,zipper/test/broken_teeth/005.png,zipper/ground_truth/broken_teeth/005_mask.png
a64b87a105215085bd7813f4,hazelnut,final_test,1,crack,hazelnut/test/crack/011.png,hazelnut/ground_truth/crack/011_mask.png
a654685aa288f0e97c376da5,carpet,fit,0,good,carpet/train/good/208.png,
a660b14052c99e8edab1e5b3,bottle,fit,0,good,bottle/train/good/163.png,
a671f95e3b88f5d58da97722,screw,final_test,0,good,screw/test/good/004.png,
a678ddf3d3f762b4838c4a72,capsule,final_test,1,squeeze,capsule/test/squeeze/000.png,capsule/ground_truth/squeeze/000_mask.png
a67bdf31877e13cbf069d672,metal_nut,selection,1,color,metal_nut/test/color/018.png,metal_nut/ground_truth/color/018_mask.png
a6821e8c4d2cbe105711cad5,transistor,final_test,0,good,transistor/test/good/048.png,
a68666847e97f5ef8e76b8eb,leather,final_test,1,color,leather/test/color/000.png,leather/ground_truth/color/000_mask.png
a687ef58f507391f96d73756,metal_nut,fit,0,good,metal_nut/train/good/020.png,
a6933c29798802ee5811ad19,hazelnut,fit,0,good,hazelnut/train/good/165.png,
a6986d74f63c6b62fd7ac366,transistor,fit,0,good,transistor/train/good/064.png,
a6ab0ab02470c6edb19eb9f3,wood,selection,1,color,wood/test/color/006.png,wood/ground_truth/color/006_mask.png
a6bd04aaae2b19738e2d9cf1,transistor,selection,1,bent_lead,transistor/test/bent_lead/001.png,transistor/ground_truth/bent_lead/001_mask.png
a6c1feffafef1892d4ffbb20,hazelnut,validation_normal,0,good,hazelnut/train/good/315.png,
a6d7ac72a814ed1b8e3d0083,metal_nut,validation_normal,0,good,metal_nut/train/good/095.png,
a6da658895d2f94e45749974,cable,fit,0,good,cable/train/good/120.png,
a6e5482ecdc12b3c41af84ad,grid,fit,0,good,grid/train/good/043.png,
a6efacc028f562d6daa5604b,pill,final_test,1,color,pill/test/color/000.png,pill/ground_truth/color/000_mask.png
a6fa4a8df9adc34457d888d5,tile,fit,0,good,tile/train/good/127.png,
a702fca3b21e391f47c3a382,metal_nut,final_test,1,color,metal_nut/test/color/010.png,metal_nut/ground_truth/color/010_mask.png
a72423dd2886ffa6cd7bc9bb,hazelnut,calibration_normal,0,good,hazelnut/train/good/018.png,
a72ecd1b63cb58d08943a4ae,cable,fit,0,good,cable/train/good/114.png,
a73ab74c79ad9685f47448a5,grid,final_test,0,good,grid/test/good/006.png,
a73b6a7bcb5b52536100cbf1,bottle,fit,0,good,bottle/train/good/067.png,
a74443b4be824e87b05c1582,metal_nut,final_test,1,bent,metal_nut/test/bent/020.png,metal_nut/ground_truth/bent/020_mask.png
a74bfb915d878af898a5f8c3,carpet,selection,0,good,carpet/test/good/000.png,
a76151d3dba9d6a090cf25e6,transistor,calibration_normal,0,good,transistor/train/good/123.png,
a769ea6ad0c4e77d9f377a7d,carpet,selection,1,cut,carpet/test/cut/005.png,carpet/ground_truth/cut/005_mask.png
a76c136158903955c6d727a4,bottle,fit,0,good,bottle/train/good/133.png,
a772a33eb01c50d8a8b537ec,tile,fit,0,good,tile/train/good/130.png,
a7a4b596e95edfb07244d2ba,wood,validation_normal,0,good,wood/train/good/096.png,
a7a969e1f7c6bc94199397f7,zipper,fit,0,good,zipper/train/good/198.png,
a7aa66035610893fcb93e1a4,zipper,selection,1,fabric_border,zipper/test/fabric_border/000.png,zipper/ground_truth/fabric_border/000_mask.png
a7afb1b3fdc2f3c2c86da875,leather,fit,0,good,leather/train/good/102.png,
a7bd1e8849e47b3304255f8d,tile,fit,0,good,tile/train/good/225.png,
a7c6ded28df3e68ddb9e6063,metal_nut,fit,0,good,metal_nut/train/good/077.png,
a7d3dc124de7fdc51d80463d,zipper,fit,0,good,zipper/train/good/082.png,
a7e9e03095a8ef2cd1763170,grid,final_test,1,glue,grid/test/glue/007.png,grid/ground_truth/glue/007_mask.png
a7ece499b77d97355392d274,screw,fit,0,good,screw/train/good/205.png,
a7f33c1e66b0a381264919cd,hazelnut,validation_normal,0,good,hazelnut/train/good/152.png,
a80aafbb961973fa29ef6211,screw,fit,0,good,screw/train/good/067.png,
a81c0021566f4c33359ae3b8,transistor,fit,0,good,transistor/train/good/063.png,
a83633378ad82cbbcb6325c3,tile,selection,1,rough,tile/test/rough/013.png,tile/ground_truth/rough/013_mask.png
a84b9b63c28d419249d3b708,capsule,validation_normal,0,good,capsule/train/good/000.png,
a84debeb41cf514aff09cd34,pill,calibration_normal,0,good,pill/train/good/016.png,
a852c5db3b51b5d7eb27ffaa,hazelnut,validation_normal,0,good,hazelnut/train/good/258.png,
a854b1494ec267e0432e1a1b,hazelnut,validation_normal,0,good,hazelnut/train/good/088.png,
a85a0673cac433559808aec7,pill,selection,1,color,pill/test/color/013.png,pill/ground_truth/color/013_mask.png
a8623711813c3c0dfbffcde9,screw,final_test,1,thread_top,screw/test/thread_top/003.png,screw/ground_truth/thread_top/003_mask.png
a87145e53dd33cf0505c8202,screw,fit,0,good,screw/train/good/012.png,
a8761a51d45af258cd4ef6a7,screw,fit,0,good,screw/train/good/060.png,
a89205c450af26c8d6b78074,zipper,selection,1,rough,zipper/test/rough/001.png,zipper/ground_truth/rough/001_mask.png
a89754db008eab5583f89c9a,bottle,final_test,1,broken_small,bottle/test/broken_small/006.png,bottle/ground_truth/broken_small/006_mask.png
a8985e2bd26a7a43531a3581,leather,selection,1,color,leather/test/color/017.png,leather/ground_truth/color/017_mask.png
a8a6740d90801cd3c0e9e773,capsule,fit,0,good,capsule/train/good/108.png,
a8d41213d61ac387ebf1b9e9,hazelnut,fit,0,good,hazelnut/train/good/327.png,
a8dd1ef4c4a70bfb26639067,hazelnut,calibration_normal,0,good,hazelnut/train/good/155.png,
a8eb8fd812a365569ed7d6cd,bottle,calibration_normal,0,good,bottle/train/good/140.png,
a8f04169ac2c719ffc9a4beb,cable,fit,0,good,cable/train/good/195.png,
a9037193cbfcb21fe38065c0,cable,selection,0,good,cable/test/good/027.png,
a906766fce76df1bec85f1e1,hazelnut,fit,0,good,hazelnut/train/good/268.png,
a90fecf4b6bb6090fcbb5f76,leather,final_test,0,good,leather/test/good/011.png,
a916f94526d84a463651fe56,carpet,selection,1,color,carpet/test/color/018.png,carpet/ground_truth/color/018_mask.png
a91be0ff7fcd453fd57f4b50,cable,fit,0,good,cable/train/good/109.png,
a92bd4f53e6e3defbb99ce8e,pill,validation_normal,0,good,pill/train/good/020.png,
a945cb10453bc31faf5b94ac,bottle,fit,0,good,bottle/train/good/104.png,
a94ff95f26a62a93f8a0ac5e,hazelnut,fit,0,good,hazelnut/train/good/250.png,
a95234bc45343fa939ec9098,wood,selection,1,scratch,wood/test/scratch/005.png,wood/ground_truth/scratch/005_mask.png
a959b070db8d36db18c1f66b,bottle,calibration_normal,0,good,bottle/train/good/170.png,
a979d0fe4d8b0dfcaab92b18,hazelnut,fit,0,good,hazelnut/train/good/050.png,
a98a3c6343b95589e8788dce,carpet,selection,0,good,carpet/test/good/001.png,
a99272481cac00bb13a26253,toothbrush,final_test,1,defective,toothbrush/test/defective/025.png,toothbrush/ground_truth/defective/025_mask.png
a9b02f58862aa0539d088f04,leather,fit,0,good,leather/train/good/011.png,
a9bae8c1d944c2a5e048740d,bottle,selection,1,contamination,bottle/test/contamination/006.png,bottle/ground_truth/contamination/006_mask.png
a9d78a82f013b4ce7c3fdf0c,grid,fit,0,good,grid/train/good/249.png,
a9dfae20e03ac28110c64830,capsule,fit,0,good,capsule/train/good/170.png,
a9ef4258a0f0df9c3bd8cdcc,screw,selection,1,thread_side,screw/test/thread_side/008.png,screw/ground_truth/thread_side/008_mask.png
a9f6817cff5b0bc774a0de89,pill,fit,0,good,pill/train/good/212.png,
a9fd926f964e652755f14814,capsule,fit,0,good,capsule/train/good/130.png,
aa006251cf558181b9e4c75b,cable,fit,0,good,cable/train/good/129.png,
aa0b9ddeb2c505ee497304bd,hazelnut,final_test,1,crack,hazelnut/test/crack/009.png,hazelnut/ground_truth/crack/009_mask.png
aa15ce475309b71b2fc8a41e,cable,fit,0,good,cable/train/good/003.png,
aa17f2bb596c296868b22b27,zipper,fit,0,good,zipper/train/good/210.png,
aa2f893f6b8f1b74e0245136,carpet,fit,0,good,carpet/train/good/244.png,
aa60ed363a22f437763b15a9,hazelnut,fit,0,good,hazelnut/train/good/210.png,
aa66a7ff4f11a436aaa6635f,wood,calibration_normal,0,good,wood/train/good/220.png,
aa6f2455fd04ae31631da309,bottle,fit,0,good,bottle/train/good/145.png,
aa704d4f4b136a3b72d5189f,hazelnut,fit,0,good,hazelnut/train/good/161.png,
aa71d52a8a90e0787f7170ce,hazelnut,fit,0,good,hazelnut/train/good/312.png,
aa726a457f70836c7b5b3cbb,carpet,validation_normal,0,good,carpet/train/good/071.png,
aa7ea1befb539697055c4a51,cable,calibration_normal,0,good,cable/train/good/179.png,
aa94b4f1eed4730a99f238df,screw,calibration_normal,0,good,screw/train/good/170.png,
aaa16a1c4dd5d8fd9fccedf2,bottle,fit,0,good,bottle/train/good/012.png,
aaa5299175928fa0f240161b,carpet,fit,0,good,carpet/train/good/279.png,
aaada3a4d00350b29b2daab6,grid,selection,0,good,grid/test/good/016.png,
aabc62dae4147c358e43b0b2,hazelnut,fit,0,good,hazelnut/train/good/075.png,
aac6ab433637504fff0f9943,transistor,calibration_normal,0,good,transistor/train/good/103.png,
aad91ce2434719966aab7934,hazelnut,validation_normal,0,good,hazelnut/train/good/328.png,
aaf95e0c405128ad05fa3e2f,tile,validation_normal,0,good,tile/train/good/180.png,
ab0253df8aa41c1ed124935e,zipper,fit,0,good,zipper/train/good/107.png,
ab14c4665dc87defd24787aa,grid,calibration_normal,0,good,grid/train/good/161.png,
ab427653796c3eae385f765c,leather,selection,0,good,leather/test/good/019.png,
ab43707bbeb1484f4992cfe8,leather,fit,0,good,leather/train/good/105.png,
ab47cfbc78f4f0555d1dfcf5,wood,selection,1,liquid,wood/test/liquid/003.png,wood/ground_truth/liquid/003_mask.png
ab54d661b1af5c68110ea01b,bottle,fit,0,good,bottle/train/good/202.png,
ab5ea4ad6809a61f96ee60b8,hazelnut,fit,0,good,hazelnut/train/good/030.png,
ab63fd486130ed0aeda4ffbb,capsule,final_test,1,faulty_imprint,capsule/test/faulty_imprint/019.png,capsule/ground_truth/faulty_imprint/019_mask.png
ab67b2f9edb428310497355a,cable,final_test,1,cut_inner_insulation,cable/test/cut_inner_insulation/006.png,cable/ground_truth/cut_inner_insulation/006_mask.png
ab6b8c866b60b3891e3dc31f,pill,calibration_normal,0,good,pill/train/good/168.png,
ab78177724e2e2b9d5625f83,transistor,final_test,0,good,transistor/test/good/034.png,
ab7dc64e182f7e4ccbade023,tile,fit,0,good,tile/train/good/084.png,
ab82f09d8a7e67eba4d6cdc1,zipper,final_test,1,squeezed_teeth,zipper/test/squeezed_teeth/012.png,zipper/ground_truth/squeezed_teeth/012_mask.png
ab8b9c5557ff485d914cd388,hazelnut,fit,0,good,hazelnut/train/good/365.png,
abad136a1474cf9c5cf24d45,pill,fit,0,good,pill/train/good/245.png,
abae3c171d7ea45194c159ae,carpet,fit,0,good,carpet/train/good/020.png,
abdb0761f407244484db5f4a,tile,fit,0,good,tile/train/good/058.png,
abebf7ffac10e950d0ca378f,screw,selection,1,scratch_head,screw/test/scratch_head/002.png,screw/ground_truth/scratch_head/002_mask.png
abf2ccd4438aa5133705796b,hazelnut,calibration_normal,0,good,hazelnut/train/good/027.png,
abf322c4a799c30b9122d3fe,hazelnut,fit,0,good,hazelnut/train/good/015.png,
abf6a4103bad484178f1275d,metal_nut,fit,0,good,metal_nut/train/good/016.png,
abf9df309d362304ea36783a,zipper,final_test,1,squeezed_teeth,zipper/test/squeezed_teeth/001.png,zipper/ground_truth/squeezed_teeth/001_mask.png
ac09e62c670915b9e52c365d,screw,selection,1,scratch_neck,screw/test/scratch_neck/024.png,screw/ground_truth/scratch_neck/024_mask.png
ac0d7c1da6f00575bed6b3d2,pill,fit,0,good,pill/train/good/002.png,
ac11d064f9c55211d099d0a7,bottle,selection,1,contamination,bottle/test/contamination/015.png,bottle/ground_truth/contamination/015_mask.png
ac1396588be2c15e6c47b460,zipper,final_test,1,broken_teeth,zipper/test/broken_teeth/001.png,zipper/ground_truth/broken_teeth/001_mask.png
ac26cf32c478d98de85d70a4,toothbrush,selection,1,defective,toothbrush/test/defective/011.png,toothbrush/ground_truth/defective/011_mask.png
ac4851fd86412a2c3c2c8fb3,wood,fit,0,good,wood/train/good/227.png,
ac4cc6cd06d2fb81117bcb26,transistor,fit,0,good,transistor/train/good/134.png,
ac50b12b75f5fe7c46896a32,wood,selection,1,liquid,wood/test/liquid/005.png,wood/ground_truth/liquid/005_mask.png
ac5e7e161d3007d507d0839d,pill,fit,0,good,pill/train/good/066.png,
ac6147df14b8b10b5480707e,hazelnut,fit,0,good,hazelnut/train/good/214.png,
ac6370829b9edad4a88895b6,zipper,fit,0,good,zipper/train/good/013.png,
ac842fcf8c087c67bcb84fb9,toothbrush,fit,0,good,toothbrush/train/good/019.png,
ac949b0ef9dc5ffe5bab04c3,tile,final_test,1,oil,tile/test/oil/017.png,tile/ground_truth/oil/017_mask.png
acb2c56e4de50a0c02c3efef,wood,final_test,1,liquid,wood/test/liquid/002.png,wood/ground_truth/liquid/002_mask.png
acbbcff774f712131e40dc81,carpet,fit,0,good,carpet/train/good/214.png,
acbc3f5c8fb8a25e2bd22a2b,screw,fit,0,good,screw/train/good/068.png,
acc061cd2852fe7be4c97132,pill,final_test,1,contamination,pill/test/contamination/010.png,pill/ground_truth/contamination/010_mask.png
acc4cad3c0e6c14366e43e83,bottle,fit,0,good,bottle/train/good/050.png,
accb3b89bb9f22826d1cc109,screw,fit,0,good,screw/train/good/265.png,
accbbac281f37b303822cc4f,transistor,fit,0,good,transistor/train/good/054.png,
accbf7a31d4da3bb116f3fe4,grid,fit,0,good,grid/train/good/082.png,
acd64f4727ef09296f9acd2c,hazelnut,selection,0,good,hazelnut/test/good/036.png,
acf33162fc7767a38736c0e3,bottle,final_test,0,good,bottle/test/good/015.png,
ad0a93e356f55cbac38a62b9,pill,calibration_normal,0,good,pill/train/good/227.png,
ad0dc7fa977a7ca4265a51cf,bottle,fit,0,good,bottle/train/good/004.png,
ad0ea7b51eb3d90021e69d27,hazelnut,fit,0,good,hazelnut/train/good/206.png,
ad13fcc6d421c79c111d2946,zipper,selection,1,broken_teeth,zipper/test/broken_teeth/012.png,zipper/ground_truth/broken_teeth/012_mask.png
ad1719028e1da577e7bba40e,capsule,fit,0,good,capsule/train/good/071.png,
ad399e364934df2cb16bec99,wood,fit,0,good,wood/train/good/048.png,
ad656f9ba957a13fb0fe9473,leather,selection,1,color,leather/test/color/016.png,leather/ground_truth/color/016_mask.png
ad6e00e8eaeeefe4416b1986,grid,fit,0,good,grid/train/good/211.png,
adc022f369aa0f9af38a9cb7,capsule,fit,0,good,capsule/train/good/131.png,
adc82765e0843b598d76f710,bottle,validation_normal,0,good,bottle/train/good/147.png,
add2780c39caa403a2506f76,hazelnut,fit,0,good,hazelnut/train/good/284.png,
ade3a645a1f128575ce77db4,transistor,final_test,1,damaged_case,transistor/test/damaged_case/002.png,transistor/ground_truth/damaged_case/002_mask.png
ade729e0d7c50359a7188517,screw,selection,1,scratch_head,screw/test/scratch_head/006.png,screw/ground_truth/scratch_head/006_mask.png
adea3fee4b53132bf8be89a2,carpet,fit,0,good,carpet/train/good/161.png,
adf26d7b35f50e7316baa583,leather,fit,0,good,leather/train/good/221.png,
ae14305d626983a9b2825732,screw,fit,0,good,screw/train/good/294.png,
ae1609551555b75a4be2447f,tile,fit,0,good,tile/train/good/213.png,
ae2b1d58268554a20565bc03,carpet,calibration_normal,0,good,carpet/train/good/082.png,
ae6c98101621f30bc254174f,zipper,fit,0,good,zipper/train/good/007.png,
ae7055ea441a79a4d47fe0d0,leather,final_test,1,poke,leather/test/poke/006.png,leather/ground_truth/poke/006_mask.png
ae849ba0e70c169b16e30f8b,screw,final_test,0,good,screw/test/good/029.png,
ae9af14cc8a27cf18f20135e,cable,final_test,1,poke_insulation,cable/test/poke_insulation/006.png,cable/ground_truth/poke_insulation/006_mask.png
aea45f787ee136a888067198,screw,fit,0,good,screw/train/good/162.png,
aeb0f6b21efe8aec0404fbcb,pill,validation_normal,0,good,pill/train/good/142.png,
aec6b88b052881562c734f10,hazelnut,fit,0,good,hazelnut/train/good/134.png,
aed9dd85e660f557252aee9a,cable,validation_normal,0,good,cable/train/good/104.png,
aeddc819656e734234139ad9,metal_nut,fit,0,good,metal_nut/train/good/086.png,
aee0c1df7f12a99162eea9ec,grid,fit,0,good,grid/train/good/192.png,
aee7a0d49915e60e133fbc25,bottle,fit,0,good,bottle/train/good/106.png,
aeed79ec77a665070172bfa8,capsule,fit,0,good,capsule/train/good/132.png,
aeeed48541a9c5765f20d34d,metal_nut,fit,0,good,metal_nut/train/good/044.png,
aefc0c0f23485695ad963b8c,tile,selection,1,glue_strip,tile/test/glue_strip/004.png,tile/ground_truth/glue_strip/004_mask.png
af0f4d0f6c08329d1c7da13a,bottle,validation_normal,0,good,bottle/train/good/068.png,
af2293362ea0eb4975cbb1d7,transistor,validation_normal,0,good,transistor/train/good/072.png,
af25b45cab8fdc55114a6afd,wood,final_test,1,color,wood/test/color/001.png,wood/ground_truth/color/001_mask.png
af378d59888ff3201dcb8a6f,leather,validation_normal,0,good,leather/train/good/210.png,
af533a9d367c74e0ac0c894c,metal_nut,final_test,1,color,metal_nut/test/color/019.png,metal_nut/ground_truth/color/019_mask.png
af7760350fa39893ba0bbe00,metal_nut,fit,0,good,metal_nut/train/good/042.png,
af7edbae6f73617def4d8015,hazelnut,validation_normal,0,good,hazelnut/train/good/289.png,
af8226576ee7d53f9b68912b,pill,fit,0,good,pill/train/good/194.png,
af8abcb4da94ea53e2b73fe3,leather,validation_normal,0,good,leather/train/good/208.png,
af8d8d63ff2db0a4210bcf7f,tile,selection,1,gray_stroke,tile/test/gray_stroke/007.png,tile/ground_truth/gray_stroke/007_mask.png
af9357db404dc645d3fd15de,pill,final_test,1,scratch,pill/test/scratch/011.png,pill/ground_truth/scratch/011_mask.png
af94b566bdc54c91862b088f,pill,calibration_normal,0,good,pill/train/good/241.png,
af959f1732a0ad84c0ec2fb6,grid,fit,0,good,grid/train/good/153.png,
af970b4088985628ee53baee,leather,selection,1,poke,leather/test/poke/017.png,leather/ground_truth/poke/017_mask.png
af988a9eb3abf417b1282daa,carpet,validation_normal,0,good,carpet/train/good/041.png,
af9b9e0c3a1150031bd35e11,pill,calibration_normal,0,good,pill/train/good/064.png,
af9bc048265606facfd59a60,grid,fit,0,good,grid/train/good/152.png,
af9c70e426bd9ab1c277f1a6,wood,calibration_normal,0,good,wood/train/good/056.png,
afa2efb50df3e473c61a4ca5,grid,fit,0,good,grid/train/good/146.png,
afac14ce08f32c9eabf9a2ed,hazelnut,fit,0,good,hazelnut/train/good/303.png,
afaee479a8acbd629d5d0f12,zipper,validation_normal,0,good,zipper/train/good/230.png,
afb5ec5789f8216e4c68c8fb,metal_nut,calibration_normal,0,good,metal_nut/train/good/065.png,
afbd8c974ef0443b0b41d363,cable,fit,0,good,cable/train/good/178.png,
afd4b66ad797cc3500410518,carpet,final_test,1,metal_contamination,carpet/test/metal_contamination/014.png,carpet/ground_truth/metal_contamination/014_mask.png
afd61face639aea741b9890f,transistor,fit,0,good,transistor/train/good/106.png,
afd6f9a55c5b1f3efc1f2577,hazelnut,fit,0,good,hazelnut/train/good/082.png,
afd77abe88ad7a8bc75d41df,capsule,final_test,0,good,capsule/test/good/017.png,
affdad23ed9923cdace32f3e,transistor,validation_normal,0,good,transistor/train/good/191.png,
affdae88406acb9d2b7c4cc4,zipper,validation_normal,0,good,zipper/train/good/078.png,
affe744f4f40a9a5b8b19ff4,pill,selection,1,color,pill/test/color/022.png,pill/ground_truth/color/022_mask.png
b011b5db373ad7626ac728dc,pill,fit,0,good,pill/train/good/101.png,
b0161e2d5e09e3caf23b80ba,metal_nut,fit,0,good,metal_nut/train/good/172.png,
b016a5595afc93ff14d5c268,cable,fit,0,good,cable/train/good/072.png,
b04528c00be11de330871374,pill,fit,0,good,pill/train/good/040.png,
b04610c546445663a6315df1,cable,final_test,0,good,cable/test/good/043.png,
b05a07b9d8d5c487310dd275,screw,final_test,0,good,screw/test/good/007.png,
b05c7e5fa955f8f89a735633,tile,final_test,0,good,tile/test/good/027.png,
b06483fdc4d29680fc36459a,pill,selection,1,contamination,pill/test/contamination/001.png,pill/ground_truth/contamination/001_mask.png
b09256e65f00931626f90e4a,capsule,selection,1,crack,capsule/test/crack/017.png,capsule/ground_truth/crack/017_mask.png
b094bb12ba4a6f9afeeab084,transistor,validation_normal,0,good,transistor/train/good/031.png,
b0d18bfb3f201855be16fcb9,pill,final_test,1,pill_type,pill/test/pill_type/001.png,pill/ground_truth/pill_type/001_mask.png
b0d3fa2dd8a6b2f6922b3dc7,carpet,final_test,0,good,carpet/test/good/012.png,
b0e90435fe44c2ff891e735d,hazelnut,fit,0,good,hazelnut/train/good/310.png,
b0fc48f08b2589baf85bcb00,capsule,selection,1,squeeze,capsule/test/squeeze/019.png,capsule/ground_truth/squeeze/019_mask.png
b10b26d0e807945262bbc9d1,grid,validation_normal,0,good,grid/train/good/236.png,
b1214c34a6950b4c48a8b773,screw,fit,0,good,screw/train/good/143.png,
b12235f3293f02c8c936a239,tile,final_test,1,crack,tile/test/crack/014.png,tile/ground_truth/crack/014_mask.png
b1275b7179633e9889956f07,grid,validation_normal,0,good,grid/train/good/246.png,
b12bd56afc3815f869d666cf,carpet,fit,0,good,carpet/train/good/152.png,
b13ec41cb23b20539e036a66,tile,selection,1,glue_strip,tile/test/glue_strip/003.png,tile/ground_truth/glue_strip/003_mask.png
b15ca342826c75cc7e51ab50,wood,fit,0,good,wood/train/good/151.png,
b15e31eb3d57d3b8eee4e972,hazelnut,selection,0,good,hazelnut/test/good/038.png,
b16b20ae97277e99d5de88f2,tile,fit,0,good,tile/train/good/050.png,
b17b8deb66837f1549ae23b5,tile,fit,0,good,tile/train/good/018.png,
b188cf1cf15f0fe3268fbf88,hazelnut,calibration_normal,0,good,hazelnut/train/good/375.png,
b19202583e849860a8657053,hazelnut,fit,0,good,hazelnut/train/good/241.png,
b1ab30f307ca3eb58f1c9328,wood,final_test,1,combined,wood/test/combined/005.png,wood/ground_truth/combined/005_mask.png
b1aed5bd7a118bfb0aab2e67,capsule,fit,0,good,capsule/train/good/066.png,
b1af503f09bad0fc5b1ac8ae,hazelnut,calibration_normal,0,good,hazelnut/train/good/185.png,
b1b4e121dcdf1ef7e5696178,bottle,calibration_normal,0,good,bottle/train/good/168.png,
b1d783fbcf7b55d309fc01fb,capsule,calibration_normal,0,good,capsule/train/good/180.png,
b1ddd94f6c92b8bbceea248a,metal_nut,fit,0,good,metal_nut/train/good/183.png,
b1ee051696599cf6107550bb,tile,selection,1,crack,tile/test/crack/002.png,tile/ground_truth/crack/002_mask.png
b20d1051695c36617ea045c1,capsule,final_test,1,poke,capsule/test/poke/010.png,capsule/ground_truth/poke/010_mask.png
b21cb2b027d9718658f9052c,bottle,final_test,1,contamination,bottle/test/contamination/011.png,bottle/ground_truth/contamination/011_mask.png
b22013a8d741c715254fdafc,leather,fit,0,good,leather/train/good/136.png,
b221cf5599b4b2df7686df19,bottle,final_test,1,contamination,bottle/test/contamination/016.png,bottle/ground_truth/contamination/016_mask.png
b2253ddc7628592068a781dd,hazelnut,validation_normal,0,good,hazelnut/train/good/224.png,
b227c85b0346897857712148,screw,final_test,1,scratch_neck,screw/test/scratch_neck/022.png,screw/ground_truth/scratch_neck/022_mask.png
b23c43633d2f997a857a0278,carpet,fit,0,good,carpet/train/good/180.png,
b242238d0d314ecf0d7c079d,metal_nut,final_test,1,bent,metal_nut/test/bent/024.png,metal_nut/ground_truth/bent/024_mask.png
b2437723fc25515bf7a32bce,pill,validation_normal,0,good,pill/train/good/045.png,
b24e2991b19009e58103d31c,transistor,fit,0,good,transistor/train/good/202.png,
b24f6a7ff3a83925cfd07dc2,cable,fit,0,good,cable/train/good/092.png,
b2688c27c42a6c3b8d955604,cable,fit,0,good,cable/train/good/141.png,
b27459115ddfe6799605a52a,wood,fit,0,good,wood/train/good/246.png,
b2756314a71bbe0448497034,bottle,calibration_normal,0,good,bottle/train/good/128.png,
b28376168f9c037af217feba,tile,validation_normal,0,good,tile/train/good/103.png,
b295b79ea6a5e4201bd6271d,transistor,fit,0,good,transistor/train/good/020.png,
b297b0bbdc83a91abe04dae7,pill,calibration_normal,0,good,pill/train/good/006.png,
b2a564ed4042bb09acd96952,screw,validation_normal,0,good,screw/train/good/101.png,
b2b1c8779eb050c093343dce,grid,final_test,0,good,grid/test/good/003.png,
b2b6cb6656ea39fc711c16ca,bottle,fit,0,good,bottle/train/good/146.png,
b2bc5ff37d665f7f6b4d76df,screw,final_test,1,scratch_head,screw/test/scratch_head/007.png,screw/ground_truth/scratch_head/007_mask.png
b2bc978540c76be90654550f,capsule,fit,0,good,capsule/train/good/126.png,
b2c60f37cb799587949d4cd5,wood,fit,0,good,wood/train/good/103.png,
b2c6a3b2aa254cc69f6b3cca,screw,final_test,1,scratch_head,screw/test/scratch_head/014.png,screw/ground_truth/scratch_head/014_mask.png
b2cce96fe8eee1ff37a142df,hazelnut,fit,0,good,hazelnut/train/good/115.png,
b2e258e65c0f54a075ce9610,screw,fit,0,good,screw/train/good/005.png,
b2f3806c80e3346eb8cd69c9,bottle,fit,0,good,bottle/train/good/162.png,
b31cbc83893b5aa3e2891b27,transistor,fit,0,good,transistor/train/good/189.png,
b31f476cda360e5e3c86738e,carpet,validation_normal,0,good,carpet/train/good/169.png,
b32502ef5a5d1806e452d1c2,grid,fit,0,good,grid/train/good/087.png,
b332e463550063905b222e57,metal_nut,calibration_normal,0,good,metal_nut/train/good/144.png,
b33cf6b2a193d8f01d173554,carpet,fit,0,good,carpet/train/good/138.png,
b3480d69e1a5f2f13e04289b,pill,final_test,1,crack,pill/test/crack/014.png,pill/ground_truth/crack/014_mask.png
b34b65e135d4162488f70712,leather,final_test,0,good,leather/test/good/006.png,
b3513f7ecee8a4b8b4ca516c,pill,selection,1,contamination,pill/test/contamination/014.png,pill/ground_truth/contamination/014_mask.png
b3586f96e7eadbb83b8be5d6,cable,final_test,1,bent_wire,cable/test/bent_wire/004.png,cable/ground_truth/bent_wire/004_mask.png
b35a1f3460f3ba0158161d13,zipper,fit,0,good,zipper/train/good/021.png,
b35b7822d5373c6a4929210d,transistor,fit,0,good,transistor/train/good/151.png,
b38816e51ead9710b3d6142b,tile,fit,0,good,tile/train/good/193.png,
b3bb12603aab6879af13d14a,hazelnut,validation_normal,0,good,hazelnut/train/good/367.png,
b3cb1871546bcc02a0d6e9db,bottle,fit,0,good,bottle/train/good/110.png,
b3df47d876ea384e3e5d5895,carpet,final_test,1,metal_contamination,carpet/test/metal_contamination/011.png,carpet/ground_truth/metal_contamination/011_mask.png
b3eebdc6a19fcc480c57b61a,leather,fit,0,good,leather/train/good/138.png,
b413ca805a854dae1b33b9e4,bottle,calibration_normal,0,good,bottle/train/good/055.png,
b415d3ee30df2d8b23284ed6,bottle,calibration_normal,0,good,bottle/train/good/160.png,
b427667afd571ee244e43c34,bottle,fit,0,good,bottle/train/good/197.png,
b43d21b7a58c23b65bb1caab,capsule,selection,1,crack,capsule/test/crack/016.png,capsule/ground_truth/crack/016_mask.png
b44380cd54f880ecdd571f90,bottle,fit,0,good,bottle/train/good/059.png,
b44648279b643773662ba82f,screw,selection,0,good,screw/test/good/028.png,
b449b7d885a1ae37a4fc5397,zipper,validation_normal,0,good,zipper/train/good/207.png,
b454d796abc83e168ad3ccae,grid,fit,0,good,grid/train/good/058.png,
b45795cae096b9959f4f0f2e,leather,validation_normal,0,good,leather/train/good/053.png,
b45ca74cb62464afbb1d081a,wood,validation_normal,0,good,wood/train/good/214.png,
b4625f1f03612aab48bd11b6,bottle,calibration_normal,0,good,bottle/train/good/136.png,
b4626c4730b9c20c7e8027b9,pill,fit,0,good,pill/train/good/157.png,
b463936b8d8a34cf73e1609d,pill,fit,0,good,pill/train/good/095.png,
b46e28496668a0b38e0b627c,grid,fit,0,good,grid/train/good/253.png,
b4882d9953047d1a291711de,cable,validation_normal,0,good,cable/train/good/105.png,
b489bdcb1b00bb7e6a0ba533,screw,calibration_normal,0,good,screw/train/good/053.png,
b49fa1306f6050fb69caf4df,bottle,fit,0,good,bottle/train/good/071.png,
b4aa6c2f41d35e26533b97f3,pill,fit,0,good,pill/train/good/012.png,
b4d2daa1bd876b8bbc212302,tile,fit,0,good,tile/train/good/097.png,
b4e39ff57c23456caae9aa98,tile,fit,0,good,tile/train/good/024.png,
b4e779bf25c3d8bf31008948,metal_nut,fit,0,good,metal_nut/train/good/070.png,
b4f63e8a1049eecefd7cec28,pill,selection,1,faulty_imprint,pill/test/faulty_imprint/007.png,pill/ground_truth/faulty_imprint/007_mask.png
b5023c6c4ffb51a6544a2c7d,hazelnut,fit,0,good,hazelnut/train/good/120.png,
b530a38cef85e3bbd79b882b,capsule,fit,0,good,capsule/train/good/002.png,
b53c26e8620800cbf2f13d97,grid,fit,0,good,grid/train/good/109.png,
b54272601ee6d1e144221721,pill,final_test,1,scratch,pill/test/scratch/013.png,pill/ground_truth/scratch/013_mask.png
b54336b5cf5f795283b4a186,leather,final_test,1,cut,leather/test/cut/006.png,leather/ground_truth/cut/006_mask.png
b54628bff325676608a58adc,tile,validation_normal,0,good,tile/train/good/112.png,
b55a8ba80be49c4e055920ae,screw,final_test,1,thread_top,screw/test/thread_top/016.png,screw/ground_truth/thread_top/016_mask.png
b56cd4137704870a28beafcb,metal_nut,final_test,1,flip,metal_nut/test/flip/006.png,metal_nut/ground_truth/flip/006_mask.png
b5717757aa4c6edf39ad5f67,cable,fit,0,good,cable/train/good/094.png,
b5725135c5dbade7147cd1db,pill,fit,0,good,pill/train/good/143.png,
b58eedd97e140d79322edfae,hazelnut,calibration_normal,0,good,hazelnut/train/good/159.png,
b58f4d272556cfcca4554d57,cable,fit,0,good,cable/train/good/081.png,
b5941f2c7e67cab1df78dd1f,screw,fit,0,good,screw/train/good/110.png,
b59acef8c6acd35b8fc693a5,cable,selection,1,poke_insulation,cable/test/poke_insulation/004.png,cable/ground_truth/poke_insulation/004_mask.png
b59d38bc79b40a4d20513739,wood,final_test,1,scratch,wood/test/scratch/002.png,wood/ground_truth/scratch/002_mask.png
b5b92a086fb03b1e732f56cf,carpet,selection,1,metal_contamination,carpet/test/metal_contamination/005.png,carpet/ground_truth/metal_contamination/005_mask.png
b5bc530f288b92ad580ea946,capsule,fit,0,good,capsule/train/good/091.png,
b5be649cef1d7348c468cf24,screw,validation_normal,0,good,screw/train/good/188.png,
b5c3ec737090c5faeefd4ca1,leather,fit,0,good,leather/train/good/190.png,
b5ebf88d39e5dd6d24d94cd0,screw,selection,1,thread_top,screw/test/thread_top/019.png,screw/ground_truth/thread_top/019_mask.png
b5f6908fe6fb0f9cfde8f57e,leather,calibration_normal,0,good,leather/train/good/032.png,
b60175aa49635be1a3413c24,carpet,fit,0,good,carpet/train/good/187.png,
b612ac7aa0d71ce4195a3a05,bottle,validation_normal,0,good,bottle/train/good/022.png,
b62a2b016d15a34a70d3f337,capsule,fit,0,good,capsule/train/good/011.png,
b62ba6a50755a2d947ff5c8c,zipper,calibration_normal,0,good,zipper/train/good/196.png,
b63302dfea66423508b0f64b,leather,fit,0,good,leather/train/good/204.png,
b65682f72ecffd5cf75872f8,grid,calibration_normal,0,good,grid/train/good/137.png,
b662e4541d145594ca1dae32,screw,fit,0,good,screw/train/good/255.png,
b66460aa8e22d8cdf5f2a924,bottle,fit,0,good,bottle/train/good/009.png,
b6725802fe78ba8f2e7e0142,hazelnut,fit,0,good,hazelnut/train/good/016.png,
b6944fb50857bdb68bd52712,leather,final_test,0,good,leather/test/good/023.png,
b6b3639432016e60a044e0e0,leather,selection,1,poke,leather/test/poke/005.png,leather/ground_truth/poke/005_mask.png
b6bbdf248d21aa2900411057,pill,fit,0,good,pill/train/good/117.png,
b6c0a958811bc8c8bcb7e490,pill,calibration_normal,0,good,pill/train/good/080.png,
b6ccd52d2b04ee6ebcfbecfc,metal_nut,fit,0,good,metal_nut/train/good/154.png,
b6d937481bc8dc61e7cb9c26,transistor,fit,0,good,transistor/train/good/025.png,
b6da61271bf68de75687f780,leather,selection,1,glue,leather/test/glue/002.png,leather/ground_truth/glue/002_mask.png
b6e76cfb92269ef23894880a,tile,fit,0,good,tile/train/good/220.png,
b6ee611dd876c7009bdbebc6,transistor,fit,0,good,transistor/train/good/070.png,
b6fe80cf40a22c8d96204198,transistor,final_test,0,good,transistor/test/good/056.png,
b70e47a9b187bf303061fe93,metal_nut,fit,0,good,metal_nut/train/good/194.png,
b710fb7f54684aa0ebdb5790,carpet,validation_normal,0,good,carpet/train/good/130.png,
b71b552077531e012e5cac24,capsule,final_test,1,scratch,capsule/test/scratch/010.png,capsule/ground_truth/scratch/010_mask.png
b723b9026f8f43b86fa3c891,pill,fit,0,good,pill/train/good/141.png,
b7372d060ccb50c91000a71b,zipper,final_test,0,good,zipper/test/good/027.png,
b74dab3963799a7d8b148e87,cable,fit,0,good,cable/train/good/008.png,
b7609ae163ca4c9fe8977fd1,wood,fit,0,good,wood/train/good/083.png,
b766b7411186b7f57270c712,capsule,fit,0,good,capsule/train/good/123.png,
b76f5eb45ee6e63018884ff5,transistor,fit,0,good,transistor/train/good/179.png,
b77c590d6a9659aa1488d567,grid,fit,0,good,grid/train/good/234.png,
b78ba127807524f3e52e5d42,wood,selection,1,scratch,wood/test/scratch/014.png,wood/ground_truth/scratch/014_mask.png
b79f953a9828c658fe6f7b3f,grid,selection,1,broken,grid/test/broken/003.png,grid/ground_truth/broken/003_mask.png
b7a470bb019b4e2fa00b374e,pill,fit,0,good,pill/train/good/215.png,
b7ac7d585c46e0886a09ab3b,pill,final_test,1,faulty_imprint,pill/test/faulty_imprint/009.png,pill/ground_truth/faulty_imprint/009_mask.png
b7e261e027390bfae682e46b,transistor,fit,0,good,transistor/train/good/146.png,
b7f7039742026a8898a5ac2a,wood,fit,0,good,wood/train/good/101.png,
b806da613f5d4958b4c2d962,bottle,fit,0,good,bottle/train/good/080.png,
b812422399aaa186e4e5127c,wood,fit,0,good,wood/train/good/245.png,
b81b107fdbcff01c3dc66646,pill,fit,0,good,pill/train/good/062.png,
b8433059d5328ba3016beb7a,hazelnut,fit,0,good,hazelnut/train/good/349.png,
b8713d18181844c2ad575e91,carpet,selection,1,color,carpet/test/color/000.png,carpet/ground_truth/color/000_mask.png
b87db4f20465b33313b7b71d,screw,validation_normal,0,good,screw/train/good/183.png,
b884abe36dda4031995572ad,leather,fit,0,good,leather/train/good/003.png,
b898d7f34727106c1d821cc0,wood,fit,0,good,wood/train/good/210.png,
b8a3b6494f26f6c69b7586fa,wood,validation_normal,0,good,wood/train/good/070.png,
b8a50f0fec716710bed664bf,zipper,fit,0,good,zipper/train/good/037.png,
b8a965700aa5cc35290975e0,grid,fit,0,good,grid/train/good/053.png,
b8e8a8e60e98b3b001389fe6,carpet,calibration_normal,0,good,carpet/train/good/175.png,
b8eda50d80932b525bca6362,tile,fit,0,good,tile/train/good/116.png,
b8eefc9522c0d14a7f1e52ec,cable,fit,0,good,cable/train/good/059.png,
b8f4f7d403c7b2e8d38b9cc3,tile,final_test,1,oil,tile/test/oil/008.png,tile/ground_truth/oil/008_mask.png
b8f89d33a6b636d91e77cdd0,zipper,final_test,1,broken_teeth,zipper/test/broken_teeth/010.png,zipper/ground_truth/broken_teeth/010_mask.png
b90336ee7d27901053a40fd4,carpet,selection,1,color,carpet/test/color/003.png,carpet/ground_truth/color/003_mask.png
b90bcdd439512d87776aa5d7,leather,fit,0,good,leather/train/good/058.png,
b911f111afedbb2b97d9e16d,zipper,final_test,1,rough,zipper/test/rough/015.png,zipper/ground_truth/rough/015_mask.png
b912ca5fd4815c50090b5d9d,hazelnut,fit,0,good,hazelnut/train/good/287.png,
b912fd575d7d5617b1d7a672,bottle,fit,0,good,bottle/train/good/161.png,
b91770761fad2022383f3c9d,grid,fit,0,good,grid/train/good/074.png,
b9237dfc6799e93a4b75b22f,wood,calibration_normal,0,good,wood/train/good/202.png,
b93b6e020ed2ce5bf7cc7204,hazelnut,fit,0,good,hazelnut/train/good/346.png,
b949059c1554dab85d6c65d7,pill,fit,0,good,pill/train/good/035.png,
b94aca173efcc04596442b64,leather,fit,0,good,leather/train/good/154.png,
b95f0fac3650f35c9e1a00a6,pill,final_test,1,scratch,pill/test/scratch/020.png,pill/ground_truth/scratch/020_mask.png
b97179c402be03950fa3b9c2,pill,fit,0,good,pill/train/good/156.png,
b97e29d537ecbdba144fa96e,zipper,fit,0,good,zipper/train/good/231.png,
b983da1213bdf67330a22a47,tile,validation_normal,0,good,tile/train/good/223.png,
b988ebb587d04725bb147f37,capsule,fit,0,good,capsule/train/good/114.png,
b99315a34e909b122a45553b,capsule,fit,0,good,capsule/train/good/010.png,
b9986ce942f7727f29ddf6fa,pill,final_test,1,crack,pill/test/crack/004.png,pill/ground_truth/crack/004_mask.png
b9ab7a80dc70877941461a23,hazelnut,final_test,0,good,hazelnut/test/good/031.png,
b9b680588b91547a0265d9e2,carpet,selection,1,color,carpet/test/color/001.png,carpet/ground_truth/color/001_mask.png
b9b9f5806eb33f659185bd4b,screw,selection,1,manipulated_front,screw/test/manipulated_front/015.png,screw/ground_truth/manipulated_front/015_mask.png
b9bd2c01b3092bf9f92ec7dd,bottle,fit,0,good,bottle/train/good/052.png,
b9c06102fe23773c2797d477,transistor,fit,0,good,transistor/train/good/194.png,
ba00b0395e25c21fc8cfd276,cable,validation_normal,0,good,cable/train/good/108.png,
ba0e915b17a5ecdc4ba13061,carpet,fit,0,good,carpet/train/good/135.png,
ba14ab8ce72a634ff94102f8,pill,fit,0,good,pill/train/good/214.png,
ba1c4559b39669e02977a192,hazelnut,fit,0,good,hazelnut/train/good/292.png,
ba2fa550a9744b70a165766f,cable,fit,0,good,cable/train/good/061.png,
ba34b08d8386c0915635646a,transistor,selection,0,good,transistor/test/good/043.png,
ba468ee46aa0883aba568436,toothbrush,final_test,0,good,toothbrush/test/good/001.png,
ba4bf1658b545a46a6d26bde,carpet,fit,0,good,carpet/train/good/095.png,
ba63d3874549bec8742346e7,wood,final_test,0,good,wood/test/good/001.png,
ba66e7f87e1827d34fcde0a8,metal_nut,calibration_normal,0,good,metal_nut/train/good/162.png,
ba69fdb34a241447f1939bcd,zipper,final_test,1,rough,zipper/test/rough/012.png,zipper/ground_truth/rough/012_mask.png
ba76d2c403253f4129445e87,zipper,final_test,1,squeezed_teeth,zipper/test/squeezed_teeth/005.png,zipper/ground_truth/squeezed_teeth/005_mask.png
ba83a6cb0cf545d3bf2a0b8a,zipper,final_test,1,fabric_interior,zipper/test/fabric_interior/007.png,zipper/ground_truth/fabric_interior/007_mask.png
ba98cc851c76c9eff5437b51,hazelnut,calibration_normal,0,good,hazelnut/train/good/353.png,
babadb259a1bb7a56485e706,capsule,fit,0,good,capsule/train/good/177.png,
babbcc6cf928b0e49449a80c,bottle,final_test,1,broken_small,bottle/test/broken_small/010.png,bottle/ground_truth/broken_small/010_mask.png
bac48e34c702ca80056ccf71,bottle,selection,1,broken_large,bottle/test/broken_large/012.png,bottle/ground_truth/broken_large/012_mask.png
bac9bf1229f82b92209f9bfb,hazelnut,calibration_normal,0,good,hazelnut/train/good/329.png,
baeac07b4b32ee5ae762a8fe,zipper,final_test,1,squeezed_teeth,zipper/test/squeezed_teeth/007.png,zipper/ground_truth/squeezed_teeth/007_mask.png
baffa2d45631460c67bb748d,tile,final_test,1,oil,tile/test/oil/012.png,tile/ground_truth/oil/012_mask.png
bb10fa2214c979f40c056dc5,grid,fit,0,good,grid/train/good/055.png,
bb173d68688786842f089152,metal_nut,selection,0,good,metal_nut/test/good/008.png,
bb1b222f0a11a8e9731fb539,pill,final_test,1,crack,pill/test/crack/009.png,pill/ground_truth/crack/009_mask.png
bb26bd7e684373f652ac6eb6,metal_nut,selection,1,color,metal_nut/test/color/001.png,metal_nut/ground_truth/color/001_mask.png
bb2d3424d6b3c56e5c086e75,leather,calibration_normal,0,good,leather/train/good/070.png,
bb3316ddf1edb6f6ff1b3a09,cable,fit,0,good,cable/train/good/200.png,
bb42de98d69d51f288d57902,zipper,selection,0,good,zipper/test/good/024.png,
bb433d4439147fd5ff307550,leather,fit,0,good,leather/train/good/019.png,
bb504d96dbf36d6243281244,cable,final_test,1,cable_swap,cable/test/cable_swap/003.png,cable/ground_truth/cable_swap/003_mask.png
bb55874cb275ec865103def5,screw,fit,0,good,screw/train/good/148.png,
bb5a097994d43eb819661369,carpet,fit,0,good,carpet/train/good/059.png,
bb5c3c74e29a537ec18c70b6,capsule,selection,1,faulty_imprint,capsule/test/faulty_imprint/008.png,capsule/ground_truth/faulty_imprint/008_mask.png
bb5f2f3079dc3c71065970ee,capsule,selection,0,good,capsule/test/good/021.png,
bb6663c85b7503a83c6e7509,wood,final_test,1,color,wood/test/color/002.png,wood/ground_truth/color/002_mask.png
bb822ff93d3a948015f1129d,metal_nut,fit,0,good,metal_nut/train/good/055.png,
bba00582c128dcd3aeebfe2e,grid,fit,0,good,grid/train/good/165.png,
bbaeba5b09227c6e4baf6c64,bottle,final_test,1,contamination,bottle/test/contamination/009.png,bottle/ground_truth/contamination/009_mask.png
bbd740c294128699d3222591,pill,fit,0,good,pill/train/good/263.png,
bc02eae8a128b1a5087fe8ff,pill,fit,0,good,pill/train/good/174.png,
bc11d6c719a2476ef61e6540,hazelnut,fit,0,good,hazelnut/train/good/339.png,
bc1a3ca3a01c61d9f4967a2e,wood,fit,0,good,wood/train/good/006.png,
bc1e5a80af142f9119ccb0a4,metal_nut,fit,0,good,metal_nut/train/good/120.png,
bc23bfdd4f3338ac833fa885,bottle,validation_normal,0,good,bottle/train/good/180.png,
bc257e023f84d5684641d18c,screw,final_test,1,scratch_neck,screw/test/scratch_neck/014.png,screw/ground_truth/scratch_neck/014_mask.png
bc2d36da08e01934b984cee5,hazelnut,fit,0,good,hazelnut/train/good/087.png,
bc3f6dafba5fd515ea496207,metal_nut,validation_normal,0,good,metal_nut/train/good/079.png,
bc4f5d76a883f73ec8830321,zipper,final_test,0,good,zipper/test/good/002.png,
bc829aafbf85d5fe2920f2c2,metal_nut,final_test,0,good,metal_nut/test/good/010.png,
bca032a4df5d3095f4e2c5d7,zipper,selection,1,split_teeth,zipper/test/split_teeth/001.png,zipper/ground_truth/split_teeth/001_mask.png
bcc48e634957d0600a90b881,hazelnut,validation_normal,0,good,hazelnut/train/good/026.png,
bccfd34c3ea1d411461511a9,screw,fit,0,good,screw/train/good/311.png,
bcd32d6a5fa34d0f79cc8d93,screw,fit,0,good,screw/train/good/274.png,
bcd64ce6474548b577483733,screw,fit,0,good,screw/train/good/145.png,
bce2064355868c65dd856cd0,tile,fit,0,good,tile/train/good/033.png,
bcea9756c06a98cbf0a53c51,wood,fit,0,good,wood/train/good/233.png,
bcf1f9c4885bcbd7b5312826,cable,calibration_normal,0,good,cable/train/good/190.png,
bcfeaddf10c3b6f11ec6bcb3,hazelnut,calibration_normal,0,good,hazelnut/train/good/271.png,
bd0227b2b26a790ebcb2b0f4,transistor,selection,0,good,transistor/test/good/047.png,
bd13534a8db4c5d7056b21a1,metal_nut,fit,0,good,metal_nut/train/good/205.png,
bd4c2b66e4d5e401df5bba9a,wood,fit,0,good,wood/train/good/156.png,
bd4d07a64558129ecdf594f9,screw,final_test,1,scratch_head,screw/test/scratch_head/017.png,screw/ground_truth/scratch_head/017_mask.png
bd5699584d2619a529b91697,hazelnut,fit,0,good,hazelnut/train/good/374.png,
bd5c0c8f181a05471d7f43bf,hazelnut,fit,0,good,hazelnut/train/good/358.png,
bd78380bdad3118ecb1905c7,capsule,final_test,1,crack,capsule/test/crack/006.png,capsule/ground_truth/crack/006_mask.png
bd7bb070ba6becbcd3ffd465,hazelnut,validation_normal,0,good,hazelnut/train/good/089.png,
bd814c114f28250d78d1dec9,carpet,fit,0,good,carpet/train/good/139.png,
bd961a1dfb1ff2b1eaf22906,pill,final_test,1,crack,pill/test/crack/003.png,pill/ground_truth/crack/003_mask.png
bd9addb8741b6b184c932a01,leather,selection,1,poke,leather/test/poke/012.png,leather/ground_truth/poke/012_mask.png
bda0bb85a9e0f7509a09ce1d,transistor,final_test,1,bent_lead,transistor/test/bent_lead/007.png,transistor/ground_truth/bent_lead/007_mask.png
bdc14930e7fa6a16088781fe,zipper,calibration_normal,0,good,zipper/train/good/187.png,
bde4437b7ebd89a5e81df55d,cable,selection,0,good,cable/test/good/008.png,
bde4d56b3c7ee57d38eb4940,leather,fit,0,good,leather/train/good/155.png,
bdec8171bf79ef17060f9e1d,grid,selection,0,good,grid/test/good/008.png,
bdf260994f59259eb8b1fd57,cable,fit,0,good,cable/train/good/189.png,
be07d87ab78730bd967e863a,wood,fit,0,good,wood/train/good/241.png,
be09fccfc192060879542201,screw,selection,0,good,screw/test/good/003.png,
be0a5e3331f3a90c4a65327e,pill,final_test,1,faulty_imprint,pill/test/faulty_imprint/017.png,pill/ground_truth/faulty_imprint/017_mask.png
be102195e6f655d1306130bf,leather,fit,0,good,leather/train/good/197.png,
be183197fb0e42ef3dae0132,toothbrush,fit,0,good,toothbrush/train/good/022.png,
be2501815ec232e8289cdfb4,zipper,final_test,1,fabric_border,zipper/test/fabric_border/006.png,zipper/ground_truth/fabric_border/006_mask.png
be290f7b09f5f5c02bd824c4,transistor,fit,0,good,transistor/train/good/107.png,
be37d9472a21360b6224899d,grid,fit,0,good,grid/train/good/034.png,
be37dcfa8d1cc4207f5a0fbb,hazelnut,calibration_normal,0,good,hazelnut/train/good/277.png,
be37e3c88a43a8458841ea56,hazelnut,fit,0,good,hazelnut/train/good/126.png,
be4275dc0e5bb9f3f631b7fa,transistor,calibration_normal,0,good,transistor/train/good/126.png,
be54d71cc02750f4e61c8e4c,transistor,fit,0,good,transistor/train/good/075.png,
be62608e8a8db79f9213848e,pill,final_test,1,faulty_imprint,pill/test/faulty_imprint/005.png,pill/ground_truth/faulty_imprint/005_mask.png
be7aa7712b6e2c00e60f6961,tile,final_test,0,good,tile/test/good/008.png,
be8bcd0a64a103e7b4277987,hazelnut,validation_normal,0,good,hazelnut/train/good/254.png,
bea004ca860fec16abbb7911,screw,selection,0,good,screw/test/good/033.png,
bea0b4af5b45585618298aa9,bottle,fit,0,good,bottle/train/good/144.png,
beaa22369f6ad06c76c9f13e,metal_nut,validation_normal,0,good,metal_nut/train/good/067.png,
bebf79bae32aebf0ed388f70,zipper,fit,0,good,zipper/train/good/101.png,
bec2f6ceef99e7f97ae7cfd0,carpet,fit,0,good,carpet/train/good/196.png,
bec5ba73343cd6b97064b758,metal_nut,validation_normal,0,good,metal_nut/train/good/147.png,
bec6988ee95feb6093c00873,bottle,calibration_normal,0,good,bottle/train/good/039.png,
bede648a4aa9183bdc8ed8a2,screw,fit,0,good,screw/train/good/029.png,
bedf49e99f7c5bda2c98ed8a,screw,fit,0,good,screw/train/good/276.png,
bee74c3ff77b4b7ceeb6eb47,screw,selection,1,thread_top,screw/test/thread_top/000.png,screw/ground_truth/thread_top/000_mask.png
beee61dd766d7186692f25d8,wood,fit,0,good,wood/train/good/182.png,
beffd6379953c658b517a501,wood,fit,0,good,wood/train/good/074.png,
bf026f3f28eecf38416c17f1,carpet,final_test,1,thread,carpet/test/thread/005.png,carpet/ground_truth/thread/005_mask.png
bf0b43872063cae669cb71ef,leather,final_test,0,good,leather/test/good/030.png,
bf1448c0f1269ef544459257,screw,fit,0,good,screw/train/good/160.png,
bf287fab6a01baae1562bc8d,hazelnut,fit,0,good,hazelnut/train/good/326.png,
bf2e9cf296c8da7d0fa8b851,hazelnut,calibration_normal,0,good,hazelnut/train/good/062.png,
bf44e772d3ca96aa07955ca7,bottle,fit,0,good,bottle/train/good/026.png,
bf5e6bf3e5e8ed59164aa5f1,tile,calibration_normal,0,good,tile/train/good/226.png,
bf77561933496df68a833b23,tile,selection,1,oil,tile/test/oil/002.png,tile/ground_truth/oil/002_mask.png
bf7b88c188c8c0221956c2aa,grid,fit,0,good,grid/train/good/191.png,
bf7c4894488b052c5371855e,carpet,validation_normal,0,good,carpet/train/good/266.png,
bf7f5de4799ef9b72bd8cae4,metal_nut,final_test,1,scratch,metal_nut/test/scratch/013.png,metal_nut/ground_truth/scratch/013_mask.png
bfa3cd5bbcb495b44bef2e89,screw,calibration_normal,0,good,screw/train/good/103.png,
bfa9f6474451a56a446d2283,tile,selection,0,good,tile/test/good/026.png,
bfc3f7bd1c8153270c4a66b9,wood,validation_normal,0,good,wood/train/good/213.png,
bfd5f99005e3717ad5e28708,leather,fit,0,good,leather/train/good/097.png,
bfe82385af3a4638565bd25d,zipper,fit,0,good,zipper/train/good/115.png,
c0008bc4e0dc13fd68bb5d99,transistor,final_test,0,good,transistor/test/good/012.png,
c020f1cc374a910d8be17255,leather,fit,0,good,leather/train/good/223.png,
c02e4f53482587ba5efcd055,carpet,fit,0,good,carpet/train/good/257.png,
c02f90b8ae4a5bfba300c77a,leather,fit,0,good,leather/train/good/048.png,
c036824442e93eaf398393a2,cable,fit,0,good,cable/train/good/023.png,
c03d702b29a75db73d46d0bf,carpet,selection,1,thread,carpet/test/thread/013.png,carpet/ground_truth/thread/013_mask.png
c04065d7d6c616c1301a958a,bottle,fit,0,good,bottle/train/good/196.png,
c0411669f51b7688d13a9f54,transistor,fit,0,good,transistor/train/good/185.png,
c04453d8bc7db34445770600,zipper,fit,0,good,zipper/train/good/057.png,
c0461a63412e364e90c46b3c,cable,validation_normal,0,good,cable/train/good/097.png,
c048863304d1124da6328cd1,bottle,fit,0,good,bottle/train/good/054.png,
c0698650ba232e6da6e429b3,hazelnut,fit,0,good,hazelnut/train/good/053.png,
c06f9bc76cb7298695d61b57,cable,final_test,1,missing_cable,cable/test/missing_cable/006.png,cable/ground_truth/missing_cable/006_mask.png
c0a17228bcbf1e840fa8bba2,leather,validation_normal,0,good,leather/train/good/112.png,
c0a176f7e13a0300e9917333,carpet,fit,0,good,carpet/train/good/224.png,
c0a35251557d91e632524a5e,zipper,selection,1,fabric_interior,zipper/test/fabric_interior/002.png,zipper/ground_truth/fabric_interior/002_mask.png
c0a6e3e168cb6688f252f1fc,grid,fit,0,good,grid/train/good/226.png,
c0c46c0246383e37e3dea05a,pill,fit,0,good,pill/train/good/099.png,
c0d18fcea6c960a42dd7ebc1,pill,final_test,1,color,pill/test/color/021.png,pill/ground_truth/color/021_mask.png
c0d283ee30aac242f466ea1c,metal_nut,selection,1,flip,metal_nut/test/flip/019.png,metal_nut/ground_truth/flip/019_mask.png
c0dc060912c2ec989b93ae72,screw,final_test,1,scratch_head,screw/test/scratch_head/004.png,screw/ground_truth/scratch_head/004_mask.png
c0dd006e96a82d3926a34a9c,wood,calibration_normal,0,good,wood/train/good/084.png,
c0f40a99b84201daa9621ed0,hazelnut,calibration_normal,0,good,hazelnut/train/good/169.png,
c100234d090175321d92bd68,transistor,fit,0,good,transistor/train/good/094.png,
c10a483071feef00b066bbcf,screw,final_test,1,scratch_head,screw/test/scratch_head/020.png,screw/ground_truth/scratch_head/020_mask.png
c10ae02a681db82a44c902b8,grid,fit,0,good,grid/train/good/184.png,
c1183df31d215f63d10a2d9c,capsule,validation_normal,0,good,capsule/train/good/024.png,
c120f46c97ac47f8ee51022b,grid,fit,0,good,grid/train/good/117.png,
c12edd540c3695db4d95f6d9,toothbrush,calibration_normal,0,good,toothbrush/train/good/033.png,
c130181fd9f44526d14820f7,pill,calibration_normal,0,good,pill/train/good/235.png,
c1417d8c1c5d07f7c98788a9,carpet,final_test,1,thread,carpet/test/thread/015.png,carpet/ground_truth/thread/015_mask.png
c152b843cf729703df6ce42c,capsule,selection,1,squeeze,capsule/test/squeeze/014.png,capsule/ground_truth/squeeze/014_mask.png
c1543f1b8a9d01679b153c0e,transistor,final_test,1,bent_lead,transistor/test/bent_lead/009.png,transistor/ground_truth/bent_lead/009_mask.png
c16707400f412ee6e38ea7a8,transistor,fit,0,good,transistor/train/good/083.png,
c16f3c1db5d203a17d27000c,pill,fit,0,good,pill/train/good/191.png,
c178f207261a26f7e8c53992,toothbrush,final_test,1,defective,toothbrush/test/defective/028.png,toothbrush/ground_truth/defective/028_mask.png
c191c62dd9dbff8e6f01694b,hazelnut,calibration_normal,0,good,hazelnut/train/good/035.png,
c1a6c62292121f7e65b998e8,screw,fit,0,good,screw/train/good/041.png,
c1bea576d188828997c473d1,tile,fit,0,good,tile/train/good/032.png,
c1c36a879cdd3ca86e80f1b9,cable,fit,0,good,cable/train/good/131.png,
c1c386fa6500cf7a6d670506,screw,fit,0,good,screw/train/good/119.png,
c1c657300f7368819472582f,wood,validation_normal,0,good,wood/train/good/125.png,
c1d3b26835ecb321b836ef4f,tile,selection,0,good,tile/test/good/004.png,
c1d40072fabdb90556a75d4f,metal_nut,fit,0,good,metal_nut/train/good/083.png,
c205836a135ff37e44c15b76,tile,calibration_normal,0,good,tile/train/good/143.png,
c205be4e26abfed7583cd031,metal_nut,fit,0,good,metal_nut/train/good/028.png,
c20984cdaada8794625488cd,cable,final_test,0,good,cable/test/good/028.png,
c20cb6eec966e1611ed08426,cable,final_test,1,cut_inner_insulation,cable/test/cut_inner_insulation/010.png,cable/ground_truth/cut_inner_insulation/010_mask.png
c22b7578cfd27d8031015356,zipper,validation_normal,0,good,zipper/train/good/120.png,
c23abb42293085f0a8d34666,metal_nut,final_test,1,bent,metal_nut/test/bent/006.png,metal_nut/ground_truth/bent/006_mask.png
c24acde05e271dcd289aa0f6,capsule,calibration_normal,0,good,capsule/train/good/075.png,
c25a35735c63be9cfa5ba791,leather,selection,1,poke,leather/test/poke/014.png,leather/ground_truth/poke/014_mask.png
c26138b4c307dd1bb1e063bc,leather,selection,1,color,leather/test/color/008.png,leather/ground_truth/color/008_mask.png
c27c1ef762fc6cd6bb37d94b,screw,final_test,1,manipulated_front,screw/test/manipulated_front/021.png,screw/ground_truth/manipulated_front/021_mask.png
c28795fbee2d1469727d4995,zipper,fit,0,good,zipper/train/good/194.png,
c29a0b8e57f5eab37fd10d50,hazelnut,selection,1,print,hazelnut/test/print/009.png,hazelnut/ground_truth/print/009_mask.png
c29a81d034ddecbc71536d1a,metal_nut,fit,0,good,metal_nut/train/good/173.png,
c2bdd3e7c4d6ba66f222d588,transistor,validation_normal,0,good,transistor/train/good/206.png,
c2be1a21de1164630200948b,wood,calibration_normal,0,good,wood/train/good/242.png,
c2c1771ee14026677b47a773,hazelnut,final_test,0,good,hazelnut/test/good/019.png,
c2c6e9708989a7ac22dc0bbd,wood,fit,0,good,wood/train/good/121.png,
c2cb4576a197cc0e4cb76988,metal_nut,fit,0,good,metal_nut/train/good/068.png,
c2cddd97ffd37d0133683a61,transistor,selection,0,good,transistor/test/good/015.png,
c2d8b05ede7f77e1f0495acb,pill,fit,0,good,pill/train/good/131.png,
c2e87f76082939b77933765e,toothbrush,fit,0,good,toothbrush/train/good/013.png,
c2f326ffea09af02ffddc62f,screw,fit,0,good,screw/train/good/216.png,
c2f480a5b8afe598b174a7aa,screw,fit,0,good,screw/train/good/117.png,
c2f6d9bfe88dbf41b94fda1a,cable,final_test,1,missing_wire,cable/test/missing_wire/006.png,cable/ground_truth/missing_wire/006_mask.png
c2fb6b762bc5fb028afb9a2c,hazelnut,selection,1,cut,hazelnut/test/cut/016.png,hazelnut/ground_truth/cut/016_mask.png
c2fe8b75a0404a79349da8e4,screw,fit,0,good,screw/train/good/042.png,
c30d16f40bbc9407696943cd,leather,fit,0,good,leather/train/good/002.png,
c31631049c8bd31b905f6469,metal_nut,fit,0,good,metal_nut/train/good/175.png,
c325e1f57ed7842d06c646f7,capsule,calibration_normal,0,good,capsule/train/good/027.png,
c357772477b2e98a64128057,transistor,fit,0,good,transistor/train/good/001.png,
c35dc1b4d7c3012dd21c368e,transistor,validation_normal,0,good,transistor/train/good/181.png,
c378ae14e21d0b8513b35c77,screw,fit,0,good,screw/train/good/044.png,
c38933f0fcf5cf05ad09aaa4,transistor,final_test,0,good,transistor/test/good/033.png,
c39c184cefc8c0ab1157b6b7,screw,validation_normal,0,good,screw/train/good/243.png,
c3d762861375a79fe117c90d,zipper,final_test,1,broken_teeth,zipper/test/broken_teeth/015.png,zipper/ground_truth/broken_teeth/015_mask.png
c3e1fae291b50254b4561b77,tile,selection,0,good,tile/test/good/006.png,
c400e43b3c82dce4d6e5069f,screw,fit,0,good,screw/train/good/137.png,
c409ce4f1506e5e5a140e82e,carpet,fit,0,good,carpet/train/good/160.png,
c4125726f33eee5451366705,cable,selection,1,missing_wire,cable/test/missing_wire/007.png,cable/ground_truth/missing_wire/007_mask.png
c41a860526286a380f077ca8,transistor,fit,0,good,transistor/train/good/190.png,
c42f28d7fe31a4ae0055ef3e,hazelnut,final_test,0,good,hazelnut/test/good/035.png,
c453f3aa95add77b19aad8d7,bottle,fit,0,good,bottle/train/good/203.png,
c45591a781cd9032269d4231,bottle,fit,0,good,bottle/train/good/065.png,
c455decaed20e72050265d74,hazelnut,fit,0,good,hazelnut/train/good/069.png,
c45ffc6dcca83b852bb274c7,pill,final_test,1,combined,pill/test/combined/012.png,pill/ground_truth/combined/012_mask.png
c461144e86ff15b002d35bf2,bottle,calibration_normal,0,good,bottle/train/good/073.png,
c46127f08a2adb5662e855b9,hazelnut,validation_normal,0,good,hazelnut/train/good/377.png,
c4740a66937e6c3d0f424d98,pill,fit,0,good,pill/train/good/208.png,
c474d1125327d93306f3ad60,tile,fit,0,good,tile/train/good/113.png,
c47555b0f6a3c10f30c957ec,capsule,validation_normal,0,good,capsule/train/good/047.png,
c477a01f306f46717c60de68,wood,fit,0,good,wood/train/good/154.png,
c47ad768df02150f89d8c274,leather,fit,0,good,leather/train/good/227.png,
c47e09fd351963dcb5ad6772,screw,fit,0,good,screw/train/good/169.png,
c4843725800cf5aa36706389,carpet,selection,0,good,carpet/test/good/008.png,
c484618d09e129450021f335,carpet,validation_normal,0,good,carpet/train/good/200.png,
c49ad5e48c65af272ef21b44,zipper,final_test,1,fabric_interior,zipper/test/fabric_interior/009.png,zipper/ground_truth/fabric_interior/009_mask.png
c4d177078d3ee61524477f22,screw,calibration_normal,0,good,screw/train/good/015.png,
c4d30e708791668f1c3a0eb2,screw,fit,0,good,screw/train/good/118.png,
c4e209fd2f08509f5807c7e6,carpet,fit,0,good,carpet/train/good/098.png,
c4e95b82c66d58226aec3763,carpet,calibration_normal,0,good,carpet/train/good/197.png,
c4ef21c0f7acd1e3f5046c1f,zipper,final_test,0,good,zipper/test/good/009.png,
c4ef281040ff6d56ed2d78ea,wood,final_test,1,liquid,wood/test/liquid/004.png,wood/ground_truth/liquid/004_mask.png
c4fa46356616b5a3b382a99f,tile,final_test,1,glue_strip,tile/test/glue_strip/005.png,tile/ground_truth/glue_strip/005_mask.png
c50166daca54c685281ad1a1,cable,final_test,1,bent_wire,cable/test/bent_wire/002.png,cable/ground_truth/bent_wire/002_mask.png
c508b7620c4f49933d93e632,tile,fit,0,good,tile/train/good/087.png,
c50e68f5854c1682861bb7f9,grid,fit,0,good,grid/train/good/016.png,
c512820c604bfb09a68369bc,hazelnut,fit,0,good,hazelnut/train/good/093.png,
c519b6ab338b8483a104513e,cable,fit,0,good,cable/train/good/207.png,
c51b4825612a086baf0392c8,leather,fit,0,good,leather/train/good/241.png,
c51f8179a024b3d48e26191d,carpet,calibration_normal,0,good,carpet/train/good/029.png,
c5313d7fd0ab71561473a30e,wood,calibration_normal,0,good,wood/train/good/149.png,
c534d52d090fde95e74af606,transistor,fit,0,good,transistor/train/good/159.png,
c5370c41044f300589b2248e,capsule,validation_normal,0,good,capsule/train/good/034.png,
c53a7bb33f3a509edc18d3bc,cable,final_test,1,cut_inner_insulation,cable/test/cut_inner_insulation/008.png,cable/ground_truth/cut_inner_insulation/008_mask.png
c546eeb116850c78d0b558e5,tile,calibration_normal,0,good,tile/train/good/068.png,
c54fc8f207d6f7ad89719067,carpet,fit,0,good,carpet/train/good/258.png,
c557acda49ff048e86a41780,transistor,fit,0,good,transistor/train/good/113.png,
c56f096d7c319bb6c4fda096,hazelnut,validation_normal,0,good,hazelnut/train/good/265.png,
c579866e81ea5da2368c682a,leather,final_test,1,cut,leather/test/cut/004.png,leather/ground_truth/cut/004_mask.png
c57a102a1f88d28a04f24b49,grid,calibration_normal,0,good,grid/train/good/190.png,
c583bbe5a342cb280ead7eca,tile,fit,0,good,tile/train/good/082.png,
c588ff9768176dec3f03c7a3,cable,final_test,0,good,cable/test/good/044.png,
c58a4f635b36e487501f0006,pill,fit,0,good,pill/train/good/202.png,
c598fc5f4c93ecf4b85c5a90,transistor,selection,0,good,transistor/test/good/026.png,
c5ac75d3efdc7ea8f73a3c7f,hazelnut,fit,0,good,hazelnut/train/good/264.png,
c5ae02393922e88c55962246,bottle,fit,0,good,bottle/train/good/021.png,
c5b035787ed777ab5712ae93,capsule,fit,0,good,capsule/train/good/204.png,
c5c093e871a5a511b25bf0db,bottle,calibration_normal,0,good,bottle/train/good/033.png,
c5d9414a16e333e5d4ba8594,cable,fit,0,good,cable/train/good/172.png,
c5da286bc60856b145b35ebb,capsule,final_test,0,good,capsule/test/good/015.png,
c5e098f34587a0ee022e9455,leather,selection,1,cut,leather/test/cut/002.png,leather/ground_truth/cut/002_mask.png
c5f53b332f8bc826d5edb113,grid,fit,0,good,grid/train/good/032.png,
c5f79958e52dc4d1b378e7e7,wood,fit,0,good,wood/train/good/093.png,
c63dc6722c6b8a30616c607d,cable,fit,0,good,cable/train/good/006.png,
c6497036f1511e86db520239,capsule,final_test,0,good,capsule/test/good/018.png,
c6515e40bb61f7ebe8a5b970,wood,fit,0,good,wood/train/good/181.png,
c653008396da85e0475301ca,hazelnut,fit,0,good,hazelnut/train/good/114.png,
c65fe167384dcaed63906f10,pill,fit,0,good,pill/train/good/242.png,
c667c3d883157f991edfc30e,transistor,fit,0,good,transistor/train/good/082.png,
c66c87502c389f30ec43d679,wood,selection,1,combined,wood/test/combined/007.png,wood/ground_truth/combined/007_mask.png
c682fd5f4298d0bdea373cb7,carpet,validation_normal,0,good,carpet/train/good/123.png,
c68be11d8e88638b47963160,zipper,fit,0,good,zipper/train/good/148.png,
c68e8c4226f9a8ee97d66ce5,toothbrush,fit,0,good,toothbrush/train/good/054.png,
c6926b3355a80dd6dcd79ac9,tile,validation_normal,0,good,tile/train/good/172.png,
c6aa85202d8259f319be1b61,wood,fit,0,good,wood/train/good/225.png,
c6acdac981599690aa85842c,tile,final_test,1,gray_stroke,tile/test/gray_stroke/006.png,tile/ground_truth/gray_stroke/006_mask.png
c6cef5df1494238d3b0f8d20,pill,final_test,0,good,pill/test/good/004.png,
c6dc6a2886d11b777d395a6b,bottle,fit,0,good,bottle/train/good/177.png,
c6f5fa66c91881b8fee7fbb7,transistor,fit,0,good,transistor/train/good/133.png,
c6ffaf3b5bbe45f58e7b785d,pill,final_test,1,crack,pill/test/crack/010.png,pill/ground_truth/crack/010_mask.png
c70431c25b95cc2b02b51adf,carpet,final_test,1,thread,carpet/test/thread/004.png,carpet/ground_truth/thread/004_mask.png
c7137ab2a29a486b3cd68b21,wood,fit,0,good,wood/train/good/142.png,
c7265544276603b760b895dd,grid,fit,0,good,grid/train/good/132.png,
c728de57b974597aef3bf4f2,wood,fit,0,good,wood/train/good/235.png,
c72bcdff05408f4f0ef4243e,grid,fit,0,good,grid/train/good/154.png,
c73e3af4223953d659c78530,carpet,selection,0,good,carpet/test/good/023.png,
c748ae00169d2c2c96d54234,capsule,calibration_normal,0,good,capsule/train/good/059.png,
c761e01e4354593bb6134ca2,screw,final_test,1,thread_top,screw/test/thread_top/021.png,screw/ground_truth/thread_top/021_mask.png
c76cb835d9ea6e5f77f51d1a,pill,validation_normal,0,good,pill/train/good/068.png,
c771c9cc3ef1c72621707568,transistor,fit,0,good,transistor/train/good/058.png,
c7834a9c4b0e9ceb44b03df1,zipper,final_test,1,combined,zipper/test/combined/011.png,zipper/ground_truth/combined/011_mask.png
c7a7591be2d6c0dcc69cd752,wood,selection,1,scratch,wood/test/scratch/000.png,wood/ground_truth/scratch/000_mask.png
c7c67be6ecf4c243bb540da5,hazelnut,fit,0,good,hazelnut/train/good/163.png,
c7ca816651d8d10a53b7f8ae,leather,fit,0,good,leather/train/good/007.png,
c7eb9890dd93b6dd542fcd35,capsule,fit,0,good,capsule/train/good/161.png,
c7f8148387b1d3e43977c1e6,zipper,final_test,1,fabric_interior,zipper/test/fabric_interior/015.png,zipper/ground_truth/fabric_interior/015_mask.png
c80f1cea343fda7f931f0cc7,leather,selection,1,fold,leather/test/fold/006.png,leather/ground_truth/fold/006_mask.png
c8160af6cafe4ff34d42ea2d,carpet,calibration_normal,0,good,carpet/train/good/140.png,
c83064052cb731c0cde878ef,pill,calibration_normal,0,good,pill/train/good/152.png,
c83d9d6e3d8e11c475baabb4,grid,calibration_normal,0,good,grid/train/good/089.png,
c840b3ce094a3e4eee66510e,carpet,fit,0,good,carpet/train/good/015.png,
c84c19e619f05902aba24979,capsule,final_test,1,faulty_imprint,capsule/test/faulty_imprint/004.png,capsule/ground_truth/faulty_imprint/004_mask.png
c84ea3a0202982ffa1677374,tile,validation_normal,0,good,tile/train/good/104.png,
c86a1d51aa4c2055c54a3174,hazelnut,selection,0,good,hazelnut/test/good/008.png,
c8759c995b92f83417bb9c71,pill,selection,0,good,pill/test/good/010.png,
c876593795dee26dff7f7e93,cable,fit,0,good,cable/train/good/026.png,
c87cc74aba1ee3a379359929,bottle,fit,0,good,bottle/train/good/109.png,
c880acdc7d4b353629a4ad4d,grid,validation_normal,0,good,grid/train/good/174.png,
c8928e11acde037cd0ff9b66,grid,validation_normal,0,good,grid/train/good/060.png,
c8a98c90778489d9a582ecb2,bottle,final_test,1,contamination,bottle/test/contamination/019.png,bottle/ground_truth/contamination/019_mask.png
c8aebe709c18fb75cfad8a13,screw,fit,0,good,screw/train/good/221.png,
c8af4f87c163691e969290e9,grid,fit,0,good,grid/train/good/094.png,
c8bc61caab65e6320657f349,pill,final_test,1,combined,pill/test/combined/016.png,pill/ground_truth/combined/016_mask.png
c8c641543de4f618ba20102d,hazelnut,fit,0,good,hazelnut/train/good/341.png,
c8dcd960bcdd6cc71d07f8aa,cable,selection,0,good,cable/test/good/026.png,
c8ec8c228945b2b962b1c9b0,metal_nut,final_test,1,bent,metal_nut/test/bent/008.png,metal_nut/ground_truth/bent/008_mask.png
c910ac2e2bfe9b4f53702579,pill,selection,1,color,pill/test/color/016.png,pill/ground_truth/color/016_mask.png
c9294305f7d340a44e0a3778,carpet,fit,0,good,carpet/train/good/110.png,
c92c0fdfb72c2e314ac25ea4,carpet,selection,1,hole,carpet/test/hole/012.png,carpet/ground_truth/hole/012_mask.png
c92cfd7d3d71079ae5e98790,leather,final_test,0,good,leather/test/good/028.png,
c93b36d0f2869001e843e50e,grid,fit,0,good,grid/train/good/167.png,
c93d9b7288b0ae5321dbfec6,metal_nut,final_test,1,color,metal_nut/test/color/015.png,metal_nut/ground_truth/color/015_mask.png
c9427c7810b3eea0e7ee7fc4,tile,fit,0,good,tile/train/good/007.png,
c9579eb57a64e045958ebc61,wood,fit,0,good,wood/train/good/146.png,
c972703a7382ab7961757fe8,bottle,fit,0,good,bottle/train/good/028.png,
c97a8dc6f6186a2e37e556d9,hazelnut,calibration_normal,0,good,hazelnut/train/good/297.png,
c97d6982b236a1d26ecff5d1,wood,calibration_normal,0,good,wood/train/good/170.png,
c995d6015927a0cf9e185728,hazelnut,final_test,0,good,hazelnut/test/good/006.png,
c9a3ac21141e369e74340a7d,zipper,final_test,1,rough,zipper/test/rough/005.png,zipper/ground_truth/rough/005_mask.png
c9a9d95b593f94246890f026,screw,validation_normal,0,good,screw/train/good/018.png,
c9b1d1e2fd437e0a6d417ebb,capsule,calibration_normal,0,good,capsule/train/good/179.png,
c9b8e0203a3fb545a51cf272,hazelnut,fit,0,good,hazelnut/train/good/334.png,
c9cd036cd6a78baa0a935b59,pill,fit,0,good,pill/train/good/088.png,
c9d350acff6c1148a219748e,zipper,fit,0,good,zipper/train/good/180.png,
c9e3d36df9537652600ddca5,hazelnut,fit,0,good,hazelnut/train/good/079.png,
c9e9a02a81b89d89f2f31882,cable,fit,0,good,cable/train/good/048.png,
c9f629295b3ee56c973fcb1b,screw,selection,1,thread_side,screw/test/thread_side/007.png,screw/ground_truth/thread_side/007_mask.png
ca03aea67fc6e8212f82ddf2,capsule,calibration_normal,0,good,capsule/train/good/014.png,
ca03e00ad3f9e8f612e0b6dd,pill,selection,1,faulty_imprint,pill/test/faulty_imprint/010.png,pill/ground_truth/faulty_imprint/010_mask.png
ca0456d15c29047346b6b5d2,tile,fit,0,good,tile/train/good/072.png,
ca0feb55b5f67a6d46403b68,pill,fit,0,good,pill/train/good/249.png,
ca1d65c14e34b80989a358f3,pill,fit,0,good,pill/train/good/025.png,
ca4bb8f8ccc69ea6dd7aad8b,carpet,final_test,1,cut,carpet/test/cut/003.png,carpet/ground_truth/cut/003_mask.png
ca4d01a8cbe26838f6767905,pill,fit,0,good,pill/train/good/013.png,
ca58d4839a652b3754f9716b,capsule,selection,1,faulty_imprint,capsule/test/faulty_imprint/005.png,capsule/ground_truth/faulty_imprint/005_mask.png
ca8448036e055f0212911cfb,capsule,fit,0,good,capsule/train/good/125.png,
ca86f7e7e9c205cf3a167a90,hazelnut,final_test,1,cut,hazelnut/test/cut/008.png,hazelnut/ground_truth/cut/008_mask.png
ca88a4c148232784f7ef1e7a,wood,final_test,1,liquid,wood/test/liquid/008.png,wood/ground_truth/liquid/008_mask.png
ca9617b569c12ac1e446b3a1,pill,fit,0,good,pill/train/good/171.png,
ca98429b6a73f168ff2af950,hazelnut,calibration_normal,0,good,hazelnut/train/good/213.png,
ca9a3d0a1d1abb2066194756,wood,fit,0,good,wood/train/good/009.png,
caa59240edb969603dc33101,grid,fit,0,good,grid/train/good/241.png,
caa88b2c5808c6f9a110f635,leather,fit,0,good,leather/train/good/083.png,
cacdf34eca6025a4ea62e25c,wood,final_test,1,scratch,wood/test/scratch/007.png,wood/ground_truth/scratch/007_mask.png
cad50ea74f2477559a80b625,screw,final_test,1,manipulated_front,screw/test/manipulated_front/011.png,screw/ground_truth/manipulated_front/011_mask.png
cad5c8d9901da93a3c00301f,bottle,final_test,1,broken_small,bottle/test/broken_small/020.png,bottle/ground_truth/broken_small/020_mask.png
cadc7ab9a606672f400ae124,carpet,fit,0,good,carpet/train/good/219.png,
cafcd30c5c08a3a3197551d8,carpet,final_test,1,thread,carpet/test/thread/000.png,carpet/ground_truth/thread/000_mask.png
cb045d15921628da174e4e3f,cable,selection,0,good,cable/test/good/040.png,
cb0cc64f3fe9efd78827ca42,transistor,final_test,0,good,transistor/test/good/011.png,
cb16cab712f2f0c1157d50d2,screw,fit,0,good,screw/train/good/133.png,
cb3c3ba7c3e157760a396452,leather,fit,0,good,leather/train/good/016.png,
cb3f2e4a6d90111031d1f039,grid,calibration_normal,0,good,grid/train/good/139.png,
cb5091506d6f2f9bbae0e053,hazelnut,validation_normal,0,good,hazelnut/train/good/249.png,
cb5776f7da134329925ef8f5,leather,fit,0,good,leather/train/good/068.png,
cb631bbc6edffbe80b84b3db,cable,fit,0,good,cable/train/good/163.png,
cb732de98922ae8594cb4826,cable,fit,0,good,cable/train/good/098.png,
cb7378aae46851592162afa4,screw,final_test,1,scratch_head,screw/test/scratch_head/010.png,screw/ground_truth/scratch_head/010_mask.png
cb83e9a135133980580725b2,zipper,fit,0,good,zipper/train/good/076.png,
cb9e0a74c1b879258f87e0c7,screw,fit,0,good,screw/train/good/014.png,
cb9ef40f7f2466ceaa76f065,cable,fit,0,good,cable/train/good/036.png,
cbb01167a68038f0fec2c785,capsule,fit,0,good,capsule/train/good/192.png,
cbbd1c3bc63554dc7d598822,capsule,fit,0,good,capsule/train/good/188.png,
cbd12a0e3429b7dd9d3ae22a,cable,final_test,1,cut_inner_insulation,cable/test/cut_inner_insulation/013.png,cable/ground_truth/cut_inner_insulation/013_mask.png
cbd2f712a233a71b64dee989,screw,final_test,1,manipulated_front,screw/test/manipulated_front/001.png,screw/ground_truth/manipulated_front/001_mask.png
cbd37d72e8358fa525e866bb,pill,validation_normal,0,good,pill/train/good/061.png,
cbe2fea5ba962dbb483dccf2,screw,final_test,1,thread_side,screw/test/thread_side/019.png,screw/ground_truth/thread_side/019_mask.png
cbe3e2dec4d2d2f6506e6f8f,metal_nut,validation_normal,0,good,metal_nut/train/good/167.png,
cbf1bb2f9025822ed9726493,wood,fit,0,good,wood/train/good/046.png,
cbf447dffdee26a52b7f00c9,pill,fit,0,good,pill/train/good/112.png,
cbf8aa2a248dea9006bda4a0,metal_nut,fit,0,good,metal_nut/train/good/107.png,
cc1badb60b47701b07a1431d,carpet,fit,0,good,carpet/train/good/205.png,
cc35beb82d6f303c15dcf709,metal_nut,validation_normal,0,good,metal_nut/train/good/130.png,
cc375ea8b72961d759ad7d6b,hazelnut,calibration_normal,0,good,hazelnut/train/good/048.png,
cc484720990d1fa7415cb466,carpet,selection,1,metal_contamination,carpet/test/metal_contamination/006.png,carpet/ground_truth/metal_contamination/006_mask.png
cc51c65bb7b0a6a7dcf94a9a,transistor,fit,0,good,transistor/train/good/116.png,
cc61323c6dbad1fff5e5bcbe,tile,final_test,1,crack,tile/test/crack/006.png,tile/ground_truth/crack/006_mask.png
cc72663943608f98f44e0051,metal_nut,fit,0,good,metal_nut/train/good/202.png,
cc830b1cf2900a187fe5275c,cable,validation_normal,0,good,cable/train/good/149.png,
cc83b8cb5e4af91e64c4a779,transistor,final_test,0,good,transistor/test/good/036.png,
cc88d86af750296abeaca190,screw,final_test,1,thread_top,screw/test/thread_top/012.png,screw/ground_truth/thread_top/012_mask.png
cc97e3e65abb1d6bdb99f8f1,tile,fit,0,good,tile/train/good/184.png,
cc9de97759471423d22e44d5,transistor,selection,0,good,transistor/test/good/006.png,
cca071addd928060542fc14b,hazelnut,fit,0,good,hazelnut/train/good/273.png,
ccb446291cf5049f79822d92,leather,validation_normal,0,good,leather/train/good/092.png,
ccc7b2e3fd9c7f8bbbfd1fac,zipper,fit,0,good,zipper/train/good/200.png,
ccf416e63f1fe01b1bdd6c1b,metal_nut,fit,0,good,metal_nut/train/good/085.png,
cd0bc9c3e45350c97814b5ef,screw,fit,0,good,screw/train/good/077.png,
cd16a2bacf0b5240251b30a9,leather,fit,0,good,leather/train/good/063.png,
cd1be9f3d72b034a56852322,pill,fit,0,good,pill/train/good/132.png,
cd2d3db39cd6961aca34d104,transistor,fit,0,good,transistor/train/good/102.png,
cd322f4d36e27e802bddea5a,screw,final_test,1,manipulated_front,screw/test/manipulated_front/000.png,screw/ground_truth/manipulated_front/000_mask.png
cd3a8eeee51a0824ed3d3a13,leather,fit,0,good,leather/train/good/090.png,
cd4407b410ee7d1dafbf4e3f,pill,fit,0,good,pill/train/good/225.png,
cd45ebb0dc1756c837bde05d,metal_nut,calibration_normal,0,good,metal_nut/train/good/097.png,
cd54cb3a9c0227ad1d5257f2,pill,final_test,1,contamination,pill/test/contamination/019.png,pill/ground_truth/contamination/019_mask.png
cd60235cfc9c309744bf8387,carpet,fit,0,good,carpet/train/good/156.png,
cd7ec9cadda27c2518316c39,bottle,fit,0,good,bottle/train/good/204.png,
cd81a6ae0d8ba6da70ba6dc5,leather,fit,0,good,leather/train/good/165.png,
cd8c9713e618cf2b176453ae,bottle,selection,1,broken_small,bottle/test/broken_small/013.png,bottle/ground_truth/broken_small/013_mask.png
cd97a5e79b3a87ddf15f6004,screw,fit,0,good,screw/train/good/230.png,
cdb54e274e71aa23da0d31f1,pill,final_test,1,color,pill/test/color/024.png,pill/ground_truth/color/024_mask.png
cdb957c3872596e96d277699,capsule,selection,1,poke,capsule/test/poke/015.png,capsule/ground_truth/poke/015_mask.png
cdbc40b09dbcc36521f1edcb,tile,final_test,1,oil,tile/test/oil/011.png,tile/ground_truth/oil/011_mask.png
cdcfd085a0d9de47b9baf154,transistor,selection,1,cut_lead,transistor/test/cut_lead/002.png,transistor/ground_truth/cut_lead/002_mask.png
cde18085961df3d599914119,toothbrush,selection,0,good,toothbrush/test/good/009.png,
cde58976169876583d843a0f,tile,final_test,0,good,tile/test/good/028.png,
cde9f83c58843ffbd2710e74,metal_nut,final_test,1,flip,metal_nut/test/flip/015.png,metal_nut/ground_truth/flip/015_mask.png
cdf25a05520646552764114d,bottle,fit,0,good,bottle/train/good/098.png,
cdfa4f64d637d78bf08069af,hazelnut,fit,0,good,hazelnut/train/good/201.png,
ce10cbfb0f535ee814932daf,bottle,fit,0,good,bottle/train/good/049.png,
ce1a57555414ab7c4af98201,bottle,selection,1,broken_large,bottle/test/broken_large/014.png,bottle/ground_truth/broken_large/014_mask.png
ce1ea91439efa80bfb3e8634,carpet,fit,0,good,carpet/train/good/217.png,
ce2122b932b86666d4aaecb7,cable,fit,0,good,cable/train/good/002.png,
ce39db7274577b67acc26e70,toothbrush,selection,1,defective,toothbrush/test/defective/019.png,toothbrush/ground_truth/defective/019_mask.png
ce48df86a6439570fb327616,zipper,selection,1,split_teeth,zipper/test/split_teeth/013.png,zipper/ground_truth/split_teeth/013_mask.png
ce4b33d2d8bf24b085b01022,zipper,fit,0,good,zipper/train/good/197.png,
ce6023745cbe0afd38d97c49,hazelnut,final_test,1,hole,hazelnut/test/hole/009.png,hazelnut/ground_truth/hole/009_mask.png
ce6b88ee9aa2bfd4e7fc0999,bottle,selection,1,broken_large,bottle/test/broken_large/018.png,bottle/ground_truth/broken_large/018_mask.png
ce7f776904bbd7cf16bc45de,transistor,validation_normal,0,good,transistor/train/good/130.png,
ce87d39576314a11ec28b01f,carpet,calibration_normal,0,good,carpet/train/good/213.png,
ce97fcccbf73792a5ac31947,pill,selection,1,scratch,pill/test/scratch/019.png,pill/ground_truth/scratch/019_mask.png
ceaa1a31cce7be112552bb35,hazelnut,fit,0,good,hazelnut/train/good/181.png,
cec1d7eded4f1530a542331a,tile,fit,0,good,tile/train/good/174.png,
cec5db50cde2d5dc704f7693,screw,final_test,0,good,screw/test/good/038.png,
ced91334e2cb2932b900368a,metal_nut,selection,0,good,metal_nut/test/good/019.png,
cee3c2fbbbac07e42b2c3420,hazelnut,validation_normal,0,good,hazelnut/train/good/080.png,
cee9b46b227e878a6abe4b91,hazelnut,fit,0,good,hazelnut/train/good/198.png,
ceebd885d4219b3c8031cc4f,screw,calibration_normal,0,good,screw/train/good/124.png,
cef2b3ddfb113071995b051b,tile,fit,0,good,tile/train/good/149.png,
cef9c8173107c39080dc8f88,screw,fit,0,good,screw/train/good/049.png,
cefdfa2032c3e5c5e21037eb,pill,final_test,1,combined,pill/test/combined/006.png,pill/ground_truth/combined/006_mask.png
cf03d38d0b654d6b586c80a3,leather,validation_normal,0,good,leather/train/good/205.png,
cf10f6d0386367e30c5f9310,screw,calibration_normal,0,good,screw/train/good/275.png,
cf2066d2ad19ef0554f5e1a2,bottle,fit,0,good,bottle/train/good/198.png,
cf240efabe7cec4810cafc4c,grid,fit,0,good,grid/train/good/065.png,
cf2afaa380c8e620981bff93,transistor,fit,0,good,transistor/train/good/062.png,
cf3333275193aa31a779cda5,carpet,selection,1,hole,carpet/test/hole/016.png,carpet/ground_truth/hole/016_mask.png
cf37b6b6d950c4355d676d45,tile,fit,0,good,tile/train/good/163.png,
cf44d53f628b049d6ca2fb0c,capsule,final_test,1,crack,capsule/test/crack/001.png,capsule/ground_truth/crack/001_mask.png
cf4598dceee7b2f6418d9662,metal_nut,fit,0,good,metal_nut/train/good/207.png,
cf56301b85dd2abb8d8e2ab5,metal_nut,final_test,1,color,metal_nut/test/color/006.png,metal_nut/ground_truth/color/006_mask.png
cf66fccea42e897e2b937568,zipper,fit,0,good,zipper/train/good/068.png,
cfa46bf2d2231d26b139ed99,toothbrush,calibration_normal,0,good,toothbrush/train/good/032.png,
cfa88097ed20b125bd25d052,wood,validation_normal,0,good,wood/train/good/065.png,
cfb9d6793c976f03cf743c8e,tile,final_test,1,gray_stroke,tile/test/gray_stroke/004.png,tile/ground_truth/gray_stroke/004_mask.png
cfcb685604a121d8a2867103,metal_nut,fit,0,good,metal_nut/train/good/029.png,
cfd07df5bfd56a717f7dcbff,screw,validation_normal,0,good,screw/train/good/073.png,
cfd2577823761e9623675bcc,hazelnut,fit,0,good,hazelnut/train/good/243.png,
cfe638d23f8738c41d9cbad6,pill,final_test,1,scratch,pill/test/scratch/005.png,pill/ground_truth/scratch/005_mask.png
cff8a131f13a3d5ff494fd74,hazelnut,fit,0,good,hazelnut/train/good/266.png,
d011470e621c051783b39ab1,wood,selection,1,hole,wood/test/hole/004.png,wood/ground_truth/hole/004_mask.png
d036506c3da32e92b9e1c020,metal_nut,final_test,1,bent,metal_nut/test/bent/002.png,metal_nut/ground_truth/bent/002_mask.png
d0415caf3b974b8273cc4ab2,leather,final_test,1,color,leather/test/color/013.png,leather/ground_truth/color/013_mask.png
d048a51e9b1e4105e5d2fa5c,carpet,fit,0,good,carpet/train/good/014.png,
d04bbc0720f882fe72a2bd2b,leather,fit,0,good,leather/train/good/080.png,
d05469c76b7262a79fb2d1f1,screw,calibration_normal,0,good,screw/train/good/098.png,
d056d3279e1039d1bd0ea22e,cable,selection,1,cut_inner_insulation,cable/test/cut_inner_insulation/003.png,cable/ground_truth/cut_inner_insulation/003_mask.png
d076c9d719efe3e147e23205,screw,calibration_normal,0,good,screw/train/good/027.png,
d08cf846589f44e99762f7dc,screw,final_test,1,scratch_head,screw/test/scratch_head/023.png,screw/ground_truth/scratch_head/023_mask.png
d090f9abc83e2897e29ad910,tile,fit,0,good,tile/train/good/170.png,
d097ac5693a068f5986ee951,leather,fit,0,good,leather/train/good/135.png,
d0bf4600ea5c3725cf54aa54,grid,final_test,1,thread,grid/test/thread/002.png,grid/ground_truth/thread/002_mask.png
d0d3861f47f15a3d38622a2e,capsule,final_test,0,good,capsule/test/good/003.png,
d0e9a5b6baecab06abf8a0fd,grid,fit,0,good,grid/train/good/202.png,
d0f342e5f86c7860241520a2,toothbrush,final_test,1,defective,toothbrush/test/defective/014.png,toothbrush/ground_truth/defective/014_mask.png
d0f7a836fc6a8ea4ff39b68c,hazelnut,fit,0,good,hazelnut/train/good/121.png,
d107d444bb8ac2f3c4912607,screw,fit,0,good,screw/train/good/207.png,
d11a94819401d1ac1d283361,hazelnut,final_test,1,cut,hazelnut/test/cut/000.png,hazelnut/ground_truth/cut/000_mask.png
d11ce62b0c4316d3b6897265,carpet,fit,0,good,carpet/train/good/260.png,
d11f80e2d9006c310cac13fa,capsule,final_test,1,squeeze,capsule/test/squeeze/008.png,capsule/ground_truth/squeeze/008_mask.png
d12c650dbc9b53bdc6667c38,zipper,validation_normal,0,good,zipper/train/good/190.png,
d13a7e54eaffcfa4709456d7,tile,validation_normal,0,good,tile/train/good/085.png,
d141bfb7eae79e11eb35b94f,leather,fit,0,good,leather/train/good/173.png,
d1428e9f52bd60ed9dc651da,bottle,fit,0,good,bottle/train/good/046.png,
d14963d5be3ee9f60dd84aec,grid,fit,0,good,grid/train/good/223.png,
d152223c9820b3b7a0df668c,cable,final_test,1,cut_inner_insulation,cable/test/cut_inner_insulation/005.png,cable/ground_truth/cut_inner_insulation/005_mask.png
d15880ca31db9d1e44d6bd46,zipper,final_test,1,combined,zipper/test/combined/008.png,zipper/ground_truth/combined/008_mask.png
d158cbcd15e5284b868723fd,cable,fit,0,good,cable/train/good/089.png,
d15a5464e75ebb335f76b24c,pill,final_test,1,contamination,pill/test/contamination/000.png,pill/ground_truth/contamination/000_mask.png
d15ade65aeaefe60096fd239,leather,validation_normal,0,good,leather/train/good/171.png,
d168db41986c8db0738d23fb,zipper,fit,0,good,zipper/train/good/071.png,
d16da98cf3df202d448dc051,wood,fit,0,good,wood/train/good/228.png,
d17249580e80a8ae8fe30410,zipper,final_test,0,good,zipper/test/good/019.png,
d180af7f9d7c2e421321a1ed,carpet,fit,0,good,carpet/train/good/089.png,
d194b027d8901f6e2a8ce326,carpet,fit,0,good,carpet/train/good/171.png,
d1b91f6eaf96a916d1d20e63,cable,selection,1,cut_inner_insulation,cable/test/cut_inner_insulation/001.png,cable/ground_truth/cut_inner_insulation/001_mask.png
d1bb27b4a3bd169e110b9fb9,pill,fit,0,good,pill/train/good/266.png,
d1d179d04f2a39e524879148,toothbrush,calibration_normal,0,good,toothbrush/train/good/015.png,
d1d3083b099334bfe846f63b,zipper,final_test,1,squeezed_teeth,zipper/test/squeezed_teeth/006.png,zipper/ground_truth/squeezed_teeth/006_mask.png
d1ebc0b2a7c157992a5c1f19,zipper,selection,1,rough,zipper/test/rough/002.png,zipper/ground_truth/rough/002_mask.png
d1f13ea216a6e7fa87fb9837,carpet,validation_normal,0,good,carpet/train/good/088.png,
d211cf7ef8b37d5033fff715,bottle,selection,1,broken_small,bottle/test/broken_small/011.png,bottle/ground_truth/broken_small/011_mask.png
d21b1f5912fcdb12e1e7cf54,screw,fit,0,good,screw/train/good/149.png,
d222c23496319f665bbbda13,zipper,validation_normal,0,good,zipper/train/good/226.png,
d22555e8cdb8d80f60eb738b,transistor,selection,1,cut_lead,transistor/test/cut_lead/007.png,transistor/ground_truth/cut_lead/007_mask.png
d228c0f026dd55e4992016c2,capsule,final_test,1,crack,capsule/test/crack/000.png,capsule/ground_truth/crack/000_mask.png
d22b3b654e9e798b56e74609,pill,selection,1,faulty_imprint,pill/test/faulty_imprint/013.png,pill/ground_truth/faulty_imprint/013_mask.png
d2410b61983e441c005a57d8,cable,fit,0,good,cable/train/good/193.png,
d2455b51ce914ff7864f4ca1,grid,fit,0,good,grid/train/good/107.png,
d25e1df63c698b8bde4a7d1f,cable,final_test,1,poke_insulation,cable/test/poke_insulation/002.png,cable/ground_truth/poke_insulation/002_mask.png
d2649cf0f11b58f393febcc5,screw,validation_normal,0,good,screw/train/good/139.png,
d2724eb5b195ff0b0be18b7c,transistor,final_test,0,good,transistor/test/good/051.png,
d278ed21be9a2e0428c1d93f,cable,final_test,1,cable_swap,cable/test/cable_swap/004.png,cable/ground_truth/cable_swap/004_mask.png
d27dbf9a25f34220facb9168,wood,selection,0,good,wood/test/good/011.png,
d28da2ef0aa990d85e8ae94e,grid,final_test,0,good,grid/test/good/001.png,
d29ffce7ae89109added12bb,screw,final_test,1,manipulated_front,screw/test/manipulated_front/020.png,screw/ground_truth/manipulated_front/020_mask.png
d2a926b4a15c3d2c3bd63307,bottle,fit,0,good,bottle/train/good/172.png,
d2acd4c0092b4a40b19b9b1b,zipper,fit,0,good,zipper/train/good/219.png,
d2b95bc84d06f0586c96fbcf,cable,fit,0,good,cable/train/good/127.png,
d2bca2bf34b453da1c381d69,carpet,selection,1,cut,carpet/test/cut/015.png,carpet/ground_truth/cut/015_mask.png
d2c8a211cfe94715fad89440,toothbrush,fit,0,good,toothbrush/train/good/021.png,
d2e1f3eb5f78f261ebfc3e89,tile,fit,0,good,tile/train/good/126.png,
d2edaf6dd94d283c08015881,grid,fit,0,good,grid/train/good/076.png,
d2f36cc892fd86fd4d75337f,leather,validation_normal,0,good,leather/train/good/085.png,
d2f47221a453dd3902f61a1a,bottle,final_test,0,good,bottle/test/good/019.png,
d2ff8cd6403395088fe96c14,hazelnut,selection,1,crack,hazelnut/test/crack/000.png,hazelnut/ground_truth/crack/000_mask.png
d3046bedea318b8321458020,transistor,final_test,0,good,transistor/test/good/025.png,
d31d891feee9abd45e304e16,metal_nut,fit,0,good,metal_nut/train/good/135.png,
d321ad758b5f7c0531196072,wood,fit,0,good,wood/train/good/211.png,
d33f3b17a2562613b534fed9,screw,final_test,0,good,screw/test/good/009.png,
d3450026e011a0e90f73015b,cable,fit,0,good,cable/train/good/213.png,
d363df54e298430b4e662244,leather,fit,0,good,leather/train/good/146.png,
d3791066f8a66219b72e5318,tile,fit,0,good,tile/train/good/002.png,
d38699f6098c60447ecd2c12,zipper,selection,1,fabric_interior,zipper/test/fabric_interior/011.png,zipper/ground_truth/fabric_interior/011_mask.png
d39960fdc1ebebc0df1ba021,transistor,fit,0,good,transistor/train/good/200.png,
d3abf2082124d18b6646b2b6,tile,validation_normal,0,good,tile/train/good/190.png,
d3cd86e2fd7a8b44e9af7ea5,zipper,fit,0,good,zipper/train/good/116.png,
d3d27e329f29af6cdbafbac0,pill,fit,0,good,pill/train/good/121.png,
d3e5ec5122106aca9e45b612,hazelnut,fit,0,good,hazelnut/train/good/113.png,
d3f147bbe9d6f3a78a26cb25,tile,final_test,1,crack,tile/test/crack/003.png,tile/ground_truth/crack/003_mask.png
d410f8e378c8772e9f5e81e3,tile,validation_normal,0,good,tile/train/good/026.png,
d41ded5d65374a43504f7897,metal_nut,final_test,1,scratch,metal_nut/test/scratch/016.png,metal_nut/ground_truth/scratch/016_mask.png
d41f3e4793ae1e1354fc63ec,cable,fit,0,good,cable/train/good/004.png,
d42e1d15dd4b1d7e1cc4c9af,zipper,final_test,1,squeezed_teeth,zipper/test/squeezed_teeth/000.png,zipper/ground_truth/squeezed_teeth/000_mask.png
d4320f90df4a8ec9c684edc3,metal_nut,fit,0,good,metal_nut/train/good/091.png,
d4466598b76d13a4c763f45e,wood,validation_normal,0,good,wood/train/good/085.png,
d453fe670ae263c9cfb1a5ba,zipper,calibration_normal,0,good,zipper/train/good/028.png,
d461e36b0ca69565c1e3d215,zipper,fit,0,good,zipper/train/good/174.png,
d466dc20649d4c44cf380b8d,hazelnut,fit,0,good,hazelnut/train/good/108.png,
d46713c2b558df09ebd14a85,carpet,fit,0,good,carpet/train/good/119.png,
d473655d12fc9288210b0e3c,screw,calibration_normal,0,good,screw/train/good/194.png,
d491aaffb37f7225843f54de,zipper,fit,0,good,zipper/train/good/215.png,
d494fa82b5e5bb729aaa26c4,zipper,selection,0,good,zipper/test/good/028.png,
d49d18d661c3aeef1a565862,screw,fit,0,good,screw/train/good/298.png,
d49d6b7fee3512305b7870d1,grid,validation_normal,0,good,grid/train/good/080.png,
d4c5345b1c1b933b421ec63a,screw,validation_normal,0,good,screw/train/good/238.png,
d4cf94ec19957eb9b53bb729,pill,fit,0,good,pill/train/good/164.png,
d4e1cc9fcf338f7f5043c5c9,leather,fit,0,good,leather/train/good/209.png,
d4e21dc76bc82f632196142d,grid,fit,0,good,grid/train/good/248.png,
d4f59c7add345f5346148ac9,cable,selection,1,cut_inner_insulation,cable/test/cut_inner_insulation/007.png,cable/ground_truth/cut_inner_insulation/007_mask.png
d5095dc14dad74bf501f6581,cable,fit,0,good,cable/train/good/095.png,
d511f1b2003203a0336a84af,hazelnut,validation_normal,0,good,hazelnut/train/good/370.png,
d51a1c5c36ee48fadf476a05,hazelnut,calibration_normal,0,good,hazelnut/train/good/105.png,
d529440fe8b7298eef108503,hazelnut,selection,1,cut,hazelnut/test/cut/004.png,hazelnut/ground_truth/cut/004_mask.png
d530f281aaabe1ee603ec5a0,carpet,fit,0,good,carpet/train/good/043.png,
d53e5fe481a1fc43dbbb9598,leather,selection,1,fold,leather/test/fold/002.png,leather/ground_truth/fold/002_mask.png
d53f7c2f7e1a767526b170e5,bottle,fit,0,good,bottle/train/good/031.png,
d5420c0029b8d3b72112be53,metal_nut,validation_normal,0,good,metal_nut/train/good/176.png,
d5466972a25e9b25fc8caa66,screw,final_test,1,thread_top,screw/test/thread_top/009.png,screw/ground_truth/thread_top/009_mask.png
d54774d2ff5569034cfb4b80,wood,fit,0,good,wood/train/good/221.png,
d5510bc627b60be10c48b31d,hazelnut,final_test,1,cut,hazelnut/test/cut/011.png,hazelnut/ground_truth/cut/011_mask.png
d560fea1aed360ef6cf6a308,hazelnut,fit,0,good,hazelnut/train/good/351.png,
d56e2269148fc83a6c22d1bc,tile,calibration_normal,0,good,tile/train/good/148.png,
d5801d3acf6c36eaa1e9603c,pill,final_test,1,contamination,pill/test/contamination/018.png,pill/ground_truth/contamination/018_mask.png
d5821474ea2e077f833c58de,transistor,fit,0,good,transistor/train/good/018.png,
d58417a901b0da3d2b2dd4ed,pill,fit,0,good,pill/train/good/060.png,
d59bc241e0397d6f527e55b1,capsule,final_test,0,good,capsule/test/good/014.png,
d59c2f8b0e667cc6e84c98be,leather,fit,0,good,leather/train/good/120.png,
d5a9aa53eb4ae6204641eeb3,pill,selection,1,pill_type,pill/test/pill_type/006.png,pill/ground_truth/pill_type/006_mask.png
d5d2e64bbcdcddd35200fcbd,hazelnut,fit,0,good,hazelnut/train/good/173.png,
d5d73455094a6439790eafcf,screw,final_test,1,thread_top,screw/test/thread_top/014.png,screw/ground_truth/thread_top/014_mask.png
d5de9c6996953c72b622e596,zipper,final_test,1,fabric_interior,zipper/test/fabric_interior/004.png,zipper/ground_truth/fabric_interior/004_mask.png
d5e7250114d6d3b95dcd7139,wood,fit,0,good,wood/train/good/019.png,
d6070485500441dbeb658665,zipper,fit,0,good,zipper/train/good/072.png,
d60ad9193a6cd1a70961af81,capsule,fit,0,good,capsule/train/good/113.png,
d6103034d35eaa3d5f1bdfc2,wood,calibration_normal,0,good,wood/train/good/194.png,
d61a1aeae5460994bcdf5abf,cable,selection,1,combined,cable/test/combined/004.png,cable/ground_truth/combined/004_mask.png
d63aedb99a8c5fa26cfed6d4,screw,final_test,1,scratch_neck,screw/test/scratch_neck/008.png,screw/ground_truth/scratch_neck/008_mask.png
d6425702caa6cb047493e0cf,grid,selection,1,thread,grid/test/thread/004.png,grid/ground_truth/thread/004_mask.png
d64a7c9924f2136011cc3a06,leather,final_test,1,poke,leather/test/poke/001.png,leather/ground_truth/poke/001_mask.png
d65790883ea736d4c85ec6d4,cable,final_test,1,bent_wire,cable/test/bent_wire/008.png,cable/ground_truth/bent_wire/008_mask.png
d65b786d8e2d05cab690cdbb,screw,calibration_normal,0,good,screw/train/good/016.png,
d65f1f215fdb7ba1171857c9,screw,fit,0,good,screw/train/good/316.png,
d690a9bca22422aa28d137a0,screw,final_test,1,scratch_head,screw/test/scratch_head/003.png,screw/ground_truth/scratch_head/003_mask.png
d696db23be0769a79363918f,leather,final_test,1,glue,leather/test/glue/017.png,leather/ground_truth/glue/017_mask.png
d6a825833ba41b88bf43810b,grid,fit,0,good,grid/train/good/017.png,
d6aa23953752d2f37884bbad,screw,fit,0,good,screw/train/good/034.png,
d6ada99319ba3bd5c05e1e8e,hazelnut,fit,0,good,hazelnut/train/good/385.png,
d6b50629dce07070306adda1,transistor,fit,0,good,transistor/train/good/158.png,
d6b7df277500fb4376e038ea,leather,fit,0,good,leather/train/good/125.png,
d6bfcc0337304fa9889ebc51,wood,fit,0,good,wood/train/good/068.png,
d6cf1dc0d78dd7f443e0e3ee,hazelnut,fit,0,good,hazelnut/train/good/010.png,
d6d22c9016153cb06e2137ee,leather,final_test,1,color,leather/test/color/011.png,leather/ground_truth/color/011_mask.png
d6d7c438a330a0651dd89ed5,transistor,validation_normal,0,good,transistor/train/good/205.png,
d6f9338ac841291afe6331ca,cable,fit,0,good,cable/train/good/187.png,
d6faa85ad3e235d515dab91c,wood,final_test,1,combined,wood/test/combined/006.png,wood/ground_truth/combined/006_mask.png
d70d878e8aa69958c608919f,zipper,selection,1,fabric_border,zipper/test/fabric_border/009.png,zipper/ground_truth/fabric_border/009_mask.png
d71690c13c3a940c92612565,leather,fit,0,good,leather/train/good/095.png,
d7231a34c9eb662e59d74780,zipper,fit,0,good,zipper/train/good/043.png,
d7360944f2db68a1403a1ade,grid,fit,0,good,grid/train/good/101.png,
d739fbfbb0372276a6b19fbd,wood,fit,0,good,wood/train/good/118.png,
d73cf99a0ab06e544989c062,carpet,fit,0,good,carpet/train/good/007.png,
d74b8dffef4a2b5e8b8120ec,transistor,fit,0,good,transistor/train/good/208.png,
d7508301af3fa34420bcf57c,hazelnut,final_test,1,cut,hazelnut/test/cut/001.png,hazelnut/ground_truth/cut/001_mask.png
d750bebafd55202c7890314e,cable,fit,0,good,cable/train/good/039.png,
d75b628a10279252ec906530,capsule,selection,1,scratch,capsule/test/scratch/011.png,capsule/ground_truth/scratch/011_mask.png
d76d4053834a4b61b54b1e54,metal_nut,calibration_normal,0,good,metal_nut/train/good/137.png,
d77fea4bb4af66379a894e39,carpet,fit,0,good,carpet/train/good/108.png,
d78142039fcf41f66b4fd40f,bottle,validation_normal,0,good,bottle/train/good/154.png,
d78ca16e24512e4118d31076,zipper,validation_normal,0,good,zipper/train/good/109.png,
d7aa2c1770a7f4c828725ada,capsule,fit,0,good,capsule/train/good/167.png,
d7b602cc02a2938172067845,grid,calibration_normal,0,good,grid/train/good/229.png,
d7c6de5bd3f0ad29280dfb23,hazelnut,fit,0,good,hazelnut/train/good/041.png,
d7c6e4519f0d70455a964927,carpet,selection,1,color,carpet/test/color/010.png,carpet/ground_truth/color/010_mask.png
d7dd259b0437983608fbef4d,toothbrush,fit,0,good,toothbrush/train/good/040.png,
d80204c86bebd7623b8247e9,hazelnut,fit,0,good,hazelnut/train/good/293.png,
d8087f75d1a55cdf24ce6612,carpet,fit,0,good,carpet/train/good/162.png,
d8235be86f33f7da788b2ac7,tile,final_test,0,good,tile/test/good/013.png,
d823814ae1ead6b750ee405f,bottle,validation_normal,0,good,bottle/train/good/124.png,
d832abc9afbaab7adb5843e2,pill,final_test,1,combined,pill/test/combined/010.png,pill/ground_truth/combined/010_mask.png
d83af85eb5047f3c440504ca,wood,fit,0,good,wood/train/good/128.png,
d842597b01b7864a23ffad68,pill,selection,1,crack,pill/test/crack/012.png,pill/ground_truth/crack/012_mask.png
d84a19e7b30ed12d7e183555,grid,calibration_normal,0,good,grid/train/good/233.png,
d855fa62857d1a8b4c6e7964,cable,selection,1,cable_swap,cable/test/cable_swap/011.png,cable/ground_truth/cable_swap/011_mask.png
d859d04fbf799fd152b1ae2b,cable,fit,0,good,cable/train/good/222.png,
d867dccadfbacbfd446064c8,cable,selection,1,missing_wire,cable/test/missing_wire/002.png,cable/ground_truth/missing_wire/002_mask.png
d87b3639c79530b2959f9398,grid,fit,0,good,grid/train/good/085.png,
d8b107e24d2bc703318148f2,grid,fit,0,good,grid/train/good/096.png,
d8b558a0c6a5a7e6ced3c4c1,leather,selection,1,cut,leather/test/cut/001.png,leather/ground_truth/cut/001_mask.png
d8bbecf287eb85746bcf279c,bottle,fit,0,good,bottle/train/good/084.png,
d8bf5c32c6767a46efd69ecf,capsule,final_test,0,good,capsule/test/good/007.png,
d8c3cbf3f6c27a9a51058b83,tile,fit,0,good,tile/train/good/166.png,
d8c51aeff2ff6f2540e23185,screw,fit,0,good,screw/train/good/091.png,
d8d7a1f228c34a310e311e50,carpet,calibration_normal,0,good,carpet/train/good/083.png,
d8fba2477a8d1a3cbb98f12d,hazelnut,fit,0,good,hazelnut/train/good/318.png,
d913ebc8fac46b5f19e7fba2,screw,fit,0,good,screw/train/good/074.png,
d915e5e48e4ec262bf1da3d2,toothbrush,final_test,0,good,toothbrush/test/good/005.png,
d93694e58fd4bbfbb317ba9c,grid,selection,1,glue,grid/test/glue/006.png,grid/ground_truth/glue/006_mask.png
d93cb81d4b9c547b9208f657,carpet,calibration_normal,0,good,carpet/train/good/022.png,
d94579e78947e1467bfb23bf,grid,final_test,1,broken,grid/test/broken/004.png,grid/ground_truth/broken/004_mask.png
d9520439023e53d52aa4c48c,metal_nut,fit,0,good,metal_nut/train/good/148.png,
d9540575a5a9e3153c7421ae,tile,fit,0,good,tile/train/good/185.png,
d9542eeae0cda4db1a514de7,bottle,fit,0,good,bottle/train/good/024.png,
d96c96a03b93bd4408a19cb4,tile,fit,0,good,tile/train/good/175.png,
d9740a68a4624323efc7f983,zipper,final_test,1,rough,zipper/test/rough/000.png,zipper/ground_truth/rough/000_mask.png
d98628f0fa5d5a60cc75002f,carpet,validation_normal,0,good,carpet/train/good/237.png,
d99bb5d213854e0aa3e85fef,carpet,validation_normal,0,good,carpet/train/good/030.png,
d99eba9422077921250f6472,wood,calibration_normal,0,good,wood/train/good/166.png,
d99f466e5410aa16b2b67054,metal_nut,validation_normal,0,good,metal_nut/train/good/146.png,
d9a7a53162e5e4b889c3499b,metal_nut,final_test,1,bent,metal_nut/test/bent/009.png,metal_nut/ground_truth/bent/009_mask.png
d9b16dac31bb5e94c02de304,wood,fit,0,good,wood/train/good/160.png,
d9b3bf7e7194057d7910fe2e,grid,fit,0,good,grid/train/good/261.png,
d9c0a4b85fd50f9666ac1aca,grid,validation_normal,0,good,grid/train/good/090.png,
d9c2816f890c7f5c5af384cc,pill,validation_normal,0,good,pill/train/good/203.png,
d9cb6f46aafd2755b98a5409,bottle,final_test,1,broken_small,bottle/test/broken_small/002.png,bottle/ground_truth/broken_small/002_mask.png
d9d68ed0c30f49efbf53c22e,wood,fit,0,good,wood/train/good/206.png,
d9f0fe420e20e67259c3edc4,wood,fit,0,good,wood/train/good/209.png,
da0065f8919e54cea9b008c3,zipper,fit,0,good,zipper/train/good/132.png,
da07ab93ca993d4ddacf5122,leather,calibration_normal,0,good,leather/train/good/137.png,
da1df67ba6a7d5d190fd9eb3,hazelnut,fit,0,good,hazelnut/train/good/111.png,
da209780a83467b783e16aa5,grid,calibration_normal,0,good,grid/train/good/091.png,
da4a2d0f64be1cbef0e13108,capsule,final_test,1,scratch,capsule/test/scratch/008.png,capsule/ground_truth/scratch/008_mask.png
da4d5aa25188fe302d43bc45,pill,final_test,1,crack,pill/test/crack/022.png,pill/ground_truth/crack/022_mask.png
da4e5b8285af8e92629e65ed,zipper,selection,1,split_teeth,zipper/test/split_teeth/014.png,zipper/ground_truth/split_teeth/014_mask.png
da5190bd62e5bd09d4b5798a,screw,selection,0,good,screw/test/good/025.png,
da57c16db1f8be9b50de96a1,hazelnut,calibration_normal,0,good,hazelnut/train/good/383.png,
da817c095198d51a2c701146,screw,fit,0,good,screw/train/good/240.png,
da89006ac34aac035c97c52c,bottle,fit,0,good,bottle/train/good/182.png,
daa1ecebc4de5f288c874fb5,zipper,final_test,1,combined,zipper/test/combined/015.png,zipper/ground_truth/combined/015_mask.png
daa41516827ab78c61e0eb29,transistor,validation_normal,0,good,transistor/train/good/182.png,
daa44be82860eeb017b1367d,wood,validation_normal,0,good,wood/train/good/199.png,
dac784d505cc253bf453efec,bottle,final_test,1,broken_large,bottle/test/broken_large/001.png,bottle/ground_truth/broken_large/001_mask.png
dacf9a032591b851ff7fb11d,wood,fit,0,good,wood/train/good/035.png,
dad624d266ac4df661013b53,screw,fit,0,good,screw/train/good/280.png,
daec5c52f5f75cbe455231c3,capsule,fit,0,good,capsule/train/good/044.png,
daeca44bd5b9cbea731b835d,screw,fit,0,good,screw/train/good/099.png,
daed048c8d4378904aefed6d,cable,selection,1,missing_wire,cable/test/missing_wire/009.png,cable/ground_truth/missing_wire/009_mask.png
daf327079dfadcfbdff7417a,tile,fit,0,good,tile/train/good/036.png,
daf794b5814328b3fe73faa7,screw,fit,0,good,screw/train/good/268.png,
db11bb6be97bf551435b4e46,zipper,fit,0,good,zipper/train/good/131.png,
db2582d9ac98f61774497072,carpet,final_test,0,good,carpet/test/good/017.png,
db460bd9491057bca71d3656,cable,final_test,1,combined,cable/test/combined/008.png,cable/ground_truth/combined/008_mask.png
db5e71e21563e96a27b9929a,capsule,fit,0,good,capsule/train/good/218.png,
db61e0258e874fd667f4875c,cable,final_test,0,good,cable/test/good/051.png,
db67e862b8599346bd246b25,hazelnut,final_test,1,hole,hazelnut/test/hole/003.png,hazelnut/ground_truth/hole/003_mask.png
db82464671854ad2f878da6f,cable,final_test,1,missing_wire,cable/test/missing_wire/000.png,cable/ground_truth/missing_wire/000_mask.png
db860aa09181e404e70c0bd2,tile,selection,1,crack,tile/test/crack/005.png,tile/ground_truth/crack/005_mask.png
db9099f789b1b6f109ddc1a5,transistor,fit,0,good,transistor/train/good/038.png,
db9bdf1ab83328151c752438,hazelnut,selection,1,cut,hazelnut/test/cut/013.png,hazelnut/ground_truth/cut/013_mask.png
dbaa385a27f2734f9bac4b2e,zipper,fit,0,good,zipper/train/good/146.png,
dbbe44ba1b24bbf188e82281,metal_nut,selection,1,bent,metal_nut/test/bent/023.png,metal_nut/ground_truth/bent/023_mask.png
dbc614868904883c73e66d99,pill,selection,1,combined,pill/test/combined/011.png,pill/ground_truth/combined/011_mask.png
dbc69ca7cc5798255dad34fc,grid,selection,1,thread,grid/test/thread/006.png,grid/ground_truth/thread/006_mask.png
dbc9670ba9bf9a13b8d0f787,pill,validation_normal,0,good,pill/train/good/185.png,
dbce095a0d492deb5de7dae9,bottle,fit,0,good,bottle/train/good/097.png,
dbd06831c5ef9b78cb49ecde,tile,calibration_normal,0,good,tile/train/good/000.png,
dbd77e1e7fcf0dc05da32cb6,hazelnut,calibration_normal,0,good,hazelnut/train/good/151.png,
dbdb69339cab93be4ac71751,leather,calibration_normal,0,good,leather/train/good/067.png,
dbea993182e74c21245ff17f,pill,fit,0,good,pill/train/good/087.png,
dc16cbaca3a409f54c9ca135,hazelnut,fit,0,good,hazelnut/train/good/267.png,
dc1d69d8e4ac317b93af465b,tile,fit,0,good,tile/train/good/076.png,
dc64a4df2421149f8097ac9d,metal_nut,validation_normal,0,good,metal_nut/train/good/047.png,
dc761048a91ccb3bd53c8b72,zipper,final_test,0,good,zipper/test/good/029.png,
dc7865bdba9a506815aa1522,leather,fit,0,good,leather/train/good/079.png,
dc787fda2430e679624f8021,zipper,fit,0,good,zipper/train/good/133.png,
dc8b88c0244ef99e40185e50,hazelnut,fit,0,good,hazelnut/train/good/304.png,
dc91a453f8089a73ab8ea332,zipper,fit,0,good,zipper/train/good/063.png,
dc928fcbc69c734c85bb98a2,leather,final_test,1,cut,leather/test/cut/013.png,leather/ground_truth/cut/013_mask.png
dca0ed3980ca7baeba278275,carpet,fit,0,good,carpet/train/good/145.png,
dcaa2261980f38208be984df,wood,calibration_normal,0,good,wood/train/good/102.png,
dcc1588f4768e00c54f03054,pill,selection,1,crack,pill/test/crack/013.png,pill/ground_truth/crack/013_mask.png
dcc2769fdbbbf0c2e11f65f9,grid,fit,0,good,grid/train/good/212.png,
dcc6db4d73c3276c92960056,cable,final_test,1,cut_inner_insulation,cable/test/cut_inner_insulation/012.png,cable/ground_truth/cut_inner_insulation/012_mask.png
dcc7a4ee26f3100086bb79ad,transistor,fit,0,good,transistor/train/good/089.png,
dcdfd8e1fe386f7b281b3599,screw,final_test,1,manipulated_front,screw/test/manipulated_front/016.png,screw/ground_truth/manipulated_front/016_mask.png
dce4f86533ac2437ead5ceab,hazelnut,fit,0,good,hazelnut/train/good/049.png,
dce8c880d82422c22071de5b,tile,final_test,1,glue_strip,tile/test/glue_strip/008.png,tile/ground_truth/glue_strip/008_mask.png
dceb156a5f839fe7004941f1,wood,fit,0,good,wood/train/good/038.png,
dd0f10e5eac070db625350d5,capsule,fit,0,good,capsule/train/good/084.png,
dd132eeed9c44efed9ddb968,pill,fit,0,good,pill/train/good/165.png,
dd163afe62f3ee608e091e99,carpet,fit,0,good,carpet/train/good/259.png,
dd238ef00ee05ad3e92ce757,hazelnut,fit,0,good,hazelnut/train/good/269.png,
dd2c04d853324ddbfc227a44,grid,final_test,1,bent,grid/test/bent/010.png,grid/ground_truth/bent/010_mask.png
dd3571188446c7aa32328022,toothbrush,selection,0,good,toothbrush/test/good/007.png,
dd4d6e4047c304e2186b4b2f,screw,fit,0,good,screw/train/good/178.png,
dd67c55a1b010242eff4ca51,metal_nut,selection,1,flip,metal_nut/test/flip/002.png,metal_nut/ground_truth/flip/002_mask.png
dd6b2ff24cf52fb3e59c24c1,capsule,final_test,1,faulty_imprint,capsule/test/faulty_imprint/018.png,capsule/ground_truth/faulty_imprint/018_mask.png
dd6d20998eaaa75d30b9c344,transistor,fit,0,good,transistor/train/good/027.png,
dd75ff5f8032cc7cbd8bf3c0,pill,selection,1,faulty_imprint,pill/test/faulty_imprint/011.png,pill/ground_truth/faulty_imprint/011_mask.png
dd80fe67277ed2915f545d83,cable,final_test,0,good,cable/test/good/020.png,
dd82cc30addc867d94ef9220,leather,fit,0,good,leather/train/good/122.png,
dd914d791733503c3d2a9081,hazelnut,validation_normal,0,good,hazelnut/train/good/055.png,
ddaa601246d86faeeee2a38a,tile,fit,0,good,tile/train/good/136.png,
dde0db0bf4180219c4c493cc,cable,final_test,0,good,cable/test/good/003.png,
ddf0c2cef5e3ff14924afbad,zipper,validation_normal,0,good,zipper/train/good/173.png,
ddff40deed94881fb5eb5cfb,zipper,fit,0,good,zipper/train/good/136.png,
de0ce7d866a085685b71cee2,pill,calibration_normal,0,good,pill/train/good/183.png,
de1ca5fd391b4f2ebf4db846,leather,validation_normal,0,good,leather/train/good/047.png,
de2e63aa6db7af0fcaa85387,metal_nut,selection,1,scratch,metal_nut/test/scratch/009.png,metal_nut/ground_truth/scratch/009_mask.png
de33eea2db3d2d10ae48ee0b,zipper,fit,0,good,zipper/train/good/074.png,
de37241c38dc941ebe7423a7,hazelnut,fit,0,good,hazelnut/train/good/110.png,
de3bbf3cf44707224d5d08c2,bottle,selection,1,broken_large,bottle/test/broken_large/010.png,bottle/ground_truth/broken_large/010_mask.png
de3d2d69855c2f17185e1d3b,metal_nut,validation_normal,0,good,metal_nut/train/good/151.png,
de3fd4cf773de5b7ccee2e90,capsule,calibration_normal,0,good,capsule/train/good/165.png,
de527bc64a30302d593b48fa,bottle,validation_normal,0,good,bottle/train/good/027.png,
de694d3b7a97c59df0e5d3f6,cable,final_test,0,good,cable/test/good/037.png,
de6c2f996ddca863d41fcc9f,toothbrush,final_test,0,good,toothbrush/test/good/008.png,
de72570e75a8a75ab7ab8f9f,bottle,fit,0,good,bottle/train/good/187.png,
de7499731342b592c705e6c5,leather,fit,0,good,leather/train/good/229.png,
de810d70402d5768a93f29ed,bottle,fit,0,good,bottle/train/good/077.png,
de95cdffbd49fb302094cbbc,pill,fit,0,good,pill/train/good/230.png,
de99d2931a86d032188bb645,screw,fit,0,good,screw/train/good/289.png,
dea82e310354d964393588ec,zipper,fit,0,good,zipper/train/good/011.png,
deab03800870f098dc82e106,transistor,validation_normal,0,good,transistor/train/good/155.png,
deacf2b57e390612535775dd,transistor,calibration_normal,0,good,transistor/train/good/092.png,
deadddf33f3f9a28fefb07ab,pill,fit,0,good,pill/train/good/240.png,
deaed172bc6044484ada8e87,pill,final_test,1,color,pill/test/color/017.png,pill/ground_truth/color/017_mask.png
deb85f3bdb21ca2250a32d5b,wood,selection,0,good,wood/test/good/014.png,
ded7e4ae4f1b35dd94c79a51,transistor,validation_normal,0,good,transistor/train/good/080.png,
dee201df1430c0989dba9af4,metal_nut,selection,1,color,metal_nut/test/color/016.png,metal_nut/ground_truth/color/016_mask.png
defabfffe158902c35127deb,carpet,calibration_normal,0,good,carpet/train/good/192.png,
df0b5762d260d3c437449495,metal_nut,selection,1,bent,metal_nut/test/bent/014.png,metal_nut/ground_truth/bent/014_mask.png
df1c4cb74842333667b32029,carpet,fit,0,good,carpet/train/good/194.png,
df293e8181c245cad90dd3ad,hazelnut,calibration_normal,0,good,hazelnut/train/good/000.png,
df4f5a338de21eac726e4627,wood,fit,0,good,wood/train/good/091.png,
df52b21dc8688c2ce9fa324d,transistor,selection,1,misplaced,transistor/test/misplaced/002.png,transistor/ground_truth/misplaced/002_mask.png
df5f8b9e0bd6680079110951,screw,calibration_normal,0,good,screw/train/good/035.png,
df6427ea433dd633fd647988,transistor,fit,0,good,transistor/train/good/010.png,
df70447506000751d1bad81f,pill,final_test,1,crack,pill/test/crack/015.png,pill/ground_truth/crack/015_mask.png
df7a6059c094dbae828f3009,metal_nut,final_test,1,color,metal_nut/test/color/020.png,metal_nut/ground_truth/color/020_mask.png
df7b2d79a25c1b78f2d338e7,zipper,validation_normal,0,good,zipper/train/good/062.png,
df81dd2be8a22f19a1840f19,zipper,selection,1,split_teeth,zipper/test/split_teeth/012.png,zipper/ground_truth/split_teeth/012_mask.png
df84ce157a356d40611957ac,hazelnut,validation_normal,0,good,hazelnut/train/good/038.png,
df8a6069e58afe9025d22b68,leather,selection,1,fold,leather/test/fold/007.png,leather/ground_truth/fold/007_mask.png
dfa9b401ba977842451e1c0b,tile,fit,0,good,tile/train/good/052.png,
dfb0041b4d8da85f67129bb0,carpet,final_test,1,hole,carpet/test/hole/007.png,carpet/ground_truth/hole/007_mask.png
dfb549d29424d110c4a10a5f,capsule,final_test,1,crack,capsule/test/crack/019.png,capsule/ground_truth/crack/019_mask.png
dfb9cfdd80158c4703106085,leather,fit,0,good,leather/train/good/052.png,
dfc1f5d13c6e68ac3cd8e782,transistor,calibration_normal,0,good,transistor/train/good/180.png,
dfc2be5b4f6fce5d7756e864,transistor,calibration_normal,0,good,transistor/train/good/153.png,
dfdabc6613d360dcbf506d37,pill,fit,0,good,pill/train/good/259.png,
dfe1b58d6b389e3a0f9e7c8f,carpet,fit,0,good,carpet/train/good/048.png,
dfe5219ec694f283fc0b4f9d,pill,fit,0,good,pill/train/good/047.png,
dfeabf9cfb9d91f1e7757de4,pill,final_test,1,faulty_imprint,pill/test/faulty_imprint/018.png,pill/ground_truth/faulty_imprint/018_mask.png
dfeb8d8320e1125b6d31f6b4,grid,calibration_normal,0,good,grid/train/good/148.png,
dff68af36d65eeac160d4c98,pill,fit,0,good,pill/train/good/033.png,
dff6903c549710b345a01146,wood,fit,0,good,wood/train/good/105.png,
dffa037de99823b143ec50e3,metal_nut,fit,0,good,metal_nut/train/good/096.png,
dffb7d954c037a55c55cd7d4,bottle,final_test,1,contamination,bottle/test/contamination/013.png,bottle/ground_truth/contamination/013_mask.png
e0024cf82ef01bae458d403b,hazelnut,fit,0,good,hazelnut/train/good/039.png,
e00edd677a080ec778897a61,hazelnut,fit,0,good,hazelnut/train/good/325.png,
e017d7caa738a3e24202849d,hazelnut,fit,0,good,hazelnut/train/good/164.png,
e01ac4e1689819f9b40d40b3,cable,calibration_normal,0,good,cable/train/good/138.png,
e02c50b32d6545f60d3f55cb,metal_nut,selection,1,color,metal_nut/test/color/012.png,metal_nut/ground_truth/color/012_mask.png
e03ee6c00913b473b80627cb,zipper,fit,0,good,zipper/train/good/141.png,
e05cac35badf802a55e73aff,wood,fit,0,good,wood/train/good/031.png,
e05f288b8bbe679cb8eb5aeb,hazelnut,fit,0,good,hazelnut/train/good/248.png,
e06193a9d18bc7609dfec08e,carpet,final_test,0,good,carpet/test/good/004.png,
e09e3c9ca00418201c7bfcf8,carpet,validation_normal,0,good,carpet/train/good/075.png,
e0a04b3121809a395fd474ae,leather,fit,0,good,leather/train/good/119.png,
e0c0414bc8b9714861427f64,hazelnut,fit,0,good,hazelnut/train/good/180.png,
e0c5ed30e4317416f8f77c0a,zipper,fit,0,good,zipper/train/good/098.png,
e0cf62851b47f675a3ecec3b,toothbrush,final_test,1,defective,toothbrush/test/defective/024.png,toothbrush/ground_truth/defective/024_mask.png
e0d6698e49af4cab673dc573,tile,final_test,1,crack,tile/test/crack/000.png,tile/ground_truth/crack/000_mask.png
e0d961e1d57f4da8e81e89c8,hazelnut,fit,0,good,hazelnut/train/good/226.png,
e0e4241e198d9da730cc6097,zipper,fit,0,good,zipper/train/good/099.png,
e0e54622bca70c660b05255c,screw,fit,0,good,screw/train/good/263.png,
e0e5e0dc7da037c6ec2171f7,hazelnut,final_test,0,good,hazelnut/test/good/028.png,
e0eaa585f22ffaa610a02b40,leather,final_test,1,cut,leather/test/cut/011.png,leather/ground_truth/cut/011_mask.png
e0ed9acabb21fe6f4f9e9a77,hazelnut,validation_normal,0,good,hazelnut/train/good/160.png,
e0f267769d48347faad78336,pill,fit,0,good,pill/train/good/254.png,
e1012db3c479f070766adb48,tile,final_test,1,crack,tile/test/crack/011.png,tile/ground_truth/crack/011_mask.png
e11d2efe989274eaee668030,toothbrush,fit,0,good,toothbrush/train/good/055.png,
e126fc84292a45a23cea8ca2,hazelnut,fit,0,good,hazelnut/train/good/285.png,
e12dbf9218a3af7f3e15fae3,leather,final_test,1,color,leather/test/color/003.png,leather/ground_truth/color/003_mask.png
e13393c0954e6206d041b5ff,transistor,fit,0,good,transistor/train/good/162.png,
e133942ad7f21fee7f6759b8,leather,fit,0,good,leather/train/good/026.png,
e137e589c294ee295d62ab54,leather,fit,0,good,leather/train/good/228.png,
e160853c8bb47eeb5fc21016,screw,selection,0,good,screw/test/good/030.png,
e162ec42ebccf9c86b37f934,metal_nut,fit,0,good,metal_nut/train/good/087.png,
e19e8038d505fd0394c6f7ea,capsule,final_test,1,crack,capsule/test/crack/021.png,capsule/ground_truth/crack/021_mask.png
e1b2b2c6284ad18f552eccc0,pill,fit,0,good,pill/train/good/123.png,
e1bfa566053a27d2c37058c3,pill,selection,1,scratch,pill/test/scratch/021.png,pill/ground_truth/scratch/021_mask.png
e1d1b9af9e68851e7c1eea76,screw,fit,0,good,screw/train/good/300.png,
e1d2fafffc944c70039ab3cc,metal_nut,fit,0,good,metal_nut/train/good/129.png,
e1d47592f7859bfae1df7539,capsule,selection,1,crack,capsule/test/crack/011.png,capsule/ground_truth/crack/011_mask.png
e1d816713614d5669d1bbec8,tile,calibration_normal,0,good,tile/train/good/088.png,
e1e978429a6500a448a825cf,hazelnut,fit,0,good,hazelnut/train/good/043.png,
e1e9833586b05b8c23ec4a16,pill,fit,0,good,pill/train/good/221.png,
e1f48ec75ce03f456c2c7879,tile,validation_normal,0,good,tile/train/good/144.png,
e20f76592721fc440fcd27fe,bottle,fit,0,good,bottle/train/good/190.png,
e20fe151fe2708d37a8efeb5,capsule,validation_normal,0,good,capsule/train/good/095.png,
e2319e5e3479fec35b051059,pill,fit,0,good,pill/train/good/140.png,
e232ff2ef4a66d3ede468cbd,leather,fit,0,good,leather/train/good/178.png,
e237f1f66b0e1b913eae5144,screw,final_test,1,thread_side,screw/test/thread_side/006.png,screw/ground_truth/thread_side/006_mask.png
e23a2cead8423c1896f35861,bottle,fit,0,good,bottle/train/good/125.png,
e23ca1338d4dcad189b3fdde,grid,fit,0,good,grid/train/good/098.png,
e24b3b90f183e8b5fd89d985,zipper,fit,0,good,zipper/train/good/108.png,
e24b5f679a5394591df809b0,carpet,fit,0,good,carpet/train/good/018.png,
e24cb10743e4d5550a1f4c37,screw,final_test,1,thread_side,screw/test/thread_side/005.png,screw/ground_truth/thread_side/005_mask.png
e25d44f272c6ac96393c813d,transistor,fit,0,good,transistor/train/good/105.png,
e26bbfbae6a5955c25d4606b,bottle,fit,0,good,bottle/train/good/131.png,
e27200972e41717c9131283f,tile,fit,0,good,tile/train/good/161.png,
e27711a7732fd3587d88acde,grid,final_test,0,good,grid/test/good/017.png,
e280ef0da4f70215eec28afc,capsule,fit,0,good,capsule/train/good/198.png,
e284394dbc98af8bc20a6800,grid,fit,0,good,grid/train/good/162.png,
e29096935ede7cd22c497068,pill,final_test,0,good,pill/test/good/014.png,
e2949af8ba12d7357c8b98fe,carpet,fit,0,good,carpet/train/good/086.png,
e29ed00553b95ddce22c9bb3,hazelnut,fit,0,good,hazelnut/train/good/247.png,
e2a6c42e9bdf0d619485a2e5,zipper,calibration_normal,0,good,zipper/train/good/125.png,
e2aa5a645e9ef34a816e1f7c,hazelnut,fit,0,good,hazelnut/train/good/133.png,
e2afd9adac73bfda048daf3a,leather,selection,1,glue,leather/test/glue/013.png,leather/ground_truth/glue/013_mask.png
e2b3bd8914ece040f49b8eb4,screw,selection,1,scratch_neck,screw/test/scratch_neck/013.png,screw/ground_truth/scratch_neck/013_mask.png
e2b4c01d32e7a37a93239386,leather,selection,0,good,leather/test/good/031.png,
e2be5b11c615be59c0a77ae6,pill,selection,1,crack,pill/test/crack/017.png,pill/ground_truth/crack/017_mask.png
e2cdd9490f1f79dabc1f6b66,wood,fit,0,good,wood/train/good/013.png,
e2d463bcca00b274dc3e7c39,screw,fit,0,good,screw/train/good/214.png,
e2ec2b166f36a5154dd20182,hazelnut,selection,0,good,hazelnut/test/good/017.png,
e2f6b75de15e07bb50ac5114,carpet,fit,0,good,carpet/train/good/215.png,
e302b9b877174c33c1e4a994,cable,final_test,1,missing_cable,cable/test/missing_cable/005.png,cable/ground_truth/missing_cable/005_mask.png
e30644cf94971a82898fdfdf,tile,fit,0,good,tile/train/good/110.png,
e30c642592b1f4255081b488,grid,fit,0,good,grid/train/good/063.png,
e3293f1fca016f0f2b2e3627,wood,selection,1,scratch,wood/test/scratch/015.png,wood/ground_truth/scratch/015_mask.png
e32d4f252283860f5bb3ecab,bottle,selection,1,contamination,bottle/test/contamination/003.png,bottle/ground_truth/contamination/003_mask.png
e32e4c96459e585c2a18ad2c,zipper,validation_normal,0,good,zipper/train/good/186.png,
e34d2ebac20f5fa6dbddb3b6,pill,fit,0,good,pill/train/good/092.png,
e355ccc550c9c4ee9d10aa0c,screw,validation_normal,0,good,screw/train/good/088.png,
e357601be652799dbebe76df,carpet,validation_normal,0,good,carpet/train/good/006.png,
e35aebff14bcf655e60552c5,hazelnut,fit,0,good,hazelnut/train/good/235.png,
e362c5cab09f65a696a3931c,leather,calibration_normal,0,good,leather/train/good/187.png,
e36f821beb5823fcd1e0e34e,screw,fit,0,good,screw/train/good/261.png,
e37193db0f11f70e45a3f603,carpet,validation_normal,0,good,carpet/train/good/005.png,
e3a467172c08d155b6f1fb30,carpet,fit,0,good,carpet/train/good/122.png,
e3ab98b59bdee2420e39e119,grid,fit,0,good,grid/train/good/002.png,
e3ba55de06e1d412305c6e47,zipper,fit,0,good,zipper/train/good/024.png,
e3d0f5b88e4f72d2c08a1023,bottle,fit,0,good,bottle/train/good/083.png,
e3d5009f690e86bff4450be7,wood,calibration_normal,0,good,wood/train/good/223.png,
e3ddcbb8c463bab72911f44c,cable,selection,0,good,cable/test/good/009.png,
e3f99ff5497ecd8d34a62eb0,wood,fit,0,good,wood/train/good/180.png,
e402f4646018019e0de328d4,cable,selection,0,good,cable/test/good/041.png,
e426eeb73658caae0bcb9c21,metal_nut,fit,0,good,metal_nut/train/good/102.png,
e4318253ddce734556f758e0,screw,final_test,1,thread_top,screw/test/thread_top/022.png,screw/ground_truth/thread_top/022_mask.png
e43ce4fdfedd7225f05b16d6,screw,fit,0,good,screw/train/good/126.png,
e43e9ab878b40ef136ae3d57,capsule,fit,0,good,capsule/train/good/133.png,
e44dcb1251bf95cfa628b79a,tile,fit,0,good,tile/train/good/137.png,
e4587bc5bac88d661a702a86,tile,fit,0,good,tile/train/good/151.png,
e479e32557530a3d74e598f7,tile,selection,1,rough,tile/test/rough/009.png,tile/ground_truth/rough/009_mask.png
e47f18f13745d5e0a9d3b7d3,metal_nut,fit,0,good,metal_nut/train/good/126.png,
e48cc81deec2a0ace4263ad6,pill,fit,0,good,pill/train/good/204.png,
e4b8395d97d6ddd242b0bb03,bottle,selection,0,good,bottle/test/good/011.png,
e4c879825044b390f042c000,grid,final_test,1,thread,grid/test/thread/005.png,grid/ground_truth/thread/005_mask.png
e4db0e391be4d81274b9cfaa,cable,validation_normal,0,good,cable/train/good/121.png,
e4dfc05ed182a35d997c8141,pill,fit,0,good,pill/train/good/077.png,
e4ee41643f8a72ddd5b690c4,pill,fit,0,good,pill/train/good/074.png,
e504c907bbe04fb635679150,hazelnut,selection,1,hole,hazelnut/test/hole/010.png,hazelnut/ground_truth/hole/010_mask.png
e50be609a8374eae0ada7595,grid,validation_normal,0,good,grid/train/good/127.png,
e52755ef1990545c19ee4745,metal_nut,fit,0,good,metal_nut/train/good/152.png,
e52b291fbe7bae290dcefaee,leather,fit,0,good,leather/train/good/064.png,
e5334d4a46277f48042a698e,carpet,fit,0,good,carpet/train/good/073.png,
e53d95091ef1982e2aab0f60,grid,fit,0,good,grid/train/good/052.png,
e55cd44d0bd48d48f1ec78cb,pill,validation_normal,0,good,pill/train/good/057.png,
e55fafd656710d04d9337f4a,pill,final_test,0,good,pill/test/good/003.png,
e570f6b37e7753d63ccae580,pill,fit,0,good,pill/train/good/182.png,
e57219c19ab6de1b283e2ce6,screw,validation_normal,0,good,screw/train/good/305.png,
e576cb0d755bd90e67689920,transistor,selection,0,good,transistor/test/good/046.png,
e5777a51e0dcec1b17922a30,bottle,calibration_normal,0,good,bottle/train/good/079.png,
e57f6ec757d9f541cd4bd43d,zipper,final_test,1,split_teeth,zipper/test/split_teeth/006.png,zipper/ground_truth/split_teeth/006_mask.png
e581627daaaa4eb145130aca,hazelnut,fit,0,good,hazelnut/train/good/217.png,
e58d109bd751ca1df799a0ee,screw,fit,0,good,screw/train/good/167.png,
e59279b628d679ddccfd47fc,bottle,fit,0,good,bottle/train/good/066.png,
e5a47ec2cfbd12aa628ade15,metal_nut,final_test,1,scratch,metal_nut/test/scratch/011.png,metal_nut/ground_truth/scratch/011_mask.png
e5b9f6ee0a7973756424df31,metal_nut,fit,0,good,metal_nut/train/good/188.png,
e5ccab890918708b5e3808a5,cable,final_test,1,bent_wire,cable/test/bent_wire/000.png,cable/ground_truth/bent_wire/000_mask.png
e5cf835065776dec224ffa5c,cable,selection,0,good,cable/test/good/018.png,
e5d9e4cc9dcf207894a2ee4d,leather,selection,0,good,leather/test/good/022.png,
e5e89f329c45e073ae452e20,carpet,selection,1,thread,carpet/test/thread/012.png,carpet/ground_truth/thread/012_mask.png
e5ed79dafd235d6be6dac7fe,carpet,calibration_normal,0,good,carpet/train/good/177.png,
e5f447ebaee06414f66edf16,cable,calibration_normal,0,good,cable/train/good/135.png,
e60938468c2d9586367a7a6a,wood,validation_normal,0,good,wood/train/good/095.png,
e60bb7b31c5a52c4e305192b,wood,fit,0,good,wood/train/good/003.png,
e620f332430e8d50e7288038,carpet,final_test,1,thread,carpet/test/thread/001.png,carpet/ground_truth/thread/001_mask.png
e6272f4ef7b11af3bb0f8f4d,tile,calibration_normal,0,good,tile/train/good/046.png,
e62a277cb64bd6a19b21e0ff,wood,fit,0,good,wood/train/good/204.png,
e62f9070de72481739154e72,wood,validation_normal,0,good,wood/train/good/161.png,
e63ee1f579d6e2f5a8259858,cable,validation_normal,0,good,cable/train/good/201.png,
e64c3e452fd41715ed9fd4b0,wood,fit,0,good,wood/train/good/043.png,
e64ef4dbed956240b219f995,cable,fit,0,good,cable/train/good/160.png,
e65fd37c9486ff91c128486d,cable,calibration_normal,0,good,cable/train/good/106.png,
e66b6fea56275c70a432b9fa,carpet,fit,0,good,carpet/train/good/035.png,
e672fa1f9ec5d3a47043dc2e,leather,validation_normal,0,good,leather/train/good/130.png,
e682be2703a73729393f0226,grid,fit,0,good,grid/train/good/011.png,
e69411cce901f520759950ea,carpet,fit,0,good,carpet/train/good/193.png,
e6a0a0df7da05b1f7230005c,tile,fit,0,good,tile/train/good/192.png,
e6a12ab9fe08d132c620ea32,transistor,fit,0,good,transistor/train/good/073.png,
e6a29764b951cf7137f2c593,transistor,fit,0,good,transistor/train/good/175.png,
e6b0903a7b0e84f7851f28dc,leather,validation_normal,0,good,leather/train/good/104.png,
e6b70c5f68529db18b24b178,zipper,fit,0,good,zipper/train/good/224.png,
e6c21b4b8dbb2e21192eacff,tile,fit,0,good,tile/train/good/054.png,
e6c623aebd1c763231d5edc3,carpet,fit,0,good,carpet/train/good/127.png,
e6cb7d8627ac8a7957d15e78,leather,fit,0,good,leather/train/good/218.png,
e6d24592a68e8a1191875111,carpet,final_test,1,color,carpet/test/color/009.png,carpet/ground_truth/color/009_mask.png
e6ea70c08210dc556d104551,zipper,final_test,1,fabric_border,zipper/test/fabric_border/016.png,zipper/ground_truth/fabric_border/016_mask.png
e6ffc7d9f730422193a53bff,bottle,fit,0,good,bottle/train/good/166.png,
e708c732c47bb3f1a56e774d,pill,selection,1,faulty_imprint,pill/test/faulty_imprint/003.png,pill/ground_truth/faulty_imprint/003_mask.png
e7240570156493ab0b158920,screw,selection,1,thread_side,screw/test/thread_side/002.png,screw/ground_truth/thread_side/002_mask.png
e7285bbc0b2bcafd86c7174d,pill,calibration_normal,0,good,pill/train/good/019.png,
e73e3c142cbb2d6d72a1b87e,pill,validation_normal,0,good,pill/train/good/021.png,
e740a7e5c400f56aa467257c,capsule,validation_normal,0,good,capsule/train/good/202.png,
e74c04b02c9a44e20e3e31d4,wood,selection,1,liquid,wood/test/liquid/006.png,wood/ground_truth/liquid/006_mask.png
e75c68460641bc9cfa673f3d,screw,fit,0,good,screw/train/good/212.png,
e766e28bb490658df43e8b3f,metal_nut,final_test,1,bent,metal_nut/test/bent/022.png,metal_nut/ground_truth/bent/022_mask.png
e77b7bd18c2dcebcfce1a4cd,carpet,validation_normal,0,good,carpet/train/good/235.png,
e786ef0054ac3e66ea4c3d37,leather,final_test,1,cut,leather/test/cut/005.png,leather/ground_truth/cut/005_mask.png
e78d44ce194bbbe61b7e717a,transistor,fit,0,good,transistor/train/good/014.png,
e794ea5938fdb650d81939d0,carpet,fit,0,good,carpet/train/good/165.png,
e7a61ce40fa52f5b01cbea5d,transistor,final_test,1,bent_lead,transistor/test/bent_lead/000.png,transistor/ground_truth/bent_lead/000_mask.png
e7b484a1744747058dbfdf1f,pill,calibration_normal,0,good,pill/train/good/055.png,
e7ca880560819b66949e0e3a,leather,calibration_normal,0,good,leather/train/good/001.png,
e7cc4eb90926384a89ab32b9,toothbrush,fit,0,good,toothbrush/train/good/004.png,
e7e4f0117cd6c4a64b16b90a,cable,fit,0,good,cable/train/good/116.png,
e7e91d82b5bda73f92ed921b,carpet,selection,1,cut,carpet/test/cut/002.png,carpet/ground_truth/cut/002_mask.png
e7f2727c8245cc9742d75fe9,zipper,fit,0,good,zipper/train/good/233.png,
e7f34a5eb3c78191e8fd809d,toothbrush,calibration_normal,0,good,toothbrush/train/good/001.png,
e7fe40f6785ff5e4d197b78d,tile,fit,0,good,tile/train/good/041.png,
e80a8e7d9bb6feead8fa0dcf,wood,fit,0,good,wood/train/good/005.png,
e813188b0104de37967b84a4,bottle,selection,1,contamination,bottle/test/contamination/004.png,bottle/ground_truth/contamination/004_mask.png
e823a889b86d61b3e7e41afa,metal_nut,fit,0,good,metal_nut/train/good/074.png,
e82c5fe8b71c7321e6ad81c7,leather,selection,0,good,leather/test/good/004.png,
e84bacdaa6e5ca275a1bef55,carpet,fit,0,good,carpet/train/good/229.png,
e8523ea147f0de2dedb69336,leather,fit,0,good,leather/train/good/084.png,
e856956081d10c3b75439080,pill,validation_normal,0,good,pill/train/good/153.png,
e85c95995837927ea92e8174,metal_nut,fit,0,good,metal_nut/train/good/153.png,
e887371e8025d30ccae183b9,grid,final_test,1,metal_contamination,grid/test/metal_contamination/008.png,grid/ground_truth/metal_contamination/008_mask.png
e88943399b6a5dbd7e96daee,metal_nut,fit,0,good,metal_nut/train/good/143.png,
e8b7dcc27e5d99d8f6c34b1f,grid,fit,0,good,grid/train/good/239.png,
e8dab877ae6aa6e1c30727e2,pill,calibration_normal,0,good,pill/train/good/042.png,
e8dac192d4a4e69c78b83d7b,cable,final_test,1,poke_insulation,cable/test/poke_insulation/007.png,cable/ground_truth/poke_insulation/007_mask.png
e8e2a29e82f12b9d541c4a04,metal_nut,calibration_normal,0,good,metal_nut/train/good/005.png,
e8e8405301ef6497191ebe5d,screw,fit,0,good,screw/train/good/273.png,
e8eedd6c1c4ec8228107faa5,leather,selection,1,poke,leather/test/poke/011.png,leather/ground_truth/poke/011_mask.png
e910b4be5b649858e79f05d9,tile,final_test,1,gray_stroke,tile/test/gray_stroke/014.png,tile/ground_truth/gray_stroke/014_mask.png
e919cc5eb4e0a5a1a67031c6,carpet,fit,0,good,carpet/train/good/234.png,
e9280424d22ae2b81df48135,carpet,final_test,0,good,carpet/test/good/019.png,
e92ef53398f8a0c608179372,tile,fit,0,good,tile/train/good/159.png,
e9516665f2e28fa081ec1afa,transistor,final_test,1,cut_lead,transistor/test/cut_lead/008.png,transistor/ground_truth/cut_lead/008_mask.png
e953ea48e2bdf6382543b552,screw,fit,0,good,screw/train/good/032.png,
e95a45af5d2897c0de6a0a92,carpet,selection,0,good,carpet/test/good/013.png,
e95b3266c2da7b07c9b45daf,pill,final_test,1,combined,pill/test/combined/009.png,pill/ground_truth/combined/009_mask.png
e95c5904b35eb45ce76cc4c5,wood,final_test,1,scratch,wood/test/scratch/019.png,wood/ground_truth/scratch/019_mask.png
e96f70f8a1b4113c26249627,metal_nut,final_test,0,good,metal_nut/test/good/020.png,
e975bcff4fb06bdc34b8e566,screw,fit,0,good,screw/train/good/282.png,
e9893884c8d006637656ba7e,zipper,final_test,1,fabric_border,zipper/test/fabric_border/011.png,zipper/ground_truth/fabric_border/011_mask.png
e98c013ce99a7bf2811bf5d1,grid,validation_normal,0,good,grid/train/good/020.png,
e98dd7595655c7fd57ced76c,carpet,final_test,1,metal_contamination,carpet/test/metal_contamination/008.png,carpet/ground_truth/metal_contamination/008_mask.png
e999cf816fb2bbb45151f003,wood,final_test,1,scratch,wood/test/scratch/020.png,wood/ground_truth/scratch/020_mask.png
e9aebcbce3a597a4462e70d9,carpet,fit,0,good,carpet/train/good/256.png,
e9aef93108d39ef390c76308,pill,selection,0,good,pill/test/good/022.png,
e9b0d4395972344b89c3cc85,hazelnut,final_test,0,good,hazelnut/test/good/027.png,
e9b6a6ae0f4422bbd227fbbb,zipper,fit,0,good,zipper/train/good/045.png,
e9eae04a1cc5e3cac1b586a8,pill,fit,0,good,pill/train/good/109.png,
e9ef056e262b37b3be107318,leather,calibration_normal,0,good,leather/train/good/049.png,
e9fa5d42714f687f8a5de5d9,hazelnut,validation_normal,0,good,hazelnut/train/good/364.png,
ea0012260846217ae751b540,zipper,selection,1,fabric_interior,zipper/test/fabric_interior/001.png,zipper/ground_truth/fabric_interior/001_mask.png
ea06706deff0876250cde03f,zipper,fit,0,good,zipper/train/good/193.png,
ea06f66998df6ebcc60ea84f,carpet,fit,0,good,carpet/train/good/033.png,
ea0920e9556b57fa81a7e445,pill,selection,1,pill_type,pill/test/pill_type/000.png,pill/ground_truth/pill_type/000_mask.png
ea0d8da633b513a6c794f4b9,leather,fit,0,good,leather/train/good/200.png,
ea268ee4be00517ab2cc37c4,carpet,fit,0,good,carpet/train/good/174.png,
ea2d1cb5fc1190d87128b8d1,capsule,fit,0,good,capsule/train/good/062.png,
ea602ddb75bf67fc72cbbbda,pill,fit,0,good,pill/train/good/163.png,
ea71ddf9f6d9cc1a00af84ae,cable,fit,0,good,cable/train/good/196.png,
ea73e19ff1178ca20331e9fb,pill,fit,0,good,pill/train/good/139.png,
ea76d4e56937de364ab88b8a,grid,fit,0,good,grid/train/good/027.png,
ea87aded2f00f8445edaf8b2,capsule,selection,1,scratch,capsule/test/scratch/002.png,capsule/ground_truth/scratch/002_mask.png
ea880e63bf00c9811af6b10d,leather,final_test,0,good,leather/test/good/016.png,
ea88688fab7ff3b505191937,leather,fit,0,good,leather/train/good/100.png,
ea8bd1384f95293ef046c767,metal_nut,fit,0,good,metal_nut/train/good/219.png,
ea972c7b83fc02438d5ce520,cable,fit,0,good,cable/train/good/068.png,
eaa01cfa305c728b357fa1d4,metal_nut,selection,1,bent,metal_nut/test/bent/005.png,metal_nut/ground_truth/bent/005_mask.png
eaa353aac52c8771e7b54413,transistor,final_test,0,good,transistor/test/good/008.png,
eaab98e4f96105b7747b78dd,hazelnut,selection,0,good,hazelnut/test/good/002.png,
eab3a059dd162b0614466c7b,pill,fit,0,good,pill/train/good/127.png,
eab53466ecf399aae4afc9b0,screw,validation_normal,0,good,screw/train/good/094.png,
eac0edfd11446ed0bc73fa3d,pill,calibration_normal,0,good,pill/train/good/052.png,
eacc93cf1f75a875b8d9025b,metal_nut,calibration_normal,0,good,metal_nut/train/good/179.png,
eae6067d0e32084b8796c20d,hazelnut,fit,0,good,hazelnut/train/good/305.png,
eae963d5a9dcd7d4eed68028,tile,fit,0,good,tile/train/good/065.png,
eb0551ac6b5512432050a07a,zipper,fit,0,good,zipper/train/good/145.png,
eb2a4ed22b9a72ee55311951,hazelnut,fit,0,good,hazelnut/train/good/182.png,
eb2aae8475a2e963eb5f67e1,zipper,fit,0,good,zipper/train/good/185.png,
eb3c2b1c814de0aa1471236f,carpet,fit,0,good,carpet/train/good/206.png,
eb4a27167c6c150574e71081,zipper,selection,1,combined,zipper/test/combined/000.png,zipper/ground_truth/combined/000_mask.png
eb4e42b9f92222b1d1c9e00c,pill,final_test,1,pill_type,pill/test/pill_type/008.png,pill/ground_truth/pill_type/008_mask.png
eb51eab0117709427c64acfc,leather,fit,0,good,leather/train/good/149.png,
eb53f3af5e84559c9f64437d,hazelnut,fit,0,good,hazelnut/train/good/154.png,
eb6b919c77de4db0efd765fb,hazelnut,fit,0,good,hazelnut/train/good/232.png,
eb73555468e36eb56a188519,bottle,final_test,0,good,bottle/test/good/000.png,
eb7cf6ac4669c811b1c56202,screw,fit,0,good,screw/train/good/258.png,
eb7d06cb23eae942f55f4b8b,screw,final_test,1,manipulated_front,screw/test/manipulated_front/007.png,screw/ground_truth/manipulated_front/007_mask.png
eb890b3c4a7e0504f3d4de73,metal_nut,calibration_normal,0,good,metal_nut/train/good/131.png,
eb8c991f9fb8cbbce636359f,cable,final_test,1,bent_wire,cable/test/bent_wire/006.png,cable/ground_truth/bent_wire/006_mask.png
ebb510c37660b48cc08b15b3,carpet,validation_normal,0,good,carpet/train/good/101.png,
ebbc3ab1dded1f3a45b2b874,pill,final_test,0,good,pill/test/good/011.png,
ebcdcbb177511882f838666c,wood,fit,0,good,wood/train/good/157.png,
ebcf3247a800b3ec00f3c2c7,tile,fit,0,good,tile/train/good/147.png,
ebd13c8a2baf15c55d920682,grid,final_test,1,thread,grid/test/thread/003.png,grid/ground_truth/thread/003_mask.png
ebd22daa0f13c02328f11a8f,metal_nut,final_test,0,good,metal_nut/test/good/006.png,
ebe5d8605fd3bf946eba6dfa,cable,fit,0,good,cable/train/good/024.png,
ec0484f4bf5205e3f3144abf,bottle,selection,1,broken_small,bottle/test/broken_small/008.png,bottle/ground_truth/broken_small/008_mask.png
ec0f62350eb17ba488169190,bottle,fit,0,good,bottle/train/good/207.png,
ec10b34b2a417fa513aaf7bd,grid,fit,0,good,grid/train/good/222.png,
ec25c215b01cc3bc708bdfc1,hazelnut,validation_normal,0,good,hazelnut/train/good/338.png,
ec293c82ecca4fe7e7be95a3,wood,fit,0,good,wood/train/good/116.png,
ec32e7779750947dbb5fa691,carpet,fit,0,good,carpet/train/good/124.png,
ec4c30c916284ff1c5093d80,grid,calibration_normal,0,good,grid/train/good/118.png,
ec53fca22b575a1202ee470b,grid,final_test,1,bent,grid/test/bent/007.png,grid/ground_truth/bent/007_mask.png
ec64f56bc84b0a80122ae0a6,cable,validation_normal,0,good,cable/train/good/013.png,
ec72011eda614230a19dae69,transistor,validation_normal,0,good,transistor/train/good/019.png,
ec97b6c313fdf17b7f6764fc,hazelnut,validation_normal,0,good,hazelnut/train/good/137.png,
ec9b00cadb340f5a8fa2cbae,wood,fit,0,good,wood/train/good/107.png,
ecb2c4419265069cefabe2de,transistor,fit,0,good,transistor/train/good/199.png,
ecc91ad2d40b68a4acee2cf7,cable,fit,0,good,cable/train/good/050.png,
eccc680be8c980c393a7ba61,pill,fit,0,good,pill/train/good/223.png,
ecce9bab2a7fd0490a788578,metal_nut,fit,0,good,metal_nut/train/good/214.png,
ecd51ff7bb16eb40a1830766,transistor,fit,0,good,transistor/train/good/004.png,
ececba9c26d730f6dbe78a6a,cable,selection,0,good,cable/test/good/010.png,
ecee30f1fd8559343559b668,leather,final_test,1,cut,leather/test/cut/008.png,leather/ground_truth/cut/008_mask.png
ecf11ef0f33027849e73dc51,hazelnut,fit,0,good,hazelnut/train/good/078.png,
ecfcfc31246b80ad558e8ce6,metal_nut,final_test,1,color,metal_nut/test/color/000.png,metal_nut/ground_truth/color/000_mask.png
ed00a719627ed0f5668700d8,pill,fit,0,good,pill/train/good/128.png,
ed02f269d0c41260ac5c41b1,pill,calibration_normal,0,good,pill/train/good/169.png,
ed0d5ac9eb016c0de8c8f414,metal_nut,final_test,0,good,metal_nut/test/good/000.png,
ed1404419d6a679334152ccf,wood,fit,0,good,wood/train/good/200.png,
ed2963f332f1a594f1c762f3,metal_nut,selection,1,scratch,metal_nut/test/scratch/010.png,metal_nut/ground_truth/scratch/010_mask.png
ed2f3f9b863d72f8c48cccfa,carpet,fit,0,good,carpet/train/good/255.png,
ed33c289b42b15dca774e027,zipper,final_test,1,squeezed_teeth,zipper/test/squeezed_teeth/009.png,zipper/ground_truth/squeezed_teeth/009_mask.png
ed386aa14c1073c6c3795b3a,cable,fit,0,good,cable/train/good/185.png,
ed3e779b04ebd80d51045084,screw,fit,0,good,screw/train/good/146.png,
ed50bd44bbd32a0937ec9043,cable,fit,0,good,cable/train/good/019.png,
edb1f9c0042f6f759a40c5d3,screw,final_test,0,good,screw/test/good/023.png,
edba27593fe75a8a5aca5112,wood,fit,0,good,wood/train/good/184.png,
edcbdbc1a81f2c54c790bd4d,wood,fit,0,good,wood/train/good/089.png,
edd25d387f8086e50840cf00,wood,fit,0,good,wood/train/good/097.png,
edd431ceea1a0588a6dc6399,hazelnut,fit,0,good,hazelnut/train/good/074.png,
ede50326162211505e89e97c,leather,fit,0,good,leather/train/good/043.png,
edf5a8b85a0ec95c565593df,cable,fit,0,good,cable/train/good/198.png,
edf5d0ce0bebffa066cbb5b9,cable,calibration_normal,0,good,cable/train/good/153.png,
edfe50e5e7b86b9b27d4eb01,screw,fit,0,good,screw/train/good/301.png,
ee1e9cb57e88cdcd4921698e,pill,fit,0,good,pill/train/good/218.png,
ee2813ecadc27052f1bde6e1,zipper,fit,0,good,zipper/train/good/236.png,
ee3123354032c878a27630ab,metal_nut,fit,0,good,metal_nut/train/good/128.png,
ee3adbcb167868ff2fe735dc,transistor,fit,0,good,transistor/train/good/150.png,
ee415faa492fc7a83306161f,toothbrush,validation_normal,0,good,toothbrush/train/good/010.png,
ee4a7d26b1c986b09e09dd6f,cable,final_test,1,cut_outer_insulation,cable/test/cut_outer_insulation/009.png,cable/ground_truth/cut_outer_insulation/009_mask.png
ee5a266d7dc5b8ee9eec0012,grid,final_test,0,good,grid/test/good/012.png,
ee5c99ec1a2384f267ee58fc,tile,fit,0,good,tile/train/good/053.png,
ee5d997f04b9053380601ffa,cable,fit,0,good,cable/train/good/205.png,
ee70677b6428d581ac0c0cba,metal_nut,calibration_normal,0,good,metal_nut/train/good/103.png,
ee788be6c161ca5816845697,bottle,fit,0,good,bottle/train/good/127.png,
ee7b46ed77ef2670fd578342,hazelnut,fit,0,good,hazelnut/train/good/028.png,
ee89287e84cc955b7c0166bf,hazelnut,fit,0,good,hazelnut/train/good/196.png,
ee8a07f8ffe82af1063d1b0b,leather,final_test,1,fold,leather/test/fold/005.png,leather/ground_truth/fold/005_mask.png
ee8a1c5d5dd6e8dfe76443fd,carpet,fit,0,good,carpet/train/good/245.png,
ee8db49af6a0d137afce6373,hazelnut,fit,0,good,hazelnut/train/good/123.png,
eead7303596eee712db82457,pill,final_test,1,scratch,pill/test/scratch/002.png,pill/ground_truth/scratch/002_mask.png
eeb27229486ccbb879b4a081,wood,fit,0,good,wood/train/good/159.png,
eef1ba0ac55b20a219d1da1a,leather,fit,0,good,leather/train/good/177.png,
eef3ee797bf0d586012664d5,leather,fit,0,good,leather/train/good/006.png,
eef48bd79aee65136c2ad0b5,bottle,fit,0,good,bottle/train/good/037.png,
eefc6d3160563eb83e663dab,zipper,calibration_normal,0,good,zipper/train/good/126.png,
ef03e41ff1ff16c052784638,capsule,fit,0,good,capsule/train/good/042.png,
ef079c9fba1ef6f1c78f672d,toothbrush,selection,1,defective,toothbrush/test/defective/020.png,toothbrush/ground_truth/defective/020_mask.png
ef200fe8f09c0130dd941d19,screw,fit,0,good,screw/train/good/217.png,
ef24f2cb128d4819b7e53365,capsule,fit,0,good,capsule/train/good/160.png,
ef2d9973dc52d6a101c273f9,hazelnut,fit,0,good,hazelnut/train/good/017.png,
ef34b7b9145da19190b9a3b4,metal_nut,fit,0,good,metal_nut/train/good/164.png,
ef3e2ecc1902de0fb6068cf4,wood,validation_normal,0,good,wood/train/good/011.png,
ef4d9589c08cd64d405ad32a,screw,fit,0,good,screw/train/good/293.png,
ef6ae774dbf54f864b574b73,hazelnut,fit,0,good,hazelnut/train/good/071.png,
ef6d616ae1d3fed00f8f2da7,leather,validation_normal,0,good,leather/train/good/231.png,
ef7ce2cef44cf8e91a43d017,hazelnut,fit,0,good,hazelnut/train/good/225.png,
ef7e1f15b84bf02e1f6e8bdb,cable,final_test,0,good,cable/test/good/022.png,
ef8532a065eb14179ee4ba31,bottle,validation_normal,0,good,bottle/train/good/064.png,
ef8ae34a24b128c6aab4d3c9,cable,fit,0,good,cable/train/good/175.png,
ef966b26465ac7a072f409a1,screw,fit,0,good,screw/train/good/135.png,
efa37fc9881a00ff9213f3af,cable,final_test,0,good,cable/test/good/011.png,
efb233117c4432da8098ca12,leather,fit,0,good,leather/train/good/014.png,
efc812f8cb12b6150b11e7ea,screw,validation_normal,0,good,screw/train/good/038.png,
efc8ce794bf5bc23cf2b213c,screw,final_test,1,scratch_neck,screw/test/scratch_neck/021.png,screw/ground_truth/scratch_neck/021_mask.png
efca40eaa5fc37b334807e5c,bottle,validation_normal,0,good,bottle/train/good/090.png,
efd229bed1a597232d2aa7ee,cable,fit,0,good,cable/train/good/077.png,
efe6e2152cd6755fd58ee046,grid,fit,0,good,grid/train/good/243.png,
efe7393b8beb283bc16091c1,hazelnut,final_test,0,good,hazelnut/test/good/013.png,
eff5a8b3e462a1cb7d5ff627,screw,fit,0,good,screw/train/good/086.png,
f024a15344c6b5257b130e9d,leather,calibration_normal,0,good,leather/train/good/172.png,
f02fab01cbb157c43ba59cb4,hazelnut,validation_normal,0,good,hazelnut/train/good/022.png,
f02ffa263e18cb6b32b351d1,bottle,fit,0,good,bottle/train/good/186.png,
f031c14cc8d98f82f9fadecd,cable,fit,0,good,cable/train/good/115.png,
f03535854a479e8a22feda9e,pill,validation_normal,0,good,pill/train/good/116.png,
f0389022a78ac86d6129dac6,grid,final_test,1,bent,grid/test/bent/002.png,grid/ground_truth/bent/002_mask.png
f038a367ac2654f0679a61ff,tile,fit,0,good,tile/train/good/197.png,
f064326861f302c0b28a7884,transistor,final_test,1,misplaced,transistor/test/misplaced/008.png,transistor/ground_truth/misplaced/008_mask.png
f0669a2bd39191ca0ff98ea7,cable,fit,0,good,cable/train/good/183.png,
f06fa4e4750bdd76694b8d6a,capsule,fit,0,good,capsule/train/good/022.png,
f07213d60726dae0e5389d51,grid,fit,0,good,grid/train/good/166.png,
f079296942d29b2932efd970,grid,fit,0,good,grid/train/good/028.png,
f082fd1140a53cb28a6445f8,zipper,final_test,1,broken_teeth,zipper/test/broken_teeth/007.png,zipper/ground_truth/broken_teeth/007_mask.png
f08d2e1c0324fe051bfe1ad4,pill,fit,0,good,pill/train/good/086.png,
f090275ab6171cd8c446fdde,grid,final_test,1,broken,grid/test/broken/005.png,grid/ground_truth/broken/005_mask.png
f098092784125620ebd02684,tile,final_test,0,good,tile/test/good/030.png,
f0a1d34def14e05cbcf74564,carpet,final_test,0,good,carpet/test/good/026.png,
f0b735f2c15ed7270f7716a3,carpet,final_test,1,metal_contamination,carpet/test/metal_contamination/012.png,carpet/ground_truth/metal_contamination/012_mask.png
f0b813f6b69547487b3fd0e6,hazelnut,selection,0,good,hazelnut/test/good/016.png,
f0c401176159144b70b77f8f,pill,fit,0,good,pill/train/good/150.png,
f0d9a44fe9f8998d01537ed4,screw,fit,0,good,screw/train/good/245.png,
f0ded91a671debcdc72a9ac3,leather,fit,0,good,leather/train/good/062.png,
f0fa2227ca71597f995e93f2,grid,fit,0,good,grid/train/good/049.png,
f0fcde39e4829218fe94c029,capsule,fit,0,good,capsule/train/good/015.png,
f1277bf02274e736425786c5,carpet,selection,1,color,carpet/test/color/011.png,carpet/ground_truth/color/011_mask.png
f136b73c3bce9ade1ad38359,cable,fit,0,good,cable/train/good/015.png,
f13814c0afc9ae9dfc32b574,screw,calibration_normal,0,good,screw/train/good/138.png,
f13c6e5db0f27fe03912594c,leather,fit,0,good,leather/train/good/132.png,
f15c88267de9e03da697dbad,cable,fit,0,good,cable/train/good/025.png,
f15cb221f7afa04f3c5cae3c,pill,fit,0,good,pill/train/good/048.png,
f1652cebab8638ae6299ae56,zipper,validation_normal,0,good,zipper/train/good/000.png,
f17774b192dac266c677764b,cable,fit,0,good,cable/train/good/101.png,
f1779ec67f04f09a37d49fb1,screw,calibration_normal,0,good,screw/train/good/175.png,
f1780f65308db5bb387e7f72,grid,fit,0,good,grid/train/good/066.png,
f17ba9056e2c34687fd0bcd5,screw,validation_normal,0,good,screw/train/good/236.png,
f191bf90a6b63dcb48a22be2,screw,validation_normal,0,good,screw/train/good/153.png,
f1a01117b7a6d2d4095e5323,wood,fit,0,good,wood/train/good/086.png,
f1af951633fff924014a3506,wood,fit,0,good,wood/train/good/050.png,
f1b134d14b01ddf5f934d481,carpet,final_test,0,good,carpet/test/good/022.png,
f1b22c3e16b3dcf59bd0f2e8,pill,selection,1,contamination,pill/test/contamination/011.png,pill/ground_truth/contamination/011_mask.png
f1b4c1c9ebb7580b3256d60e,tile,selection,1,oil,tile/test/oil/014.png,tile/ground_truth/oil/014_mask.png
f1d30fb2abf6e3e87af2861a,screw,selection,1,manipulated_front,screw/test/manipulated_front/017.png,screw/ground_truth/manipulated_front/017_mask.png
f1d5163edee51b6d8600bc2a,capsule,fit,0,good,capsule/train/good/023.png,
f1d82323ac5493f74bf188a4,capsule,fit,0,good,capsule/train/good/021.png,
f1e73dabdd99b4c15fdc4813,tile,fit,0,good,tile/train/good/048.png,
f1f9e26e8d41d5e3b3d45674,capsule,calibration_normal,0,good,capsule/train/good/102.png,
f1fb0f26ea0c6f76362e677d,metal_nut,fit,0,good,metal_nut/train/good/185.png,
f1fe053681dbd15440dc14eb,pill,fit,0,good,pill/train/good/180.png,
f2004a4e67fa8a21e9535048,zipper,selection,1,fabric_border,zipper/test/fabric_border/010.png,zipper/ground_truth/fabric_border/010_mask.png
f20d12dc65a234126f900857,capsule,fit,0,good,capsule/train/good/026.png,
f21216320f753131a252506e,metal_nut,fit,0,good,metal_nut/train/good/050.png,
f2134f42640abf9e6d1c1fb0,capsule,fit,0,good,capsule/train/good/070.png,
f21c0f60709f2c9a5cd91358,wood,selection,1,combined,wood/test/combined/004.png,wood/ground_truth/combined/004_mask.png
f21d0a7e5c98763080e9c97d,tile,fit,0,good,tile/train/good/006.png,
f227081197de787601c79c50,bottle,final_test,1,broken_large,bottle/test/broken_large/002.png,bottle/ground_truth/broken_large/002_mask.png
f22fe151bf94b018b68818a1,wood,validation_normal,0,good,wood/train/good/219.png,
f2338698bb9727c163e4aa73,screw,final_test,1,thread_side,screw/test/thread_side/014.png,screw/ground_truth/thread_side/014_mask.png
f236a691a013d45bb6285a83,pill,fit,0,good,pill/train/good/053.png,
f23f50b780c1b931c1374b56,pill,final_test,1,combined,pill/test/combined/005.png,pill/ground_truth/combined/005_mask.png
f24905be994d113dc03f3997,transistor,fit,0,good,transistor/train/good/108.png,
f24c98e50af502b75b83743d,wood,fit,0,good,wood/train/good/049.png,
f28d82bd4a34a0c467153800,hazelnut,fit,0,good,hazelnut/train/good/059.png,
f2a5052deb6dd4b567761533,screw,final_test,1,thread_side,screw/test/thread_side/009.png,screw/ground_truth/thread_side/009_mask.png
f2a9f47b3809d8fb2433a797,metal_nut,final_test,0,good,metal_nut/test/good/021.png,
f2bb796b5f574abe29c8d120,grid,fit,0,good,grid/train/good/200.png,
f2c1eb36442cd4e28dbefa15,zipper,fit,0,good,zipper/train/good/031.png,
f2c2703de8baf233a570eb6a,leather,selection,1,cut,leather/test/cut/000.png,leather/ground_truth/cut/000_mask.png
f2d221c886fbbf6b344c6a12,pill,final_test,0,good,pill/test/good/024.png,
f2d314a79b294a5b78226375,grid,fit,0,good,grid/train/good/168.png,
f2ecbad875aaba4624aa9bc2,wood,final_test,1,combined,wood/test/combined/000.png,wood/ground_truth/combined/000_mask.png
f305ef9025869a0a02a814b6,transistor,selection,1,bent_lead,transistor/test/bent_lead/006.png,transistor/ground_truth/bent_lead/006_mask.png
f30d993819640cf0f042325a,hazelnut,fit,0,good,hazelnut/train/good/233.png,
f30dacda4aa9a451b559aa71,pill,calibration_normal,0,good,pill/train/good/073.png,
f31cba38cce7473463ef1aec,metal_nut,fit,0,good,metal_nut/train/good/139.png,
f3344b662972e275f312b875,leather,fit,0,good,leather/train/good/174.png,
f336bcc2dd2f7155f5798a91,hazelnut,calibration_normal,0,good,hazelnut/train/good/219.png,
f3459fd1ee2cfbcc92b6aacb,metal_nut,final_test,1,flip,metal_nut/test/flip/018.png,metal_nut/ground_truth/flip/018_mask.png
f3512b66f22f80a197493ba2,screw,fit,0,good,screw/train/good/286.png,
f36ff4f73ebe697216eb8d71,bottle,validation_normal,0,good,bottle/train/good/195.png,
f376634adc90f5e689f871d5,leather,fit,0,good,leather/train/good/082.png,
f37c4d0647539b9db0264d4e,grid,fit,0,good,grid/train/good/217.png,
f38b4073b8317c0d1d6f79d7,tile,final_test,0,good,tile/test/good/022.png,
f38fd570193aff3838a2c50a,capsule,final_test,1,crack,capsule/test/crack/022.png,capsule/ground_truth/crack/022_mask.png
f390936135350ff099983f52,cable,fit,0,good,cable/train/good/159.png,
f39406b213d32c2c8009de69,cable,selection,0,good,cable/test/good/052.png,
f3a18054d22969d7f8edf7df,transistor,calibration_normal,0,good,transistor/train/good/061.png,
f3ab5254d5226aabd8a126b5,wood,selection,1,color,wood/test/color/004.png,wood/ground_truth/color/004_mask.png
f3b6e027614b04d1ea03dd94,transistor,selection,0,good,transistor/test/good/001.png,
f3b712e735604584a21f1bfd,leather,calibration_normal,0,good,leather/train/good/183.png,
f4030ec0f908477354aaf5ea,metal_nut,fit,0,good,metal_nut/train/good/195.png,
f41b2236d7e40b27e55b28df,metal_nut,fit,0,good,metal_nut/train/good/040.png,
f41d4d2ed82e126470ce7188,wood,fit,0,good,wood/train/good/090.png,
f42b20cec3abc5837eb4b056,tile,calibration_normal,0,good,tile/train/good/183.png,
f42e9dbe5818f1d1bed9eba6,tile,fit,0,good,tile/train/good/021.png,
f437e6cc09c35ae71f6c8490,bottle,validation_normal,0,good,bottle/train/good/081.png,
f44528518334b8252394c1ba,zipper,final_test,1,fabric_border,zipper/test/fabric_border/013.png,zipper/ground_truth/fabric_border/013_mask.png
f4510598a08a82fd3515ab4a,carpet,fit,0,good,carpet/train/good/207.png,
f45604d9797a694d939e69c8,carpet,fit,0,good,carpet/train/good/222.png,
f4786560f8f64b5ebf237291,metal_nut,final_test,1,bent,metal_nut/test/bent/004.png,metal_nut/ground_truth/bent/004_mask.png
f485c9a96fbd6a206a38b48e,bottle,selection,1,broken_large,bottle/test/broken_large/019.png,bottle/ground_truth/broken_large/019_mask.png
f48e01857da892b5edc4c816,wood,validation_normal,0,good,wood/train/good/222.png,
f4aa5e8f9e37f311c5c45f6c,carpet,fit,0,good,carpet/train/good/025.png,
f4ae0384b4b743fe81d360d4,hazelnut,final_test,0,good,hazelnut/test/good/030.png,
f4b56c3dbcd6311fb5685b21,hazelnut,final_test,0,good,hazelnut/test/good/023.png,
f4c6f30afccce6dc86e400b5,capsule,fit,0,good,capsule/train/good/046.png,
f4cd5c844e18bc96b75be8e5,leather,calibration_normal,0,good,leather/train/good/152.png,
f4e12d85a7df231312ed9e16,metal_nut,fit,0,good,metal_nut/train/good/201.png,
f4e44f40b3efca3634b7079f,zipper,fit,0,good,zipper/train/good/140.png,
f4fc5d4ef590c0523f742cb5,zipper,fit,0,good,zipper/train/good/040.png,
f50117ba89f3e98bd10cd0e4,hazelnut,fit,0,good,hazelnut/train/good/359.png,
f509823f461d11d5930bf0a0,tile,final_test,0,good,tile/test/good/014.png,
f5176a1671c91267ffee7858,capsule,fit,0,good,capsule/train/good/139.png,
f51b06c36add6ed114396a48,carpet,validation_normal,0,good,carpet/train/good/149.png,
f520e3c92ca56dba92536be6,pill,fit,0,good,pill/train/good/211.png,
f53ee6092789e0999e130e78,zipper,fit,0,good,zipper/train/good/147.png,
f54b35b75bddd22089f2f4fc,grid,fit,0,good,grid/train/good/187.png,
f55b4e90908dafddd82101ce,cable,fit,0,good,cable/train/good/181.png,
f56485f902d1742d38e972cc,hazelnut,final_test,0,good,hazelnut/test/good/014.png,
f565d7a8897fad9735f63e66,carpet,calibration_normal,0,good,carpet/train/good/204.png,
f56a03af7a907b4fe762a46a,capsule,fit,0,good,capsule/train/good/079.png,
f56c0172410181d293d30c17,cable,validation_normal,0,good,cable/train/good/169.png,
f5758ada1c75aa2ff09b72ab,tile,calibration_normal,0,good,tile/train/good/206.png,
f582f6e1a2e395b73e7e6bef,screw,fit,0,good,screw/train/good/302.png,
f5906cb4104bb218a6e9eecc,grid,fit,0,good,grid/train/good/170.png,
f591a134a08f6cbba9a90c16,transistor,fit,0,good,transistor/train/good/142.png,
f5b6ae44046dab75c9bf3883,capsule,final_test,1,poke,capsule/test/poke/019.png,capsule/ground_truth/poke/019_mask.png
f5bf8394b7e4c9d6207b1faa,grid,calibration_normal,0,good,grid/train/good/108.png,
f5d3e0176d72a43b17fa0846,transistor,selection,0,good,transistor/test/good/058.png,
f5d78ea8a9b13316024d6b87,hazelnut,validation_normal,0,good,hazelnut/train/good/356.png,
f5d94e88a0393650ff748174,hazelnut,calibration_normal,0,good,hazelnut/train/good/188.png,
f5dfd8d95a9b08042cd81e08,grid,calibration_normal,0,good,grid/train/good/111.png,
f5e3187c6a2c790a111ab3f8,pill,fit,0,good,pill/train/good/200.png,
f5f032ace12ac753dd4df13e,wood,fit,0,good,wood/train/good/168.png,
f600adb12f674ecc85a0a42b,capsule,final_test,1,squeeze,capsule/test/squeeze/017.png,capsule/ground_truth/squeeze/017_mask.png
f60492fab3642b62c427e73c,leather,calibration_normal,0,good,leather/train/good/126.png,
f60b3388651e6922798b3ee6,pill,final_test,1,combined,pill/test/combined/004.png,pill/ground_truth/combined/004_mask.png
f610ea420cfc9f9b0f0786ae,wood,fit,0,good,wood/train/good/021.png,
f622e72759f76af2d89d4434,zipper,final_test,1,fabric_border,zipper/test/fabric_border/012.png,zipper/ground_truth/fabric_border/012_mask.png
f62e08f5e798977f207981c6,carpet,fit,0,good,carpet/train/good/254.png,
f62f25e3443ffab0dc8894fd,pill,final_test,1,scratch,pill/test/scratch/001.png,pill/ground_truth/scratch/001_mask.png
f62f6750edda18108d2ac2f9,bottle,fit,0,good,bottle/train/good/138.png,
f64e1d9a05361a8b255bfd3a,grid,selection,1,bent,grid/test/bent/011.png,grid/ground_truth/bent/011_mask.png
f652a657fb20663dd09b8190,hazelnut,fit,0,good,hazelnut/train/good/302.png,
f657ec777613c6a5d436f946,pill,fit,0,good,pill/train/good/145.png,
f6613d582bdc295f21a9e7c7,toothbrush,fit,0,good,toothbrush/train/good/024.png,
f677c5000c1934e80932c44e,cable,calibration_normal,0,good,cable/train/good/113.png,
f6864cde533f26ae94b6cb60,cable,final_test,1,poke_insulation,cable/test/poke_insulation/009.png,cable/ground_truth/poke_insulation/009_mask.png
f68b376063268c2ababffdca,carpet,fit,0,good,carpet/train/good/198.png,
f69dc16e9ca13c0aa285bd2b,pill,validation_normal,0,good,pill/train/good/018.png,
f6a5eb1eef695053e86a5000,leather,fit,0,good,leather/train/good/201.png,
f6a8ebdd14f642852db97178,zipper,fit,0,good,zipper/train/good/151.png,
f6cdd5038c14f7fa06047059,cable,fit,0,good,cable/train/good/110.png,
f6d32767b2f9ae7844eb550c,grid,validation_normal,0,good,grid/train/good/197.png,
f6e9cee38b0fd8e44a4428ec,leather,final_test,0,good,leather/test/good/013.png,
f6eb0c6e08773158b7447096,wood,calibration_normal,0,good,wood/train/good/162.png,
f6f9d2ad5e4def5c40e32ffa,hazelnut,calibration_normal,0,good,hazelnut/train/good/091.png,
f706ebd8dc0e2e9820cd2b53,tile,fit,0,good,tile/train/good/168.png,
f71cc137d5be41c235ffb620,zipper,fit,0,good,zipper/train/good/201.png,
f72a5f329c4f1bf6df4bb393,tile,final_test,1,gray_stroke,tile/test/gray_stroke/005.png,tile/ground_truth/gray_stroke/005_mask.png
f72e9f7e1110c090fcab86c2,hazelnut,fit,0,good,hazelnut/train/good/311.png,
f73db60d54521f460171926a,capsule,final_test,1,faulty_imprint,capsule/test/faulty_imprint/015.png,capsule/ground_truth/faulty_imprint/015_mask.png
f74ab59a2654bdbdb2040dad,carpet,fit,0,good,carpet/train/good/188.png,
f75f42c99f3aa6e8cb040ee3,hazelnut,validation_normal,0,good,hazelnut/train/good/034.png,
f7603c09191a77e7678e118d,tile,fit,0,good,tile/train/good/119.png,
f760fa8b68c4a01c0bff76f4,tile,validation_normal,0,good,tile/train/good/194.png,
f76e53f4a7d4a6ef169fefd7,screw,fit,0,good,screw/train/good/233.png,
f77cdebc307e07a10efb9a55,cable,validation_normal,0,good,cable/train/good/010.png,
f78010fc00384e3423e180d9,metal_nut,final_test,1,scratch,metal_nut/test/scratch/019.png,metal_nut/ground_truth/scratch/019_mask.png
f79bc2d419b5fdf68396d737,hazelnut,fit,0,good,hazelnut/train/good/324.png,
f7bcbb66aa56af12f2e79689,tile,fit,0,good,tile/train/good/081.png,
f7c88e9558b71734c0a1ec15,hazelnut,calibration_normal,0,good,hazelnut/train/good/135.png,
f7e9444286420bbc9621c846,screw,selection,0,good,screw/test/good/026.png,
f7f951220de7cce2ce6818b3,capsule,fit,0,good,capsule/train/good/124.png,
f7f9b1adc6a3817a31110aa7,toothbrush,final_test,0,good,toothbrush/test/good/011.png,
f80694279aa5b2a07b464d3a,zipper,final_test,0,good,zipper/test/good/026.png,
f80c72949bb100a1336952eb,pill,final_test,1,crack,pill/test/crack/020.png,pill/ground_truth/crack/020_mask.png
f81a92ca6b91da21cece3fad,carpet,final_test,1,hole,carpet/test/hole/000.png,carpet/ground_truth/hole/000_mask.png
f81c1afb856cfcff23aff90c,wood,fit,0,good,wood/train/good/119.png,
f81ca5984ffe327afa4ccf31,zipper,final_test,1,split_teeth,zipper/test/split_teeth/004.png,zipper/ground_truth/split_teeth/004_mask.png
f820ce64c116c33de4577e4f,metal_nut,selection,1,color,metal_nut/test/color/004.png,metal_nut/ground_truth/color/004_mask.png
f82e85c8ba33f13cb84db9d6,grid,fit,0,good,grid/train/good/129.png,
f83967c0320aabaa4b6f8ee5,grid,fit,0,good,grid/train/good/026.png,
f8405d7a5067655ebbb43851,pill,validation_normal,0,good,pill/train/good/022.png,
f84bade480047e1a96490f2d,transistor,calibration_normal,0,good,transistor/train/good/055.png,
f852d4b97d1978a74405c561,metal_nut,selection,1,bent,metal_nut/test/bent/011.png,metal_nut/ground_truth/bent/011_mask.png
f854c3335616b3f7bfb9ef17,zipper,final_test,1,split_teeth,zipper/test/split_teeth/009.png,zipper/ground_truth/split_teeth/009_mask.png
f86390b5c3fa10ae7a2fdf2e,bottle,final_test,1,broken_small,bottle/test/broken_small/015.png,bottle/ground_truth/broken_small/015_mask.png
f864a2da1edd041ad7df7cb6,grid,fit,0,good,grid/train/good/106.png,
f86e0b488ec35b6338198e8d,metal_nut,calibration_normal,0,good,metal_nut/train/good/072.png,
f87073c669a0c9cb0c1929ea,wood,fit,0,good,wood/train/good/135.png,
f8708d0d021fb102f8e5b552,metal_nut,fit,0,good,metal_nut/train/good/066.png,
f87c4dd6750c38c68632f93c,toothbrush,calibration_normal,0,good,toothbrush/train/good/048.png,
f88e53a52656d2a9d6569eb4,carpet,final_test,1,cut,carpet/test/cut/011.png,carpet/ground_truth/cut/011_mask.png
f898845b74164f7aaadcd02a,hazelnut,fit,0,good,hazelnut/train/good/192.png,
f89ecc0b62cd89e2f90ed7b4,carpet,validation_normal,0,good,carpet/train/good/249.png,
f89feedcdd551929e413f410,wood,fit,0,good,wood/train/good/150.png,
f8a1ebb566d1d1525e6ca13e,cable,calibration_normal,0,good,cable/train/good/056.png,
f8b92952c2407fddeada89e5,zipper,final_test,1,fabric_border,zipper/test/fabric_border/001.png,zipper/ground_truth/fabric_border/001_mask.png
f8bff4a143ff3146890af034,zipper,fit,0,good,zipper/train/good/182.png,
f8c59a0d7469e744a8817224,pill,fit,0,good,pill/train/good/008.png,
f8c6cc1e2deeb1ee6aab1f95,capsule,fit,0,good,capsule/train/good/048.png,
f8d4e535661936398f3b8f8a,pill,selection,1,scratch,pill/test/scratch/022.png,pill/ground_truth/scratch/022_mask.png
f8e4243be72e8b603a3162ae,toothbrush,final_test,1,defective,toothbrush/test/defective/001.png,toothbrush/ground_truth/defective/001_mask.png
f8f68996a021e9ebb2412b1b,capsule,fit,0,good,capsule/train/good/142.png,
f8fafe9018c388dda3c619b1,cable,fit,0,good,cable/train/good/009.png,
f900289bd1fb225b11d07943,cable,final_test,0,good,cable/test/good/039.png,
f91ca2936e553235c7b5255e,tile,selection,1,oil,tile/test/oil/006.png,tile/ground_truth/oil/006_mask.png
f91f2160d6c34157ca392eaa,cable,final_test,1,cut_inner_insulation,cable/test/cut_inner_insulation/000.png,cable/ground_truth/cut_inner_insulation/000_mask.png
f922646159fe7d9682520365,bottle,fit,0,good,bottle/train/good/135.png,
f9349fbebd3e2d2196d29cb2,screw,calibration_normal,0,good,screw/train/good/227.png,
f93b808d0081ccdfca998248,pill,fit,0,good,pill/train/good/162.png,
f93d562fe39097ceee628386,carpet,fit,0,good,carpet/train/good/147.png,
f94fa5592f42c5b739bda789,zipper,final_test,1,rough,zipper/test/rough/003.png,zipper/ground_truth/rough/003_mask.png
f9549354657d606fade50128,cable,fit,0,good,cable/train/good/022.png,
f963b6ada98a2498e10fa885,screw,fit,0,good,screw/train/good/193.png,
f97942161f7c2eb387c9156e,transistor,fit,0,good,transistor/train/good/043.png,
f980ec9b76752bc4c48de563,metal_nut,final_test,1,flip,metal_nut/test/flip/013.png,metal_nut/ground_truth/flip/013_mask.png
f981a9f57b01c14638abd6b6,zipper,validation_normal,0,good,zipper/train/good/047.png,
f9adf571866639fa5670caef,hazelnut,selection,1,crack,hazelnut/test/crack/003.png,hazelnut/ground_truth/crack/003_mask.png
f9bb0ec79d76c870571bcd18,screw,selection,1,scratch_neck,screw/test/scratch_neck/001.png,screw/ground_truth/scratch_neck/001_mask.png
f9c00a6a8100c46fc9b485f3,wood,fit,0,good,wood/train/good/196.png,
f9decabe57f97df58d43cbc1,pill,selection,1,combined,pill/test/combined/014.png,pill/ground_truth/combined/014_mask.png
f9f4a0b5784b6fb6ba8eb654,zipper,selection,1,squeezed_teeth,zipper/test/squeezed_teeth/002.png,zipper/ground_truth/squeezed_teeth/002_mask.png
fa04d5a367babf60d80b6f60,wood,final_test,0,good,wood/test/good/008.png,
fa0dc06da2fc4e3f663543a5,bottle,fit,0,good,bottle/train/good/121.png,
fa14a66e99b8dc3fa4348429,screw,fit,0,good,screw/train/good/017.png,
fa5d218951a2712755e08b22,metal_nut,fit,0,good,metal_nut/train/good/002.png,
fa62f68810477397b31bc3e6,hazelnut,fit,0,good,hazelnut/train/good/179.png,
fa6cdf7beead6220549bcda5,zipper,fit,0,good,zipper/train/good/003.png,
fa764b8eb9fe5b8cf267df6f,tile,fit,0,good,tile/train/good/154.png,
fa8853cd63faa85807e275bd,cable,final_test,1,cut_inner_insulation,cable/test/cut_inner_insulation/011.png,cable/ground_truth/cut_inner_insulation/011_mask.png
fa9a132f1e9f30710be363b6,tile,validation_normal,0,good,tile/train/good/114.png,
fac996e6ba97974d6d0a3c2f,screw,fit,0,good,screw/train/good/173.png,
fadd58e969a285ecefbb505c,carpet,calibration_normal,0,good,carpet/train/good/067.png,
fae37fe173936d575ae69056,capsule,fit,0,good,capsule/train/good/043.png,
fb25169e02aa18cf22310c4d,hazelnut,fit,0,good,hazelnut/train/good/204.png,
fb31121cf41dcbb42f23dc50,tile,fit,0,good,tile/train/good/051.png,
fb575b4c36410ca633c1f9c1,hazelnut,fit,0,good,hazelnut/train/good/199.png,
fb6eae377a99c662f162ff58,metal_nut,fit,0,good,metal_nut/train/good/105.png,
fb706ea59e48282867aa01d1,capsule,final_test,1,faulty_imprint,capsule/test/faulty_imprint/002.png,capsule/ground_truth/faulty_imprint/002_mask.png
fb95545e2fbcf753edce261f,carpet,validation_normal,0,good,carpet/train/good/141.png,
fba644b04530ec5c566c43da,bottle,selection,0,good,bottle/test/good/018.png,
fbc0658f507cf7f33e5cf763,transistor,selection,1,misplaced,transistor/test/misplaced/004.png,transistor/ground_truth/misplaced/004_mask.png
fbcc4d06e26d82d3449c0d0d,hazelnut,calibration_normal,0,good,hazelnut/train/good/076.png,
fbdae6a972313722918d36b2,capsule,selection,1,poke,capsule/test/poke/002.png,capsule/ground_truth/poke/002_mask.png
fbe05c2b3b10cdfa28841a33,capsule,final_test,1,scratch,capsule/test/scratch/016.png,capsule/ground_truth/scratch/016_mask.png
fbe9a1ad7c92dc74f775c075,wood,fit,0,good,wood/train/good/087.png,
fbfde7ef804df5f495149198,carpet,fit,0,good,carpet/train/good/172.png,
fc038f03af629b9633850306,grid,final_test,1,thread,grid/test/thread/009.png,grid/ground_truth/thread/009_mask.png
fc069254b530fc541a733528,zipper,validation_normal,0,good,zipper/train/good/059.png,
fc12486a06ce214f0b830f53,bottle,selection,1,broken_large,bottle/test/broken_large/000.png,bottle/ground_truth/broken_large/000_mask.png
fc1eeb8b8b9e695b94195d8e,pill,fit,0,good,pill/train/good/031.png,
fc497296954a1ce15b2f4ed3,carpet,fit,0,good,carpet/train/good/128.png,
fc4a6d3c7632d01039ca3a09,metal_nut,fit,0,good,metal_nut/train/good/200.png,
fc7097bf909968e2b96eb636,screw,final_test,1,thread_side,screw/test/thread_side/013.png,screw/ground_truth/thread_side/013_mask.png
fc7301fcc017e0a70cc7ff75,capsule,fit,0,good,capsule/train/good/054.png,
fc7348482596ef5d4885e09d,hazelnut,fit,0,good,hazelnut/train/good/144.png,
fc9e47cf749bd983d7e59045,pill,final_test,1,crack,pill/test/crack/011.png,pill/ground_truth/crack/011_mask.png
fcaf978085d3a5acfde3bd84,hazelnut,fit,0,good,hazelnut/train/good/380.png,
fcbf5ea9732e742f3920742f,leather,calibration_normal,0,good,leather/train/good/150.png,
fccc85e1bf5c090949f349c2,hazelnut,fit,0,good,hazelnut/train/good/023.png,
fcd51be2a8516261a3bfc442,pill,selection,1,color,pill/test/color/003.png,pill/ground_truth/color/003_mask.png
fcdcf838576db42633240091,capsule,final_test,1,crack,capsule/test/crack/008.png,capsule/ground_truth/crack/008_mask.png
fce0960f2b17c9ec39ec9a81,carpet,final_test,0,good,carpet/test/good/024.png,
fcf9c6b9a554ed5ac83c496b,capsule,selection,0,good,capsule/test/good/004.png,
fd154868a51fbaba82a62766,cable,selection,1,bent_wire,cable/test/bent_wire/007.png,cable/ground_truth/bent_wire/007_mask.png
fd26f5ca5c6e2a18adf68029,hazelnut,fit,0,good,hazelnut/train/good/014.png,
fd2eae1f40f8db2436717fdc,pill,calibration_normal,0,good,pill/train/good/111.png,
fd37c2cba5c0964c0b2ac452,toothbrush,calibration_normal,0,good,toothbrush/train/good/044.png,
fd38dc7401e718b1d3d9069c,carpet,fit,0,good,carpet/train/good/137.png,
fd596241192a30b1a3567cd7,bottle,final_test,1,contamination,bottle/test/contamination/012.png,bottle/ground_truth/contamination/012_mask.png
fd67a5c2dd0568692e4cac50,zipper,fit,0,good,zipper/train/good/123.png,
fd85b1a91ec662f376219499,wood,fit,0,good,wood/train/good/112.png,
fd90b534740f9fc134afa027,cable,selection,0,good,cable/test/good/055.png,
fda67eed03072c30ddfb45cf,grid,calibration_normal,0,good,grid/train/good/163.png,
fdac23c963da5386a6ee4368,capsule,calibration_normal,0,good,capsule/train/good/031.png,
fdb2e5bcc89e3f41260d360a,carpet,validation_normal,0,good,carpet/train/good/052.png,
fdf0f5d0ef2ed09115024f21,zipper,fit,0,good,zipper/train/good/153.png,
fdf1fa6f6d16ea1f1d2364aa,metal_nut,final_test,0,good,metal_nut/test/good/011.png,
fe079a5c33ee7c67b7a18abf,grid,selection,1,broken,grid/test/broken/011.png,grid/ground_truth/broken/011_mask.png
fe07ecf034bbed2d4653e0cc,cable,final_test,0,good,cable/test/good/049.png,
fe07edb204a3c90e5bd6fc59,capsule,final_test,1,faulty_imprint,capsule/test/faulty_imprint/007.png,capsule/ground_truth/faulty_imprint/007_mask.png
fe208bca41ed1ab17cd72008,tile,final_test,0,good,tile/test/good/003.png,
fe2635e5ccda877c0b487823,grid,fit,0,good,grid/train/good/245.png,
fe2756582d5ff4c79e5b7c00,grid,final_test,0,good,grid/test/good/002.png,
fe2945e487aee5c21d3ce246,screw,final_test,0,good,screw/test/good/006.png,
fe3930efc571209f35136f64,tile,selection,1,crack,tile/test/crack/007.png,tile/ground_truth/crack/007_mask.png
fe3a2b213518be9e0855ec26,metal_nut,fit,0,good,metal_nut/train/good/058.png,
fe422ee81328613a5a85edcc,screw,validation_normal,0,good,screw/train/good/249.png,
fe44ff8a4fb27623cd6fab81,screw,validation_normal,0,good,screw/train/good/185.png,
fe472bb0a3daa40d24b79df9,leather,selection,1,cut,leather/test/cut/003.png,leather/ground_truth/cut/003_mask.png
fe62af06d89e42a854a8133c,carpet,calibration_normal,0,good,carpet/train/good/072.png,
fe6b1f99a8384a342b09d22b,wood,fit,0,good,wood/train/good/012.png,
fe6ca573165c564b98079753,transistor,fit,0,good,transistor/train/good/145.png,
fe7684fdc2e402be5e7eb9ef,cable,calibration_normal,0,good,cable/train/good/044.png,
fe7db71fb1b214a7245fbe7c,carpet,fit,0,good,carpet/train/good/248.png,
fe818527fb0a8f5be5c405d5,pill,validation_normal,0,good,pill/train/good/219.png,
fe8aaafecb0c6f4ff29b5140,bottle,fit,0,good,bottle/train/good/045.png,
fe8e731cc4378ba7bcf9fb7f,transistor,calibration_normal,0,good,transistor/train/good/029.png,
fe9618a31eb58908a6f83b2d,hazelnut,validation_normal,0,good,hazelnut/train/good/047.png,
fe9cc55e01a571767a17d607,leather,final_test,1,fold,leather/test/fold/003.png,leather/ground_truth/fold/003_mask.png
fea5d4becb65e3180b1fb34e,metal_nut,validation_normal,0,good,metal_nut/train/good/155.png,
feafe442f08a88692941593e,screw,fit,0,good,screw/train/good/000.png,
feb3119f95381279ca276390,pill,final_test,1,scratch,pill/test/scratch/016.png,pill/ground_truth/scratch/016_mask.png
feb3c63fd70bfcd9e06f1698,zipper,validation_normal,0,good,zipper/train/good/232.png,
feb50f8620af85da829da1eb,carpet,final_test,1,metal_contamination,carpet/test/metal_contamination/009.png,carpet/ground_truth/metal_contamination/009_mask.png
fed5af26bcc78a95a8c912ed,grid,calibration_normal,0,good,grid/train/good/029.png,
fed9f9c5ca73534b33523717,capsule,fit,0,good,capsule/train/good/076.png,
feec800e2e66a1de3e35bf0b,cable,fit,0,good,cable/train/good/107.png,
fef1ed0e4635e7895ee84e44,carpet,selection,0,good,carpet/test/good/020.png,
fef2e8cf5ee924234811a54e,cable,fit,0,good,cable/train/good/102.png,
ff04f1a4a4b28905c6e82b24,capsule,fit,0,good,capsule/train/good/209.png,
ff0fa6467a51071eb595c4e4,hazelnut,fit,0,good,hazelnut/train/good/051.png,
ff12e83cc66a1c310f34425d,capsule,fit,0,good,capsule/train/good/211.png,
ff1d21356456abb804e68376,screw,fit,0,good,screw/train/good/309.png,
ff1df8ce01e232a6fade99e4,screw,final_test,1,scratch_head,screw/test/scratch_head/000.png,screw/ground_truth/scratch_head/000_mask.png
ff213ba9ab6ac6d5a569bfd5,screw,fit,0,good,screw/train/good/076.png,
ff33c5e062e0194d89efcf5c,capsule,validation_normal,0,good,capsule/train/good/078.png,
ff4799b096bc9006d99da5ec,wood,final_test,1,combined,wood/test/combined/008.png,wood/ground_truth/combined/008_mask.png
ff55e25ffd37a70eca30b654,zipper,fit,0,good,zipper/train/good/001.png,
ff59c6a1b3358f6b90480e29,cable,fit,0,good,cable/train/good/091.png,
ff5a5919656a79979e6db8ad,leather,fit,0,good,leather/train/good/027.png,
ff71e4e795a2dac3b78c48d8,carpet,final_test,1,color,carpet/test/color/016.png,carpet/ground_truth/color/016_mask.png
ff7afd6a28fe93a89a7e9ec4,cable,final_test,1,cable_swap,cable/test/cable_swap/010.png,cable/ground_truth/cable_swap/010_mask.png
ff7bcb70e86d7d11576af4c3,capsule,calibration_normal,0,good,capsule/train/good/087.png,
ff7d88bb0b504c29f1c0c282,bottle,fit,0,good,bottle/train/good/058.png,
ff924471e39d4b684986ace3,zipper,fit,0,good,zipper/train/good/035.png,
ffaf8188f3479473878cb3c6,transistor,fit,0,good,transistor/train/good/166.png,
fff18f5a7657ecb79dbdabf4,tile,fit,0,good,tile/train/good/169.png,
fff30fc50550084b422538f9,capsule,fit,0,good,capsule/train/good/189.png,
fff43ea2b720720189fdfd36,tile,fit,0,good,tile/train/good/208.png,
fff8239c0425317faafa4c0e,wood,calibration_normal,0,good,wood/train/good/106.png,
fffdc804e7cc9f3211b710e8,capsule,final_test,1,faulty_imprint,capsule/test/faulty_imprint/013.png,capsule/ground_truth/faulty_imprint/013_mask.png
